prompt,completion
"What is the annual salary for this role to the nearest dollar?

Title: Data Scientist

Description:
Company: Blend360
Schedule: Full-time
Required Skills: ['r', 'python', 'matlab', 'perl', 'java', 'sql', 'nosql', 'mysql', 'mariadb', 'aws', 'azure', 'hadoop', 'spark']

Salary is $",122500.00
"What is the annual salary for this role to the nearest dollar?

Title: Data Analyst

Description:
Company: dentsu international
Schedule: Full-time
Required Skills: ['html', 'javascript', 'sql', 'python', 'excel', 'word']

Salary is $",80850.00
"What is the annual salary for this role to the nearest dollar?

Title: Senior Data Scientist (Remote)

Description:
Company: Harnham
Schedule: Full-time
Required Skills: ['python', 'r', 'sql', 'c']

Salary is $",202500.00
"What is the annual salary for this role to the nearest dollar?

Title: Data Scientist

Description:
Company: Blend360
Schedule: Full-time
Required Skills: ['r', 'python', 'matlab', 'perl', 'java', 'php', 'sql', 'nosql', 'mysql', 'mariadb', 'aws', 'azure', 'hadoop', 'spark']

Salary is $",122500.00
"What is the annual salary for this role to the nearest dollar?

Title: Senior Data Engineer (Remote)

Description:
Company: Salesforce
Schedule: Full-time
Required Skills: ['python', 'aws', 'airflow', 'spark', 'kafka', 'hadoop', 'docker', 'kubernetes', 'chef', 'terraform', 'slack']

Salary is $",186500.00
"What is the annual salary for this role to the nearest dollar?

Title: Data Scientist

Description:
Company: The Home Depot
Schedule: Full-time
Required Skills: ['sql', 'bigquery', 'tableau']

Salary is $",210000.00
"What is the annual salary for this role to the nearest dollar?

Title: Data Scientist

Description:
Company: Snap Inc.
Schedule: Full-time
Required Skills: ['sql', 'python', 'r', 'c', 'express']

Salary is $",265500.00
"What is the annual salary for this role to the nearest dollar?

Title: Senior Data Scientist

Description:
Company: C3.ai
Schedule: Full-time
Required Skills: ['python', 'r', 'javascript', 'java', 'github']

Salary is $",157500.00
"What is the annual salary for this role to the nearest dollar?

Title: Senior Data Scientist

Description:
Company: Red Ventures
Schedule: Full-time
Required Skills: ['go', 'python', 'databricks']

Salary is $",150000.00
"What is the annual salary for this role to the nearest dollar?

Title: Software Engineer

Description:
Company: PubMatic
Schedule: Full-time
Required Skills: ['java', 'snowflake', 'spark', 'hadoop', 'kafka', 'spring', 'airflow', 'jenkins', 'github', 'confluence', 'jira']

Salary is $",79200.00
"What is the annual salary for this role to the nearest dollar?

Title: Data Engineer

Description:
Company: Capital One
Schedule: Full-time
Required Skills: ['python', 'java', 'scala', 'nosql', 'sql', 'mongo', 'shell', 'cassandra', 'aws', 'redshift', 'snowflake', 'pyspark', 'jenkins', 'git']

Salary is $",173500.00
"What is the annual salary for this role to the nearest dollar?

Title: Data Scientist

Description:
Company: Waymo
Schedule: Full-time
Required Skills: ['sql', 'python', 'r']

Salary is $",200000.00
"What is the annual salary for this role to the nearest dollar?

Title: Data Engineer (Remote)

Description:
Company: CodiFi
Schedule: Full-time
Required Skills: ['typescript', 'python', 'dynamodb', 'postgresql', 'aws', 'snowflake', 'node.js']

Salary is $",155000.00
"What is the annual salary for this role to the nearest dollar?

Title: Business Analyst

Description:
Company: Integrity Consulting, NC
Schedule: Full-time
Required Skills: ['python', 'r', 'excel', 'powerpoint', 'word', 'tableau']

Salary is $",105000.00
"What is the annual salary for this role to the nearest dollar?

Title: Data Analyst

Description:
Company: AMIRI
Schedule: Full-time
Required Skills: ['sql', 'python', 'r', 'excel', 'tableau', 'power bi', 'looker']

Salary is $",150000.00
"What is the annual salary for this role to the nearest dollar?

Title: Senior Data Engineer

Description:
Company: Coupang
Schedule: Full-time
Required Skills: ['python', 'sql', 'c', 'aws', 'spark', 'airflow']

Salary is $",170000.00
"What is the annual salary for this role to the nearest dollar?

Title: Data Analyst

Description:
Company: Jobot
Schedule: Full-time
Required Skills: ['excel']

Salary is $",72500.00
"What is the annual salary for this role to the nearest dollar?

Title: Senior Data Engineer

Description:
Company: Capital One
Schedule: Full-time
Required Skills: ['java', 'scala', 'python', 'nosql', 'sql', 'shell', 'postgresql', 'dynamodb', 'redshift', 'snowflake', 'aws', 'aurora', 'kafka', 'spark']

Salary is $",156596.00
"What is the annual salary for this role to the nearest dollar?

Title: Data Scientist

Description:
Company: AVIV Group
Schedule: Full-time
Required Skills: ['python', 'pyspark']

Salary is $",192000.00
"What is the annual salary for this role to the nearest dollar?

Title: Data Engineer

Description:
Company: Kforce Technology Staffing
Schedule: Full-time
Required Skills: ['java', 'sql', 'nosql', 'snowflake', 'spark', 'phoenix', 'power bi']

Salary is $",100000.00
"What is the annual salary for this role to the nearest dollar?

Title: Data Analyst

Description:
Company: Harnham
Schedule: Full-time
Required Skills: ['sql', 'snowflake', 'looker']

Salary is $",97500.00
"What is the annual salary for this role to the nearest dollar?

Title: Data Engineer (Remote)

Description:
Company: RightPro Staffing
Schedule: Full-time
Required Skills: ['sql', 'python', 'aws', 'redshift']

Salary is $",125000.00
"What is the annual salary for this role to the nearest dollar?

Title: Data Scientist

Description:
Company: ADT
Schedule: Full-time
Required Skills: ['python', 'r', 'excel', 'tableau']

Salary is $",129326.00
"What is the annual salary for this role to the nearest dollar?

Title: Data Scientist

Description:
Company: Knowesis
Schedule: Full-time
Required Skills: ['r', 'python', 'sql', 'aws', 'redshift', 'databricks', 'matplotlib', 'pandas', 'excel', 'tableau', 'power bi', 'word', 'outlook', 'powerpoint', 'visio', 'sharepoint']

Salary is $",90000.00
"What is the annual salary for this role to the nearest dollar?

Title: Data Analyst

Description:
Company: EDWARD JONES
Schedule: Full-time
Required Skills: Not specified

Salary is $",144482.00
"What is the annual salary for this role to the nearest dollar?

Title: Data Engineer

Description:
Company: Snap Inc.
Schedule: Full-time
Required Skills: ['sql', 'python', 'java', 'scala', 'c', 'bigquery', 'airflow', 'express', 'git']

Salary is $",234500.00
"What is the annual salary for this role to the nearest dollar?

Title: Data Engineer

Description:
Company: Kasheesh
Schedule: Full-time
Required Skills: ['python']

Salary is $",140000.00
"What is the annual salary for this role to the nearest dollar?

Title: Senior Data Analyst (Remote)

Description:
Company: Gold Coast Health Plan
Schedule: Full-time
Required Skills: ['sql', 'azure', 'word', 'excel', 'power bi']

Salary is $",128625.00
"What is the annual salary for this role to the nearest dollar?

Title: Data Scientist (Remote)

Description:
Company: Glenmont Group Inc.
Schedule: Full-time
Required Skills: ['r', 'python', 'sql', 'azure', 'aws', 'gcp', 'plotly', 'git']

Salary is $",125000.00
"What is the annual salary for this role to the nearest dollar?

Title: Data Engineer

Description:
Company: Ripple
Schedule: Full-time
Required Skills: ['sql', 'python', 'java', 'go', 'gcp', 'aws', 'bigquery', 'hadoop', 'spark', 'kafka', 'node.js', 'kubernetes', 'flow']

Salary is $",175000.00
"What is the annual salary for this role to the nearest dollar?

Title: Data Engineer

Description:
Company: Capgemini
Schedule: Full-time
Required Skills: ['sql', 'snowflake', 'git']

Salary is $",120000.00
"What is the annual salary for this role to the nearest dollar?

Title: Data Analyst

Description:
Company: San Bernardino County
Schedule: Full-time
Required Skills: ['c', 'excel', 'visio']

Salary is $",76939.00
"What is the annual salary for this role to the nearest dollar?

Title: Senior Data Analyst

Description:
Company: Edwards Lifesciences
Schedule: Full-time
Required Skills: ['excel']

Salary is $",121500.00
"What is the annual salary for this role to the nearest dollar?

Title: Data Scientist

Description:
Company: AUTO1 Group
Schedule: Full-time
Required Skills: ['python', 'aws', 'redshift', 'fastapi', 'jenkins', 'terraform']

Salary is $",166942.00
"What is the annual salary for this role to the nearest dollar?

Title: Data Analyst (Remote)

Description:
Company: Get It Recruit - Information Technology
Schedule: Full-time
Required Skills: ['python', 'sql']

Salary is $",77500.00
"What is the annual salary for this role to the nearest dollar?

Title: Senior Data Scientist

Description:
Company: Motional
Schedule: Full-time
Required Skills: Not specified

Salary is $",193500.00
"What is the annual salary for this role to the nearest dollar?

Title: Data Engineer

Description:
Company: Sanofi
Schedule: Full-time
Required Skills: ['sql', 'python', 'azure', 'gcp', 'snowflake', 'aws', 'airflow', 'kafka', 'gdpr', 'terraform', 'ansible', 'github']

Salary is $",125000.00
"What is the annual salary for this role to the nearest dollar?

Title: Data Analyst

Description:
Company: One Federal Solution
Schedule: Full-time
Required Skills: ['word', 'spreadsheet', 'excel']

Salary is $",52500.00
"What is the annual salary for this role to the nearest dollar?

Title: Data Scientist

Description:
Company: University of Minnesota, Twin Cities
Schedule: Full-time
Required Skills: ['python', 'java', 'flow']

Salary is $",92219.00
"What is the annual salary for this role to the nearest dollar?

Title: Data Scientist

Description:
Company: Acadia Technologies, Inc.
Schedule: Full-time
Required Skills: Not specified

Salary is $",70000.00
"What is the annual salary for this role to the nearest dollar?

Title: Senior Data Engineer

Description:
Company: Sun Life
Schedule: Full-time
Required Skills: ['python', 'sql', 'aws', 'pyspark']

Salary is $",115000.00
"What is the annual salary for this role to the nearest dollar?

Title: Data Scientist

Description:
Company: LRE Water
Schedule: Full-time
Required Skills: ['sql', 'html', 'javascript', 'bash', 'r', 'python', 'php', 'postgresql', 'react', 'linux', 'ubuntu', 'github']

Salary is $",100000.00
"What is the annual salary for this role to the nearest dollar?

Title: Data Analyst

Description:
Company: Allegro
Schedule: Full-time
Required Skills: ['sql', 'gcp', 'looker']

Salary is $",75068.00
"What is the annual salary for this role to the nearest dollar?

Title: Data Scientist

Description:
Company: Booz Allen Hamilton
Schedule: Full-time
Required Skills: ['python', 'r', 'java', 'azure', 'keras', 'mxnet', 'pytorch', 'tensorflow', 'tableau', 'splunk', 'docker']

Salary is $",119550.00
"What is the annual salary for this role to the nearest dollar?

Title: Data Engineer

Description:
Company: Definitive Logic
Schedule: Full-time
Required Skills: ['go', 'sql', 'python', 'java', 'databricks', 'spark']

Salary is $",95000.00
"What is the annual salary for this role to the nearest dollar?

Title: Data Scientist

Description:
Company: Mediacom Communications Corporation
Schedule: Full-time
Required Skills: ['python', 'sql', 'tableau', 'power bi']

Salary is $",102500.00
"What is the annual salary for this role to the nearest dollar?

Title: Senior Data Engineer (Remote)

Description:
Company: Storm3
Schedule: Full-time
Required Skills: ['sql', 'python', 'azure', 'databricks']

Salary is $",170000.00
"What is the annual salary for this role to the nearest dollar?

Title: Machine Learning Engineer

Description:
Company: Bosch Group
Schedule: Full-time
Required Skills: ['python', 'spark']

Salary is $",89100.00
"What is the annual salary for this role to the nearest dollar?

Title: Senior Data Analyst

Description:
Company: Prizeout
Schedule: Full-time
Required Skills: ['sql', 'python', 'excel', 'tableau']

Salary is $",130000.00
"What is the annual salary for this role to the nearest dollar?

Title: Data Analyst

Description:
Company: Fathom Management LLC
Schedule: Full-time
Required Skills: ['tableau']

Salary is $",60000.00
"What is the annual salary for this role to the nearest dollar?

Title: Data Engineer

Description:
Company: Motion Recruitment
Schedule: Full-time
Required Skills: ['python', 'sql', 'aws', 'pyspark']

Salary is $",170000.00
"What is the annual salary for this role to the nearest dollar?

Title: Senior Data Engineer

Description:
Company: Jobot
Schedule: Full-time
Required Skills: ['python', 'mysql', 'aws', 'spark', 'jupyter']

Salary is $",155000.00
"What is the annual salary for this role to the nearest dollar?

Title: Senior Data Engineer

Description:
Company: Capital One
Schedule: Full-time
Required Skills: ['python', 'scala', 'java', 'nosql', 'sql', 'mongo', 'shell', 'mysql', 'cassandra', 'aws', 'redshift', 'snowflake', 'azure', 'spark', 'hadoop', 'kafka']

Salary is $",173500.00
"What is the annual salary for this role to the nearest dollar?

Title: Data Scientist

Description:
Company: Bill.com
Schedule: Full-time
Required Skills: ['sql', 'python', 'go', 'power bi']

Salary is $",139500.00
"What is the annual salary for this role to the nearest dollar?

Title: Senior Data Engineer (Remote)

Description:
Company: Motion Recruitment
Schedule: Full-time
Required Skills: ['snowflake']

Salary is $",200000.00
"What is the annual salary for this role to the nearest dollar?

Title: Senior Data Engineer

Description:
Company: Devoteam
Schedule: Full-time
Required Skills: ['python']

Salary is $",147500.00
"What is the annual salary for this role to the nearest dollar?

Title: Data Scientist

Description:
Company: Meta
Schedule: Full-time
Required Skills: Not specified

Salary is $",350000.00
"What is the annual salary for this role to the nearest dollar?

Title: Data Analyst

Description:
Company: Empire State Development
Schedule: Full-time
Required Skills: Not specified

Salary is $",70000.00
"What is the annual salary for this role to the nearest dollar?

Title: Data Engineer

Description:
Company: Southwestern Energy Company
Schedule: Full-time
Required Skills: ['sql', 'sql server', 'oracle', 'spring', 'tableau']

Salary is $",125000.00
"What is the annual salary for this role to the nearest dollar?

Title: Data Scientist (Remote)

Description:
Company: Harnham
Schedule: Full-time
Required Skills: ['go', 'sql', 'python', 'r']

Salary is $",130000.00
"What is the annual salary for this role to the nearest dollar?

Title: Data Scientist

Description:
Company: Morrison & Foerster LLP
Schedule: Full-time
Required Skills: ['python', 'r', 't-sql', 'azure', 'aws', 'tableau', 'power bi']

Salary is $",150000.00
"What is the annual salary for this role to the nearest dollar?

Title: Senior Data Engineer (Remote)

Description:
Company: American Express
Schedule: Full-time
Required Skills: ['mongodb', 'mongodb', 'shell', 'python', 'couchbase', 'cassandra', 'express', 'unix', 'splunk', 'ansible', 'github']

Salary is $",150000.00
"What is the annual salary for this role to the nearest dollar?

Title: Data Engineer

Description:
Company: Citigroup, Inc
Schedule: Full-time
Required Skills: ['nosql', 'shell', 'couchbase', 'aws', 'snowflake', 'hadoop', 'kafka', 'spark', 'unix', 'yarn', 'docker', 'jenkins']

Salary is $",150000.00
"What is the annual salary for this role to the nearest dollar?

Title: Data Scientist (Remote)

Description:
Company: Synapsis
Schedule: Contractor
Required Skills: ['python', 'sql', 'aws', 'tableau']

Salary is $",125000.00
"What is the annual salary for this role to the nearest dollar?

Title: Senior Data Engineer

Description:
Company: The Hartford Financial Services Group, Inc
Schedule: Full-time
Required Skills: ['python', 'aws', 'hadoop', 'spark']

Salary is $",150000.00
"What is the annual salary for this role to the nearest dollar?

Title: Senior Data Engineer (Remote)

Description:
Company: Omnidian
Schedule: Full-time
Required Skills: Not specified

Salary is $",138000.00
"What is the annual salary for this role to the nearest dollar?

Title: Data Engineer

Description:
Company: Karius
Schedule: Full-time
Required Skills: ['nosql', 'python', 'mysql', 'postgresql', 'neo4j', 'aws', 'redshift', 'databricks', 'spark', 'kafka', 'pyspark', 'linux', 'unix', 'tableau', 'looker']

Salary is $",200000.00
"What is the annual salary for this role to the nearest dollar?

Title: Senior Data Analyst

Description:
Company: Cargomatic
Schedule: Full-time
Required Skills: ['sql', 'python', 'r', 'aws', 'azure', 'gcp', 'tableau', 'excel', 'power bi']

Salary is $",112500.00
"What is the annual salary for this role to the nearest dollar?

Title: Business Analyst

Description:
Company: Facebook App
Schedule: Full-time
Required Skills: ['sql', 'python', 'r', 'matlab', 'sas', 'sas', 'matplotlib', 'seaborn', 'scikit-learn', 'tensorflow', 'pytorch', 'tableau', 'spss']

Salary is $",120000.00
"What is the annual salary for this role to the nearest dollar?

Title: Data Engineer

Description:
Company: RBC
Schedule: Full-time
Required Skills: ['sql', 'nosql', 'powershell', 'python', 'sql server', 'elasticsearch', 'react', 'windows', 'power bi', 'dax']

Salary is $",90000.00
"What is the annual salary for this role to the nearest dollar?

Title: Data Analyst

Description:
Company: HII Mission Technologies
Schedule: Full-time
Required Skills: ['sharepoint']

Salary is $",75000.00
"What is the annual salary for this role to the nearest dollar?

Title: Data Engineer

Description:
Company: wehkamp
Schedule: Full-time
Required Skills: ['python', 'sql', 'nosql', 'redis', 'elasticsearch', 'databricks', 'aws', 'bigquery', 'kafka', 'spark', 'pyspark', 'express', 'flow', 'terraform', 'git', 'jira']

Salary is $",98302.00
"What is the annual salary for this role to the nearest dollar?

Title: Senior Data Analyst

Description:
Company: Selby Jennings
Schedule: Full-time
Required Skills: ['sql', 'aws', 'redshift', 'tableau']

Salary is $",120000.00
"What is the annual salary for this role to the nearest dollar?

Title: Data Scientist

Description:
Company: Travelers Insurance
Schedule: Full-time
Required Skills: ['aws']

Salary is $",161500.00
"What is the annual salary for this role to the nearest dollar?

Title: Data Engineer

Description:
Company: Talan
Schedule: Full-time
Required Skills: ['scala', 'mongodb', 'mongodb', 'shell', 'sql', 'sas', 'sas', 'ibm cloud', 'snowflake', 'oracle', 'spark', 'kafka', 'airflow', 'tableau']

Salary is $",97444.00
"What is the annual salary for this role to the nearest dollar?

Title: Data Scientist (Remote)

Description:
Company: Get It Recruit - Information Technology
Schedule: Full-time
Required Skills: ['python', 'jupyter']

Salary is $",135000.00
"What is the annual salary for this role to the nearest dollar?

Title: Data Analyst

Description:
Company: SAIC
Schedule: Full-time
Required Skills: ['aws', 'azure', 'gcp', 'ibm cloud', 'oracle', 'tableau', 'power bi', 'confluence']

Salary is $",90000.00
"What is the annual salary for this role to the nearest dollar?

Title: Data Scientist

Description:
Company: Oscar Health Insurance Co
Schedule: Full-time
Required Skills: ['sql', 'python', 'flow']

Salary is $",137825.00
"What is the annual salary for this role to the nearest dollar?

Title: Data Analyst

Description:
Company: Redondo Beach
Schedule: Full-time
Required Skills: Not specified

Salary is $",73481.00
"What is the annual salary for this role to the nearest dollar?

Title: Data Analyst

Description:
Company: INTEL
Schedule: Full-time
Required Skills: ['sql', 'excel', 'power bi', 'dax', 'tableau']

Salary is $",87120.00
"What is the annual salary for this role to the nearest dollar?

Title: Data Scientist

Description:
Company: digiRocks
Schedule: Full-time
Required Skills: ['python', 'c++', 'pytorch', 'tensorflow', 'keras']

Salary is $",88128.00
"What is the annual salary for this role to the nearest dollar?

Title: Data Engineer

Description:
Company: Wall Street Careers®
Schedule: Full-time
Required Skills: ['snowflake', 'tableau', 'excel']

Salary is $",225000.00
"What is the annual salary for this role to the nearest dollar?

Title: Senior Data Engineer

Description:
Company: Highspot
Schedule: Full-time
Required Skills: ['ruby', 'ruby', 'clojure', 'mongodb', 'mongodb', 'aws', 'spark', 'chef']

Salary is $",90000.00
"What is the annual salary for this role to the nearest dollar?

Title: Data Engineer

Description:
Company: Open Road Media
Schedule: Full-time
Required Skills: ['python', 'sql', 'mysql', 'redshift', 'airflow', 'spark', 'django', 'tableau', 'git', 'docker']

Salary is $",65000.00
"What is the annual salary for this role to the nearest dollar?

Title: Business Analyst

Description:
Company: Spot On Talent
Schedule: Full-time
Required Skills: ['excel']

Salary is $",87500.00
"What is the annual salary for this role to the nearest dollar?

Title: Data Engineer

Description:
Company: Capital One
Schedule: Full-time
Required Skills: ['java', 'scala', 'python', 'nosql', 'sql', 'mongo', 'shell', 'mysql', 'cassandra', 'redshift', 'snowflake', 'aws', 'azure', 'hadoop', 'kafka', 'spark']

Salary is $",208114.00
"What is the annual salary for this role to the nearest dollar?

Title: Senior Data Engineer (Remote)

Description:
Company: BlueSky Technology Solutions
Schedule: Full-time
Required Skills: ['sas', 'sas', 'sql', 'tableau']

Salary is $",115000.00
"What is the annual salary for this role to the nearest dollar?

Title: Senior Data Analyst

Description:
Company: Comcast
Schedule: Full-time
Required Skills: ['go', 'powerpoint', 'excel']

Salary is $",90000.00
"What is the annual salary for this role to the nearest dollar?

Title: Data Analyst

Description:
Company: Capgemini
Schedule: Full-time
Required Skills: ['tableau']

Salary is $",75068.00
"What is the annual salary for this role to the nearest dollar?

Title: Data Engineer

Description:
Company: Baltic Amadeus
Schedule: Full-time
Required Skills: ['sql', 'r', 'python', 'azure']

Salary is $",147500.00
"What is the annual salary for this role to the nearest dollar?

Title: Data Scientist

Description:
Company: Publicis Groupe
Schedule: Full-time
Required Skills: ['r', 'python', 'sql', 'aws', 'azure', 'datarobot']

Salary is $",66250.00
"What is the annual salary for this role to the nearest dollar?

Title: Data Engineer

Description:
Company: Linquest Corporation
Schedule: Full-time
Required Skills: ['sql', 'python']

Salary is $",90000.00
"What is the annual salary for this role to the nearest dollar?

Title: Data Scientist

Description:
Company: HelloFresh
Schedule: Full-time
Required Skills: ['python', 'r', 'sql', 'chef']

Salary is $",90900.00
"What is the annual salary for this role to the nearest dollar?

Title: Data Engineer

Description:
Company: Verisk Analytics
Schedule: Full-time
Required Skills: ['nosql', 'python', 'java', 'c++', 'scala', 'aws', 'redshift', 'hadoop', 'spark', 'kafka', 'flow', 'terraform']

Salary is $",100000.00
"What is the annual salary for this role to the nearest dollar?

Title: Data Engineer

Description:
Company: Techland S.A.
Schedule: Full-time
Required Skills: ['sql', 'bigquery', 'aws', 'spark']

Salary is $",147500.00
"What is the annual salary for this role to the nearest dollar?

Title: Data Analyst

Description:
Company: JP Morgan Chase & Co.
Schedule: Full-time
Required Skills: ['sql', 'python', 'sas', 'sas', 'oracle', 'tableau', 'alteryx']

Salary is $",115000.00
"What is the annual salary for this role to the nearest dollar?

Title: Data Analyst

Description:
Company: JDC (The Joint)
Schedule: Full-time
Required Skills: ['excel', 'powerpoint', 'tableau']

Salary is $",77500.00
"What is the annual salary for this role to the nearest dollar?

Title: Data Analyst

Description:
Company: Cepheid
Schedule: Full-time
Required Skills: ['matlab', 'python']

Salary is $",170000.00
"What is the annual salary for this role to the nearest dollar?

Title: Business Analyst (Remote)

Description:
Company: Multicoin Capital
Schedule: Full-time
Required Skills: Not specified

Salary is $",200000.00
"What is the annual salary for this role to the nearest dollar?

Title: Software Engineer

Description:
Company: iOLAP
Schedule: Full-time
Required Skills: ['tensorflow']

Salary is $",86400.00
"What is the annual salary for this role to the nearest dollar?

Title: Data Scientist

Description:
Company: Drata
Schedule: Full-time
Required Skills: ['sql', 'tableau', 'power bi']

Salary is $",181000.00
"What is the annual salary for this role to the nearest dollar?

Title: Data Scientist

Description:
Company: Intuitive Surgical
Schedule: Full-time
Required Skills: ['python', 'r', 'sql', 'tableau']

Salary is $",115000.00
"What is the annual salary for this role to the nearest dollar?

Title: Senior Data Engineer

Description:
Company: Robert Half Technology
Schedule: Full-time
Required Skills: ['python', 'azure']

Salary is $",150000.00
"What is the annual salary for this role to the nearest dollar?

Title: Data Analyst

Description:
Company: American Express
Schedule: Full-time
Required Skills: ['express', 'excel', 'tableau']

Salary is $",117500.00
"What is the annual salary for this role to the nearest dollar?

Title: Data Analyst

Description:
Company: Verisk
Schedule: Full-time
Required Skills: ['excel']

Salary is $",102500.00
"What is the annual salary for this role to the nearest dollar?

Title: Senior Data Scientist

Description:
Company: Harnham
Schedule: Full-time
Required Skills: ['python', 'sql']

Salary is $",165000.00
"What is the annual salary for this role to the nearest dollar?

Title: Data Scientist

Description:
Company: Northrop Grumman
Schedule: Full-time
Required Skills: ['r']

Salary is $",136250.00
"What is the annual salary for this role to the nearest dollar?

Title: Data Analyst

Description:
Company: Insight Global
Schedule: Full-time
Required Skills: ['r', 'python', 'sql', 'excel']

Salary is $",77500.00
"What is the annual salary for this role to the nearest dollar?

Title: Data Engineer

Description:
Company: Dexcom
Schedule: Full-time
Required Skills: ['sql', 'bash', 'perl', 'shell', 'python', 'scala', 'java', 'cassandra', 'gcp', 'spark', 'kafka', 'kubernetes', 'confluence', 'jira']

Salary is $",155500.00
"What is the annual salary for this role to the nearest dollar?

Title: Data Analyst

Description:
Company: Harry Chapin Food Bank of Southwest Florida
Schedule: Full-time
Required Skills: ['word', 'excel', 'powerpoint', 'outlook']

Salary is $",45000.00
"What is the annual salary for this role to the nearest dollar?

Title: Data Engineer

Description:
Company: ApTask
Schedule: Full-time
Required Skills: ['scala', 'sql', 'python', 'shell', 'azure', 'spark', 'hadoop', 'unix', 'github']

Salary is $",100000.00
"What is the annual salary for this role to the nearest dollar?

Title: Data Engineer

Description:
Company: Restaurant Brands International Inc.
Schedule: Full-time
Required Skills: ['python', 'aws', 'snowflake', 'redshift', 'airflow', 'terraform']

Salary is $",90000.00
"What is the annual salary for this role to the nearest dollar?

Title: Senior Data Engineer

Description:
Company: BP Midstream Partners LP
Schedule: Full-time
Required Skills: ['python', 'go', 'java', 'c++', 'sql', 'nosql', 'scala', 'azure', 'aws', 'pandas', 'seaborn', 'spark']

Salary is $",90000.00
"What is the annual salary for this role to the nearest dollar?

Title: Senior Data Analyst

Description:
Company: PayFit
Schedule: Full-time
Required Skills: ['sql', 'python', 'go', 'looker']

Salary is $",111175.00
"What is the annual salary for this role to the nearest dollar?

Title: Data Scientist

Description:
Company: Agilent Technologies
Schedule: Full-time
Required Skills: ['c++', 'c#', 'java', 'sql', 'nosql', 'gdpr', 'windows', 'linux', 'kubernetes', 'docker', 'terraform']

Salary is $",150000.00
"What is the annual salary for this role to the nearest dollar?

Title: Data Scientist

Description:
Company: CVS Health
Schedule: Full-time
Required Skills: ['go', 'sql', 'python', 'snowflake']

Salary is $",172500.00
"What is the annual salary for this role to the nearest dollar?

Title: Senior Data Engineer

Description:
Company: Adevinta
Schedule: Full-time
Required Skills: ['aws', 'kafka', 'spark', 'zoom']

Salary is $",147500.00
"What is the annual salary for this role to the nearest dollar?

Title: Data Scientist

Description:
Company: Intelletec
Schedule: Full-time
Required Skills: ['python', 'sql', 'nosql', 'mongodb', 'mongodb', 'neo4j', 'mysql', 'cassandra']

Salary is $",155000.00
"What is the annual salary for this role to the nearest dollar?

Title: Senior Data Scientist

Description:
Company: LivePerson
Schedule: Full-time
Required Skills: ['python', 'tensorflow', 'pytorch']

Salary is $",196000.00
"What is the annual salary for this role to the nearest dollar?

Title: Data Scientist

Description:
Company: TikTok
Schedule: Full-time
Required Skills: ['express']

Salary is $",182500.00
"What is the annual salary for this role to the nearest dollar?

Title: Data Analyst

Description:
Company: Wells Fargo
Schedule: Full-time
Required Skills: ['sql', 'nosql', 'excel', 'powerpoint']

Salary is $",150000.00
"What is the annual salary for this role to the nearest dollar?

Title: Data Engineer

Description:
Company: Amazon.com
Schedule: Full-time
Required Skills: ['aws', 'colocation']

Salary is $",72000.00
"What is the annual salary for this role to the nearest dollar?

Title: Data Engineer

Description:
Company: Lakefield Veterinary Group
Schedule: Full-time
Required Skills: ['sql', 'python', 'c#', 'sql server', 'azure', 'power bi', 'dax']

Salary is $",127500.00
"What is the annual salary for this role to the nearest dollar?

Title: Data Analyst

Description:
Company: US Department of Transportation
Schedule: Full-time
Required Skills: ['phoenix']

Salary is $",126802.00
"What is the annual salary for this role to the nearest dollar?

Title: Senior Data Scientist

Description:
Company: Harnham
Schedule: Full-time
Required Skills: ['python', 'sql']

Salary is $",170000.00
"What is the annual salary for this role to the nearest dollar?

Title: Data Analyst

Description:
Company: IQ-EQ
Schedule: Full-time
Required Skills: ['sql', 'snowflake', 'excel', 'tableau', 'power bi']

Salary is $",57500.00
"What is the annual salary for this role to the nearest dollar?

Title: Data Engineer

Description:
Company: Warner Media Group
Schedule: Full-time
Required Skills: ['sql', 'python', 'java', 'scala', 'databricks', 'aws', 'spark', 'git']

Salary is $",115000.00
"What is the annual salary for this role to the nearest dollar?

Title: Data Scientist (Remote)

Description:
Company: Security Public Storage
Schedule: Full-time
Required Skills: ['sql', 'python', 'sql server', 'excel', 'tableau']

Salary is $",130000.00
"What is the annual salary for this role to the nearest dollar?

Title: Data Analyst

Description:
Company: IntePros Consulting
Schedule: Full-time
Required Skills: ['flow']

Salary is $",90000.00
"What is the annual salary for this role to the nearest dollar?

Title: Business Analyst (Remote)

Description:
Company: Get It Recruit - Finance
Schedule: Full-time
Required Skills: ['sql', 'javascript', 'sas', 'sas', 'excel', 'spss']

Salary is $",55000.00
"What is the annual salary for this role to the nearest dollar?

Title: Data Engineer (Remote)

Description:
Company: Apt
Schedule: Full-time
Required Skills: ['sql', 'python', 'scala', 'azure', 'aws', 'gcp', 'pandas']

Salary is $",122500.00
"What is the annual salary for this role to the nearest dollar?

Title: Data Scientist (Remote)

Description:
Company: Harnham
Schedule: Full-time
Required Skills: ['sql', 'python', 'aws', 'excel', 'github']

Salary is $",215000.00
"What is the annual salary for this role to the nearest dollar?

Title: Data Analyst (Remote)

Description:
Company: Plexus Resource Solutions
Schedule: Full-time
Required Skills: ['python', 'mysql', 'aws']

Salary is $",165000.00
"What is the annual salary for this role to the nearest dollar?

Title: Data Engineer

Description:
Company: TECKpert
Schedule: Full-time and Contractor
Required Skills: ['go', 'azure', 'express']

Salary is $",156000.00
"What is the annual salary for this role to the nearest dollar?

Title: Data Scientist

Description:
Company: USEReady
Schedule: Full-time
Required Skills: ['sql', 'python', 'snowflake', 'tableau', 'alteryx', 'power bi', 'sharepoint', 'dax', 'atlassian', 'jira', 'confluence']

Salary is $",160000.00
"What is the annual salary for this role to the nearest dollar?

Title: Senior Data Analyst

Description:
Company: Acunor
Schedule: Full-time
Required Skills: ['sql', 'python', 'bigquery', 'redshift', 'snowflake', 'tableau', 'looker']

Salary is $",120000.00
"What is the annual salary for this role to the nearest dollar?

Title: Data Analyst

Description:
Company: University of Florida
Schedule: Full-time
Required Skills: ['excel', 'word', 'powerpoint', 'cognos', 'tableau', 'power bi']

Salary is $",90000.00
"What is the annual salary for this role to the nearest dollar?

Title: Data Analyst

Description:
Company: CarGurus
Schedule: Full-time
Required Skills: ['sql', 'looker', 'tableau']

Salary is $",111175.00
"What is the annual salary for this role to the nearest dollar?

Title: Data Engineer (Remote)

Description:
Company: Searchability
Schedule: Full-time
Required Skills: Not specified

Salary is $",131000.00
"What is the annual salary for this role to the nearest dollar?

Title: Data Engineer

Description:
Company: American Express
Schedule: Full-time
Required Skills: ['sql', 'powershell', 'bash', 'express']

Salary is $",82000.00
"What is the annual salary for this role to the nearest dollar?

Title: Data Analyst

Description:
Company: Fanatics
Schedule: Full-time
Required Skills: ['sql', 'r', 'python', 'excel', 'tableau', 'looker']

Salary is $",101014.00
"What is the annual salary for this role to the nearest dollar?

Title: Senior Data Scientist

Description:
Company: Harnham
Schedule: Full-time
Required Skills: ['python', 'aws']

Salary is $",212500.00
"What is the annual salary for this role to the nearest dollar?

Title: Data Analyst

Description:
Company: NASK
Schedule: Full-time
Required Skills: ['python', 'aurora']

Salary is $",95000.00
"What is the annual salary for this role to the nearest dollar?

Title: Data Engineer

Description:
Company: Liberty Mutual
Schedule: Full-time
Required Skills: ['python', 'sql', 'aws', 'azure', 'gcp', 'snowflake', 'power bi']

Salary is $",162500.00
"What is the annual salary for this role to the nearest dollar?

Title: Data Analyst

Description:
Company: Exadel
Schedule: Full-time
Required Skills: ['sql', 'python', 'r', 'pandas', 'numpy', 'matplotlib', 'seaborn', 'tableau']

Salary is $",100500.00
"What is the annual salary for this role to the nearest dollar?

Title: Software Engineer

Description:
Company: Capital One
Schedule: Full-time
Required Skills: ['java', 'python', 'sql', 'scala', 'nosql', 'go', 'aws', 'gcp', 'azure', 'node.js', 'docker', 'kubernetes']

Salary is $",173500.00
"What is the annual salary for this role to the nearest dollar?

Title: Data Scientist

Description:
Company: Fusemachines
Schedule: Full-time
Required Skills: ['python', 'r', 'c++', 'sql', 'aws', 'gcp', 'azure', 'pytorch', 'tensorflow', 'hadoop', 'spark', 'kafka']

Salary is $",125000.00
"What is the annual salary for this role to the nearest dollar?

Title: Senior Data Engineer

Description:
Company: Publicis Groupe
Schedule: Full-time
Required Skills: ['azure', 'spark']

Salary is $",147500.00
"What is the annual salary for this role to the nearest dollar?

Title: Data Scientist

Description:
Company: MD Anderson Cancer Center
Schedule: Full-time
Required Skills: ['r', 'python', 'c++']

Salary is $",81500.00
"What is the annual salary for this role to the nearest dollar?

Title: Data Analyst

Description:
Company: Smarsh
Schedule: Full-time
Required Skills: ['aws', 'gcp', 'excel']

Salary is $",175000.00
"What is the annual salary for this role to the nearest dollar?

Title: Data Analyst

Description:
Company: Cognowiz solutions LLC
Schedule: Full-time
Required Skills: ['sql', 'oracle', 'aws', 'tableau']

Salary is $",70000.00
"What is the annual salary for this role to the nearest dollar?

Title: Senior Data Analyst

Description:
Company: Veeva Systems Inc
Schedule: Full-time
Required Skills: ['sql', 'python', 'r', 'excel', 'tableau', 'jira', 'confluence']

Salary is $",90000.00
"What is the annual salary for this role to the nearest dollar?

Title: Data Analyst

Description:
Company: CoventBridge Group
Schedule: Full-time
Required Skills: ['sql', 'sas', 'sas', 'word', 'excel']

Salary is $",67500.00
"What is the annual salary for this role to the nearest dollar?

Title: Senior Data Engineer

Description:
Company: PerunHR
Schedule: Full-time
Required Skills: ['nosql', 'sql', 'aws', 'azure', 'hadoop']

Salary is $",163782.00
"What is the annual salary for this role to the nearest dollar?

Title: Senior Data Scientist (Remote)

Description:
Company: CVS Health
Schedule: Full-time
Required Skills: ['python', 'sql', 'powerpoint', 'outlook', 'excel', 'git']

Salary is $",135000.00
"What is the annual salary for this role to the nearest dollar?

Title: Data Analyst

Description:
Company: Upen Group Inc
Schedule: Full-time
Required Skills: ['sql']

Salary is $",50000.00
"What is the annual salary for this role to the nearest dollar?

Title: Cloud Engineer

Description:
Company: Rev.io
Schedule: Full-time
Required Skills: ['sql', 't-sql', 'azure', 'power bi', 'ssis']

Salary is $",90000.00
"What is the annual salary for this role to the nearest dollar?

Title: Data Scientist (Remote)

Description:
Company: Numero Data
Schedule: Contractor
Required Skills: ['python', 'sql', 'db2', 'sql server', 'oracle', 'power bi', 'tableau']

Salary is $",72500.00
"What is the annual salary for this role to the nearest dollar?

Title: Data Engineer

Description:
Company: worldgate llc
Schedule: Full-time
Required Skills: ['sql', 'nosql', 'java', 'python', 'kafka', 'spark', 'hadoop']

Salary is $",140000.00
"What is the annual salary for this role to the nearest dollar?

Title: Data Analyst

Description:
Company: Adyen
Schedule: Full-time
Required Skills: ['looker', 'tableau']

Salary is $",111175.00
"What is the annual salary for this role to the nearest dollar?

Title: Data Analyst

Description:
Company: Dart Container
Schedule: Full-time
Required Skills: ['sql', 'dart', 'excel', 'powerpoint', 'word', 'power bi', 'tableau']

Salary is $",66444.00
"What is the annual salary for this role to the nearest dollar?

Title: Data Scientist

Description:
Company: GFT Technologies
Schedule: Full-time
Required Skills: ['python', 'scala', 'dynamodb', 'aws', 'databricks', 'spark', 'airflow']

Salary is $",123000.00
"What is the annual salary for this role to the nearest dollar?

Title: Data Scientist

Description:
Company: EPAM Systems
Schedule: Full-time
Required Skills: ['sql', 'sheets']

Salary is $",115000.00
"What is the annual salary for this role to the nearest dollar?

Title: Data Analyst (Remote)

Description:
Company: Pitney Bowes
Schedule: Full-time
Required Skills: ['go', 'excel', 'power bi', 'tableau']

Salary is $",104300.00
"What is the annual salary for this role to the nearest dollar?

Title: Senior Data Analyst

Description:
Company: Citi
Schedule: Full-time
Required Skills: ['python', 'sql', 'oracle', 'graphql', 'tableau', 'qlik']

Salary is $",151950.00
"What is the annual salary for this role to the nearest dollar?

Title: Business Analyst

Description:
Company: PRIME Therapeutics
Schedule: Full-time
Required Skills: ['sas', 'sas', 'r', 'sql', 'sql server', 'cognos', 'qlik', 'tableau']

Salary is $",85240.00
"What is the annual salary for this role to the nearest dollar?

Title: Data Scientist

Description:
Company: ID.me
Schedule: Full-time
Required Skills: ['sql', 'python', 'gcp', 'aws', 'tensorflow', 'pytorch', 'mxnet', 'keras', 'pandas', 'numpy']

Salary is $",90670.00
"What is the annual salary for this role to the nearest dollar?

Title: Data Engineer

Description:
Company: Signify Technology
Schedule: Full-time
Required Skills: ['mongodb', 'mongodb', 'nosql', 'python', 'scala', 'java', 'kotlin', 'postgresql', 'redshift', 'snowflake', 'aws', 'terraform']

Salary is $",175000.00
"What is the annual salary for this role to the nearest dollar?

Title: Data Analyst

Description:
Company: Schumacher Clinical Partners
Schedule: Full-time
Required Skills: ['word', 'excel', 'powerpoint']

Salary is $",90000.00
"What is the annual salary for this role to the nearest dollar?

Title: Data Scientist

Description:
Company: Centers for Disease Control and Prevention
Schedule: Full-time
Required Skills: ['c', 'r']

Salary is $",119608.00
"What is the annual salary for this role to the nearest dollar?

Title: Data Analyst

Description:
Company: Amazon.com
Schedule: Full-time
Required Skills: ['python', 'scala', 'aws', 'redshift', 'hadoop', 'spark', 'flow']

Salary is $",79200.00
"What is the annual salary for this role to the nearest dollar?

Title: Data Analyst

Description:
Company: ING
Schedule: Full-time
Required Skills: ['sql', 'sas', 'sas', 'r', 'excel', 'cognos']

Salary is $",89204.00
"What is the annual salary for this role to the nearest dollar?

Title: Data Scientist

Description:
Company: EPSA
Schedule: Full-time
Required Skills: ['excel']

Salary is $",53014.00
"What is the annual salary for this role to the nearest dollar?

Title: Senior Data Engineer

Description:
Company: Harnham
Schedule: Full-time
Required Skills: ['python', 'scala', 'azure', 'hadoop', 'spark', 'kafka']

Salary is $",170000.00
"What is the annual salary for this role to the nearest dollar?

Title: Data Scientist

Description:
Company: Square
Schedule: Full-time
Required Skills: ['sql', 'python', 'c', 'go', 'snowflake', 'databricks']

Salary is $",150000.00
"What is the annual salary for this role to the nearest dollar?

Title: Data Scientist

Description:
Company: Liberty Mutual Insurance
Schedule: Full-time
Required Skills: ['python']

Salary is $",182000.00
"What is the annual salary for this role to the nearest dollar?

Title: Data Engineer

Description:
Company: Publicis Groupe
Schedule: Full-time
Required Skills: ['sql', 'r', 'python', 'sql server', 'azure', 'flow']

Salary is $",134241.00
"What is the annual salary for this role to the nearest dollar?

Title: Data Scientist

Description:
Company: US Office of the Chief of Staff of the Army
Schedule: Full-time
Required Skills: Not specified

Salary is $",119908.00
"What is the annual salary for this role to the nearest dollar?

Title: Data Analyst

Description:
Company: Walmart
Schedule: Full-time
Required Skills: ['sql', 'scala', 'python', 'nosql', 'cassandra', 'spark', 'pyspark', 'pandas', 'numpy', 'plotly', 'hadoop', 'node', 'tableau', 'power bi', 'looker', 'alteryx', 'excel', 'github']

Salary is $",180000.00
"What is the annual salary for this role to the nearest dollar?

Title: Data Scientist

Description:
Company: Asana
Schedule: Full-time
Required Skills: ['python', 'r', 'scala', 'asana']

Salary is $",375000.00
"What is the annual salary for this role to the nearest dollar?

Title: Senior Data Analyst

Description:
Company: Disney Parks, Experiences and Products
Schedule: Full-time
Required Skills: ['oracle', 'excel', 'microstrategy', 'tableau', 'power bi']

Salary is $",98880.00
"What is the annual salary for this role to the nearest dollar?

Title: Data Engineer

Description:
Company: Kiss Products, Inc.
Schedule: Full-time
Required Skills: ['python', 'sql', 'java', 'scala', 'sql server', 'aws', 'hadoop', 'spark', 'sap']

Salary is $",90000.00
"What is the annual salary for this role to the nearest dollar?

Title: Data Scientist

Description:
Company: Walmart
Schedule: Full-time and Part-time
Required Skills: ['python', 'r', 'scala', 'hadoop', 'spark', 'tensorflow']

Salary is $",195000.00
"What is the annual salary for this role to the nearest dollar?

Title: Data Analyst

Description:
Company: Molina Healthcare
Schedule: Full-time
Required Skills: Not specified

Salary is $",97363.00
"What is the annual salary for this role to the nearest dollar?

Title: Machine Learning Engineer

Description:
Company: Autodesk
Schedule: Full-time
Required Skills: ['aws', 'azure']

Salary is $",190000.00
"What is the annual salary for this role to the nearest dollar?

Title: Data Analyst

Description:
Company: Booz Allen Hamilton
Schedule: Full-time
Required Skills: ['python', 'tableau']

Salary is $",115000.00
"What is the annual salary for this role to the nearest dollar?

Title: Data Analyst

Description:
Company: SDI Presence
Schedule: Full-time
Required Skills: ['c#', 'sql', 'crystal', 'sql server', 'oracle', 'windows', 'sap']

Salary is $",100000.00
"What is the annual salary for this role to the nearest dollar?

Title: Data Engineer (Remote)

Description:
Company: Qventus
Schedule: Full-time
Required Skills: ['java', 'python', 'snowflake', 'aws', 'looker', 'flow', 'terraform', 'ansible']

Salary is $",145000.00
"What is the annual salary for this role to the nearest dollar?

Title: Data Analyst

Description:
Company: Impact
Schedule: Full-time
Required Skills: ['python', 'sql', 'no-sql', 'mysql', 'redis', 'bigquery', 'gcp', 'databricks', 'pyspark', 'kafka', 'looker', 'tableau', 'power bi']

Salary is $",111175.00
"What is the annual salary for this role to the nearest dollar?

Title: Data Analyst

Description:
Company: Oscar
Schedule: Full-time
Required Skills: ['r', 'python', 'sql', 'azure', 'databricks', 'power bi', 'git']

Salary is $",140000.00
"What is the annual salary for this role to the nearest dollar?

Title: Data Analyst

Description:
Company: Federal Aviation Administration
Schedule: Full-time
Required Skills: Not specified

Salary is $",108216.00
"What is the annual salary for this role to the nearest dollar?

Title: Data Analyst (Remote)

Description:
Company: Kindthread
Schedule: Full-time
Required Skills: ['excel']

Salary is $",45000.00
"What is the annual salary for this role to the nearest dollar?

Title: Data Analyst

Description:
Company: Apple
Schedule: Full-time
Required Skills: ['sql', 'r', 'tableau', 'alteryx']

Salary is $",86732.00
"What is the annual salary for this role to the nearest dollar?

Title: Senior Data Engineer

Description:
Company: General Mills
Schedule: Full-time
Required Skills: ['sql', 'bigquery', 'hadoop', 'spark', 'yarn', 'git']

Salary is $",153992.00
"What is the annual salary for this role to the nearest dollar?

Title: Data Analyst

Description:
Company: Nubank
Schedule: Full-time
Required Skills: ['sql', 'scala', 'spark']

Salary is $",147500.00
"What is the annual salary for this role to the nearest dollar?

Title: Data Analyst

Description:
Company: Invenergy
Schedule: Full-time
Required Skills: ['sql', 'excel', 'power bi']

Salary is $",118640.00
"What is the annual salary for this role to the nearest dollar?

Title: Data Analyst

Description:
Company: TikTok
Schedule: Full-time
Required Skills: ['sql', 'tableau']

Salary is $",169311.00
"What is the annual salary for this role to the nearest dollar?

Title: Data Scientist

Description:
Company: Netcentric
Schedule: Full-time
Required Skills: ['javascript', 'html', 'css', 'react', 'jquery', 'node.js', 'angular', 'npm']

Salary is $",147500.00
"What is the annual salary for this role to the nearest dollar?

Title: Data Scientist

Description:
Company: WINGS-ICT-SOLUTIONS
Schedule: Full-time
Required Skills: ['python', 'pytorch', 'tensorflow']

Salary is $",90670.00
"What is the annual salary for this role to the nearest dollar?

Title: Data Engineer

Description:
Company: Deutsche Telekom IT Solutions
Schedule: Full-time
Required Skills: ['python', 'kafka', 'react', 'hadoop', 'gitlab', 'terraform']

Salary is $",97444.00
"What is the annual salary for this role to the nearest dollar?

Title: Senior Data Engineer (Remote)

Description:
Company: Jobot
Schedule: Full-time
Required Skills: ['sql', 'nosql', 'python', 'azure', 'databricks', 'snowflake', 'redshift', 'ssis', 'git', 'jira']

Salary is $",125000.00
"What is the annual salary for this role to the nearest dollar?

Title: Data Engineer

Description:
Company: The Hartford
Schedule: Full-time
Required Skills: ['python', 'aws', 'hadoop', 'spark']

Salary is $",138200.00
"What is the annual salary for this role to the nearest dollar?

Title: Data Scientist

Description:
Company: U.S. Secret Service
Schedule: Full-time
Required Skills: ['c', 'sharepoint']

Salary is $",112015.00
"What is the annual salary for this role to the nearest dollar?

Title: Senior Data Engineer

Description:
Company: IBM
Schedule: Full-time and Part-time
Required Skills: ['powershell', 'python', 'sql', 'nosql', 'java', 'mongodb', 'mongodb', 'db2', 'sql server', 'databricks', 'azure', 'ibm cloud', 'spark', 'hadoop']

Salary is $",145000.00
"What is the annual salary for this role to the nearest dollar?

Title: Data Scientist

Description:
Company: CVS Health
Schedule: Full-time
Required Skills: ['sas', 'sas', 'snowflake', 'hadoop', 'unix', 'excel', 'powerpoint', 'tableau']

Salary is $",172000.00
"What is the annual salary for this role to the nearest dollar?

Title: Data Engineer (Remote)

Description:
Company: Mutual of Omaha
Schedule: Full-time
Required Skills: ['sql']

Salary is $",115000.00
"What is the annual salary for this role to the nearest dollar?

Title: Data Engineer

Description:
Company: Fufill Team Inc.
Schedule: Full-time
Required Skills: ['sql', 'mongo']

Salary is $",120000.00
"What is the annual salary for this role to the nearest dollar?

Title: Data Scientist

Description:
Company: Peraton
Schedule: Full-time
Required Skills: ['python']

Salary is $",115000.00
"What is the annual salary for this role to the nearest dollar?

Title: Data Analyst

Description:
Company: Insight Global
Schedule: Full-time
Required Skills: ['go', 'sql', 'excel', 'tableau', 'sharepoint', 'jira', 'confluence', 'airtable']

Salary is $",90000.00
"What is the annual salary for this role to the nearest dollar?

Title: Data Scientist

Description:
Company: Georgia IT, Inc.
Schedule: Full-time
Required Skills: ['r', 'sas', 'sas', 'matlab', 'python', 'sql', 'scala', 'julia', 'ruby', 'ruby', 'java', 'c#', 'nosql', 'spark', 'hadoop', 'spss']

Salary is $",162624.00
"What is the annual salary for this role to the nearest dollar?

Title: Data Analyst (Remote)

Description:
Company: Insight Global Healthcare
Schedule: Full-time
Required Skills: ['excel', 'powerpoint', 'qlik', 'tableau']

Salary is $",100000.00
"What is the annual salary for this role to the nearest dollar?

Title: Data Engineer

Description:
Company: MRoads
Schedule: Full-time
Required Skills: ['python', 'sql', 'aws', 'azure', 'snowflake']

Salary is $",90000.00
"What is the annual salary for this role to the nearest dollar?

Title: Data Analyst

Description:
Company: Affinity
Schedule: Full-time
Required Skills: ['sql', 'javascript']

Salary is $",150000.00
"What is the annual salary for this role to the nearest dollar?

Title: Data Scientist

Description:
Company: Tempus
Schedule: Full-time
Required Skills: ['r', 'python', 'sql']

Salary is $",157500.00
"What is the annual salary for this role to the nearest dollar?

Title: Data Scientist

Description:
Company: Blue Water Thinking
Schedule: Full-time
Required Skills: ['r', 'sql', 'python', 'sas', 'sas', 'power bi', 'word']

Salary is $",107500.00
"What is the annual salary for this role to the nearest dollar?

Title: Machine Learning Engineer

Description:
Company: Jobot
Schedule: Full-time
Required Skills: ['python', 'r', 'java', 'tensorflow', 'pytorch']

Salary is $",195000.00
"What is the annual salary for this role to the nearest dollar?

Title: Data Scientist (Remote)

Description:
Company: Get It Recruit - Transportation
Schedule: Full-time
Required Skills: ['r', 'sql', 'python', 'scala', 'java', 'c++', 'hadoop', 'tableau']

Salary is $",149000.00
"What is the annual salary for this role to the nearest dollar?

Title: Senior Data Scientist (Remote)

Description:
Company: Get It Recruit - Healthcare
Schedule: Full-time
Required Skills: ['python', 'r', 'sas', 'sas', 'sql']

Salary is $",153286.00
"What is the annual salary for this role to the nearest dollar?

Title: Senior Data Engineer

Description:
Company: Rexford Industrial
Schedule: Full-time
Required Skills: ['powershell', 'sql', 'python', 'azure', 'databricks', 'spark', 'tableau', 'power bi']

Salary is $",140000.00
"What is the annual salary for this role to the nearest dollar?

Title: Senior Data Engineer

Description:
Company: Block
Schedule: Full-time
Required Skills: ['go', 'databricks', 'redshift', 'snowflake', 'aws', 'gdpr', 'airflow', 'looker', 'git']

Salary is $",147500.00
"What is the annual salary for this role to the nearest dollar?

Title: Data Scientist

Description:
Company: Focal Systems
Schedule: Full-time
Required Skills: ['sql', 'python']

Salary is $",90000.00
"What is the annual salary for this role to the nearest dollar?

Title: Data Analyst

Description:
Company: Great American Transport
Schedule: Full-time
Required Skills: ['sap', 'planner']

Salary is $",50000.00
"What is the annual salary for this role to the nearest dollar?

Title: Data Scientist

Description:
Company: Booz Allen Hamilton
Schedule: Full-time
Required Skills: ['python', 'r', 'matlab', 'java', 'aws', 'azure']

Salary is $",115000.00
"What is the annual salary for this role to the nearest dollar?

Title: Senior Data Scientist

Description:
Company: Confidential
Schedule: Full-time
Required Skills: ['python', 'sql', 'nosql', 'r', 'javascript', 'matlab', 'css', 'sql server', 'jquery']

Salary is $",142500.00
"What is the annual salary for this role to the nearest dollar?

Title: Data Scientist

Description:
Company: Plaxonic
Schedule: Full-time
Required Skills: ['sql', 'python']

Salary is $",112500.00
"What is the annual salary for this role to the nearest dollar?

Title: Senior Data Engineer

Description:
Company: Capital One
Schedule: Full-time and Part-time
Required Skills: ['java', 'scala', 'python', 'nosql', 'sql', 'mongo', 'shell', 'mysql', 'cassandra', 'redshift', 'snowflake', 'aws', 'azure', 'hadoop', 'kafka', 'spark']

Salary is $",173500.00
"What is the annual salary for this role to the nearest dollar?

Title: Data Engineer

Description:
Company: Egen Solutions Inc
Schedule: Full-time
Required Skills: ['shell', 'python', 'elasticsearch', 'redis', 'mysql', 'postgresql', 'gcp', 'aws', 'azure', 'kafka', 'linux', 'splunk', 'terraform', 'docker', 'kubernetes', 'jenkins', 'git', 'bitbucket', 'github']

Salary is $",120233.00
"What is the annual salary for this role to the nearest dollar?

Title: Software Engineer

Description:
Company: Salesforce, Inc.
Schedule: Full-time
Required Skills: Not specified

Salary is $",108416.00
"What is the annual salary for this role to the nearest dollar?

Title: Data Analyst

Description:
Company: Exadel
Schedule: Full-time
Required Skills: ['sql', 'sql server', 'oracle', 'outlook']

Salary is $",165000.00
"What is the annual salary for this role to the nearest dollar?

Title: Data Analyst

Description:
Company: Wax Custom Communications
Schedule: Full-time
Required Skills: ['spreadsheet', 'excel']

Salary is $",80000.00
"What is the annual salary for this role to the nearest dollar?

Title: Software Engineer

Description:
Company: Advanced Systems Design
Schedule: Full-time
Required Skills: ['mongo', 'sql', 'javascript', 'sql server', 'react', 'express', 'node', 'angular']

Salary is $",80080.00
"What is the annual salary for this role to the nearest dollar?

Title: Senior Data Scientist (Remote)

Description:
Company: Dun & Bradstreet
Schedule: Full-time
Required Skills: ['python', 'sql', 'pyspark']

Salary is $",203000.00
"What is the annual salary for this role to the nearest dollar?

Title: Senior Data Analyst

Description:
Company: Informa Group Plc.
Schedule: Full-time
Required Skills: ['sql', 'go', 'powerpoint', 'excel', 'word', 'alteryx', 'tableau', 'github', 'smartsheet']

Salary is $",79200.00
"What is the annual salary for this role to the nearest dollar?

Title: Data Analyst

Description:
Company: Centre Area Transportation Authority
Schedule: Full-time
Required Skills: ['sql', 'excel', 'planner']

Salary is $",56772.00
"What is the annual salary for this role to the nearest dollar?

Title: Data Engineer (Remote)

Description:
Company: Trillium Health Resources
Schedule: Full-time
Required Skills: ['sql', 'python', 'go', 'nosql', 'c#', 'sql server', 'mysql', 'azure', 'oracle', 'aws', 'power bi', 'ssrs', 'ssis']

Salary is $",65752.00
"What is the annual salary for this role to the nearest dollar?

Title: Data Scientist

Description:
Company: Sertis
Schedule: Full-time
Required Skills: Not specified

Salary is $",79200.00
"What is the annual salary for this role to the nearest dollar?

Title: Data Engineer

Description:
Company: Milk Moovement
Schedule: Full-time
Required Skills: ['sql', 'python', 'aws', 'snowflake', 'kafka', 'tableau', 'terraform', 'docker', 'kubernetes', 'zoom', 'slack']

Salary is $",96773.00
"What is the annual salary for this role to the nearest dollar?

Title: Data Analyst

Description:
Company: National Basketball Association (NBA)
Schedule: Full-time
Required Skills: ['sql', 'jira']

Salary is $",100000.00
"What is the annual salary for this role to the nearest dollar?

Title: Data Analyst

Description:
Company: Vruksham Talent Group
Schedule: Full-time
Required Skills: ['sql']

Salary is $",52609.00
"What is the annual salary for this role to the nearest dollar?

Title: Data Scientist

Description:
Company: Liberty Personnel Services
Schedule: Full-time
Required Skills: ['sql', 'ssis', 'tableau', 'power bi']

Salary is $",75000.00
"What is the annual salary for this role to the nearest dollar?

Title: Data Engineer (Remote)

Description:
Company: AE Business Solutions
Schedule: Full-time
Required Skills: ['python', 'aws', 'snowflake', 'pyspark']

Salary is $",140000.00
"What is the annual salary for this role to the nearest dollar?

Title: Data Analyst

Description:
Company: TIAA
Schedule: Full-time
Required Skills: Not specified

Salary is $",83789.00
"What is the annual salary for this role to the nearest dollar?

Title: Data Analyst (Remote)

Description:
Company: Kelly Science, Engineering, Technology & Telecom
Schedule: Contractor
Required Skills: ['python', 'sql', 'azure', 'databricks', 'power bi']

Salary is $",170000.00
"What is the annual salary for this role to the nearest dollar?

Title: Data Engineer

Description:
Company: Allen Integrated Solutions
Schedule: Full-time
Required Skills: ['python', 'sql', 'nosql', 'javascript', 'r', 'matlab', 'mongodb', 'mongodb', 'neo4j', 'spark', 'hadoop', 'kafka', 'flask']

Salary is $",147500.00
"What is the annual salary for this role to the nearest dollar?

Title: Business Analyst

Description:
Company: Business & Decision
Schedule: Full-time
Required Skills: ['scala', 'sql', 'python', 'spark', 'hadoop', 'kafka', 'git', 'jenkins', 'ansible', 'docker']

Salary is $",89100.00
"What is the annual salary for this role to the nearest dollar?

Title: Data Scientist

Description:
Company: Bosch Group
Schedule: Full-time
Required Skills: Not specified

Salary is $",56700.00
"What is the annual salary for this role to the nearest dollar?

Title: Senior Data Scientist

Description:
Company: Snap Inc.
Schedule: Full-time
Required Skills: ['sql', 'python', 'r', 'express']

Salary is $",245000.00
"What is the annual salary for this role to the nearest dollar?

Title: Data Scientist

Description:
Company: KAPS Solutions
Schedule: Full-time
Required Skills: ['visual basic', 'r', 'python', 'sas', 'sas', 'matlab', 'sql', 'postgresql', 'oracle', 'spss', 'tableau']

Salary is $",115000.00
"What is the annual salary for this role to the nearest dollar?

Title: Senior Data Analyst

Description:
Company: Razorfish
Schedule: Full-time
Required Skills: ['sql', 'tableau', 'excel']

Salary is $",89000.00
"What is the annual salary for this role to the nearest dollar?

Title: Senior Data Analyst

Description:
Company: Deloitte
Schedule: Full-time
Required Skills: ['go', 'sql', 'word', 'excel']

Salary is $",69300.00
"What is the annual salary for this role to the nearest dollar?

Title: Data Analyst

Description:
Company: Amazon.com
Schedule: Full-time
Required Skills: ['vba', 'sql', 'redshift', 'excel', 'tableau', 'power bi']

Salary is $",57500.00
"What is the annual salary for this role to the nearest dollar?

Title: Data Analyst

Description:
Company: WGN-TV
Schedule: Full-time
Required Skills: ['sql']

Salary is $",150000.00
"What is the annual salary for this role to the nearest dollar?

Title: Data Engineer

Description:
Company: Motion Recruitment
Schedule: Full-time
Required Skills: ['go', 'sql', 'python', 'sql server', 'azure', 'ssrs', 'ssis']

Salary is $",130000.00
"What is the annual salary for this role to the nearest dollar?

Title: Senior Data Engineer

Description:
Company: Clarkston Consulting
Schedule: Full-time
Required Skills: ['sql', 'scala', 'python', 'java', 'c++', 'databricks', 'snowflake', 'azure', 'aws', 'spark', 'airflow', 'kafka']

Salary is $",90000.00
"What is the annual salary for this role to the nearest dollar?

Title: Data Engineer

Description:
Company: Octo Consulting Group
Schedule: Full-time
Required Skills: ['python', 'html', 'javascript', 'kafka', 'centos']

Salary is $",125000.00
"What is the annual salary for this role to the nearest dollar?

Title: Senior Data Scientist (Remote)

Description:
Company: Motional
Schedule: Full-time
Required Skills: Not specified

Salary is $",193500.00
"What is the annual salary for this role to the nearest dollar?

Title: Senior Data Scientist

Description:
Company: Amazon
Schedule: Full-time
Required Skills: ['go', 'sas', 'sas', 'sql', 'python', 'r', 'matlab', 'aws']

Salary is $",187500.00
"What is the annual salary for this role to the nearest dollar?

Title: Senior Data Engineer

Description:
Company: Capital One
Schedule: Full-time
Required Skills: ['python', 'sql', 'nosql', 'shell', 'elasticsearch', 'snowflake', 'aws', 'azure', 'airflow', 'spark', 'docker']

Salary is $",173500.00
"What is the annual salary for this role to the nearest dollar?

Title: Data Scientist

Description:
Company: National Geospatial-Intelligence Agency
Schedule: Full-time
Required Skills: ['r']

Salary is $",108133.00
"What is the annual salary for this role to the nearest dollar?

Title: Data Scientist (Remote)

Description:
Company: Parallel Consulting
Schedule: Full-time
Required Skills: ['python', 'r', 'sql']

Salary is $",150000.00
"What is the annual salary for this role to the nearest dollar?

Title: Data Scientist

Description:
Company: Sureminds Solutions
Schedule: Full-time
Required Skills: ['mysql', 'hadoop', 'spark']

Salary is $",110000.00
"What is the annual salary for this role to the nearest dollar?

Title: Data Engineer

Description:
Company: Nityo Infotech Corporation
Schedule: Full-time
Required Skills: ['spark']

Salary is $",132500.00
"What is the annual salary for this role to the nearest dollar?

Title: Data Scientist

Description:
Company: KEYENCE CORPORATION
Schedule: Full-time
Required Skills: ['sql', 'python', 'r', 'scala', 'html', 'java', 'aws', 'linux', 'tableau']

Salary is $",143304.00
"What is the annual salary for this role to the nearest dollar?

Title: Software Engineer

Description:
Company: Equitable
Schedule: Full-time
Required Skills: ['sql', 'shell', 'mongo', 'db2', 'postgresql', 'azure', 'oracle', 'unix', 'outlook', 'jira', 'workfront']

Salary is $",142430.00
"What is the annual salary for this role to the nearest dollar?

Title: Data Engineer

Description:
Company: Tesla, Inc
Schedule: Full-time
Required Skills: ['sql', 'python', 'bash', 'graphql', 'github', 'git', 'docker', 'jenkins', 'kubernetes']

Salary is $",115000.00
"What is the annual salary for this role to the nearest dollar?

Title: Data Engineer

Description:
Company: Entain
Schedule: Full-time
Required Skills: ['go', 'sql', 'snowflake', 'kafka', 'express']

Salary is $",133500.00
"What is the annual salary for this role to the nearest dollar?

Title: Senior Data Engineer

Description:
Company: Brightspeed
Schedule: Full-time
Required Skills: ['sql', 'gcp']

Salary is $",147500.00
"What is the annual salary for this role to the nearest dollar?

Title: Data Analyst

Description:
Company: Florida Cancer Specialists & Research Institute
Schedule: Full-time
Required Skills: ['sql', 'tableau', 'cognos']

Salary is $",65000.00
"What is the annual salary for this role to the nearest dollar?

Title: Data Scientist

Description:
Company: VISIMO
Schedule: Full-time
Required Skills: ['python', 'numpy', 'pandas', 'scikit-learn', 'nltk', 'matplotlib', 'seaborn']

Salary is $",133500.00
"What is the annual salary for this role to the nearest dollar?

Title: Data Scientist

Description:
Company: Guardian Life
Schedule: Full-time
Required Skills: ['python', 'go', 'pytorch', 'tensorflow', 'spring']

Salary is $",189162.00
"What is the annual salary for this role to the nearest dollar?

Title: Data Scientist (Remote)

Description:
Company: NFT Text Inc.
Schedule: Full-time
Required Skills: ['sql', 'mysql', 'tableau', 'sheets']

Salary is $",110000.00
"What is the annual salary for this role to the nearest dollar?

Title: Data Engineer

Description:
Company: Gridiron IT Solutions
Schedule: Full-time
Required Skills: Not specified

Salary is $",85000.00
"What is the annual salary for this role to the nearest dollar?

Title: Data Scientist

Description:
Company: Liberty Mutual Insurance
Schedule: Full-time
Required Skills: ['python', 'r']

Salary is $",147500.00
"What is the annual salary for this role to the nearest dollar?

Title: Data Engineer

Description:
Company: Liberty Mutual Insurance
Schedule: Full-time
Required Skills: ['aws']

Salary is $",97151.00
"What is the annual salary for this role to the nearest dollar?

Title: Data Engineer

Description:
Company: The Hartford
Schedule: Part-time
Required Skills: ['sql', 'r', 'oracle', 'snowflake', 'aws']

Salary is $",138200.00
"What is the annual salary for this role to the nearest dollar?

Title: Data Engineer (Remote)

Description:
Company: Intelletec
Schedule: Full-time
Required Skills: ['python', 'sql', 'redshift', 'aws']

Salary is $",165000.00
"What is the annual salary for this role to the nearest dollar?

Title: Senior Data Analyst

Description:
Company: Translational Research Center for TBI & Stress Disorders (TRACTS)
Schedule: Full-time
Required Skills: ['r', 'matlab', 'sas', 'sas', 'python', 'sql', 'spss', 'excel']

Salary is $",89396.00
"What is the annual salary for this role to the nearest dollar?

Title: Data Analyst

Description:
Company: Chubb
Schedule: Full-time
Required Skills: ['excel', 'powerpoint', 'word', 'outlook']

Salary is $",115000.00
"What is the annual salary for this role to the nearest dollar?

Title: Data Engineer

Description:
Company: Citi
Schedule: Full-time
Required Skills: ['java', 'python', 'scala', 'nosql', 'cassandra', 'aws', 'kafka', 'hadoop', 'spark', 'flow']

Salary is $",97925.00
"What is the annual salary for this role to the nearest dollar?

Title: Senior Data Analyst

Description:
Company: Payoneer
Schedule: Full-time
Required Skills: ['go', 'excel', 'looker', 'tableau', 'power bi']

Salary is $",115000.00
"What is the annual salary for this role to the nearest dollar?

Title: Data Scientist (Remote)

Description:
Company: Cotiviti - US
Schedule: Full-time
Required Skills: ['python', 'scala', 'tensorflow', 'keras', 'pandas', 'scikit-learn', 'spark', 'jenkins', 'jira']

Salary is $",121500.00
"What is the annual salary for this role to the nearest dollar?

Title: Data Analyst

Description:
Company: NLB Technology Services
Schedule: Full-time
Required Skills: ['sql', 'python', 'r', 'excel', 'tableau', 'power bi']

Salary is $",90000.00
"What is the annual salary for this role to the nearest dollar?

Title: Data Analyst

Description:
Company: Georgia State University
Schedule: Full-time
Required Skills: ['r', 'python', 'power bi']

Salary is $",60000.00
"What is the annual salary for this role to the nearest dollar?

Title: Data Analyst

Description:
Company: PACCAR
Schedule: Full-time
Required Skills: ['python', 'r', 'sql', 'matlab', 'tableau', 'power bi']

Salary is $",89500.00
"What is the annual salary for this role to the nearest dollar?

Title: Data Scientist (Remote)

Description:
Company: US Heathcare Product Company
Schedule: Full-time
Required Skills: ['python', 'sql', 'azure', 'aws', 'jupyter', 'git']

Salary is $",128317.00
"What is the annual salary for this role to the nearest dollar?

Title: Data Analyst

Description:
Company: County of Northampton
Schedule: Full-time
Required Skills: ['word', 'spreadsheet']

Salary is $",32516.00
"What is the annual salary for this role to the nearest dollar?

Title: Data Analyst

Description:
Company: TikTok
Schedule: Full-time
Required Skills: ['sql', 'python', 'r', 'express']

Salary is $",239778.00
"What is the annual salary for this role to the nearest dollar?

Title: Data Analyst

Description:
Company: Glazer's Beer and Beverage of TX, LLC
Schedule: Full-time
Required Skills: ['c', 'word', 'excel', 'outlook']

Salary is $",65000.00
"What is the annual salary for this role to the nearest dollar?

Title: Senior Data Analyst

Description:
Company: Sanford Barrows Group
Schedule: Full-time
Required Skills: Not specified

Salary is $",85000.00
"What is the annual salary for this role to the nearest dollar?

Title: Data Scientist (Remote)

Description:
Company: Accolite Digital
Schedule: Full-time
Required Skills: ['go']

Salary is $",150000.00
"What is the annual salary for this role to the nearest dollar?

Title: Senior Data Analyst

Description:
Company: Deloitte
Schedule: Full-time
Required Skills: ['sql', 'python', 'r']

Salary is $",110275.00
"What is the annual salary for this role to the nearest dollar?

Title: Data Scientist

Description:
Company: TikTok
Schedule: Full-time
Required Skills: ['r', 'python', 'sql']

Salary is $",361000.00
"What is the annual salary for this role to the nearest dollar?

Title: Senior Data Analyst (Remote)

Description:
Company: Vouch
Schedule: Full-time
Required Skills: ['sql', 'python', 'r', 'go', 'tableau', 'looker']

Salary is $",130000.00
"What is the annual salary for this role to the nearest dollar?

Title: Data Analyst

Description:
Company: Trusting Social
Schedule: Full-time
Required Skills: ['c', 'r', 'python', 'sql', 'zoom']

Salary is $",111175.00
"What is the annual salary for this role to the nearest dollar?

Title: Senior Data Engineer

Description:
Company: Capital One
Schedule: Full-time and Part-time
Required Skills: ['scala', 'nosql', 'python', 'sql', 'java', 'mongo', 'shell', 'mysql', 'cassandra', 'aws', 'azure', 'redshift', 'snowflake', 'hadoop', 'spark', 'kafka', 'angular']

Salary is $",173500.00
"What is the annual salary for this role to the nearest dollar?

Title: Data Engineer

Description:
Company: Capital One
Schedule: Full-time
Required Skills: ['java', 'scala', 'python', 'nosql', 'sql', 'mongo', 'shell', 'mysql', 'cassandra', 'aws', 'redshift', 'snowflake', 'azure', 'hadoop', 'kafka', 'spark']

Salary is $",211000.00
"What is the annual salary for this role to the nearest dollar?

Title: Data Engineer

Description:
Company: Metropolis Technologies
Schedule: Full-time
Required Skills: ['python', 'scala', 'sql', 'java', 'snowflake', 'aws', 'redshift', 'databricks', 'azure', 'bigquery', 'airflow', 'tableau']

Salary is $",200000.00
"What is the annual salary for this role to the nearest dollar?

Title: Senior Data Engineer

Description:
Company: Irvine Technology Corporation
Schedule: Full-time
Required Skills: ['python', 'sql', 'nosql', 'aws', 'snowflake', 'redshift', 'alteryx', 'kubernetes']

Salary is $",150000.00
"What is the annual salary for this role to the nearest dollar?

Title: Senior Data Engineer

Description:
Company: Activision
Schedule: Full-time
Required Skills: ['sql', 'html', 'javascript', 'python', 'c#', 'shell', 'powershell', 'r', 'scala', 'mysql', 'couchbase', 'bigquery', 'oracle', 'gcp', 'databricks', 'kafka', 'hadoop', 'looker', 'power bi', 'tableau', 'qlik', 'github']

Salary is $",143877.00
"What is the annual salary for this role to the nearest dollar?

Title: Data Scientist

Description:
Company: Best Buy
Schedule: Full-time
Required Skills: ['python', 'r', 'julia', 'gcp', 'aws']

Salary is $",131750.00
"What is the annual salary for this role to the nearest dollar?

Title: Data Scientist

Description:
Company: Insight Global
Schedule: Full-time
Required Skills: ['sas', 'sas', 'r', 'sql', 'excel', 'powerpoint', 'word']

Salary is $",101014.00
"What is the annual salary for this role to the nearest dollar?

Title: Data Analyst

Description:
Company: Johns Hopkins University
Schedule: Full-time
Required Skills: ['word']

Salary is $",75900.00
"What is the annual salary for this role to the nearest dollar?

Title: Data Engineer (Remote)

Description:
Company: Movable Ink
Schedule: Full-time
Required Skills: ['nosql', 'aws', 'gcp']

Salary is $",245000.00
"What is the annual salary for this role to the nearest dollar?

Title: Data Scientist

Description:
Company: Nielsen
Schedule: Full-time
Required Skills: ['python', 'scala', 'sql', 'spark']

Salary is $",103330.00
"What is the annual salary for this role to the nearest dollar?

Title: Data Analyst

Description:
Company: ЛАНИТ
Schedule: Full-time
Required Skills: ['oracle', 'kafka', 'linux', 'git', 'svn']

Salary is $",400000.00
"What is the annual salary for this role to the nearest dollar?

Title: Data Engineer

Description:
Company: Verisk
Schedule: Full-time
Required Skills: ['sql', 'nosql', 'python', 'bash', 'javascript', 'aws', 'snowflake', 'azure', 'airflow', 'spark', 'pandas', 'linux', 'docker', 'kubernetes', 'jenkins', 'gitlab', 'terraform']

Salary is $",134241.00
"What is the annual salary for this role to the nearest dollar?

Title: Data Engineer

Description:
Company: Sertis
Schedule: Full-time
Required Skills: ['sql', 'python', 'aws', 'azure', 'hadoop', 'spark']

Salary is $",98302.00
"What is the annual salary for this role to the nearest dollar?

Title: Machine Learning Engineer

Description:
Company: GeoComply
Schedule: Full-time
Required Skills: ['python', 'sql', 'databricks', 'mxnet', 'spark']

Salary is $",99150.00
"What is the annual salary for this role to the nearest dollar?

Title: Data Engineer

Description:
Company: Oakridge Staffing
Schedule: Full-time
Required Skills: ['python', 'sql', 'aws', 'redshift', 'spark', 'airflow', 'docker']

Salary is $",112500.00
"What is the annual salary for this role to the nearest dollar?

Title: Data Scientist

Description:
Company: Booz Allen Hamilton
Schedule: Full-time
Required Skills: ['sql', 'azure', 'databricks', 'oracle', 'power bi', 'dax', 'jira', 'confluence']

Salary is $",115000.00
"What is the annual salary for this role to the nearest dollar?

Title: Data Engineer

Description:
Company: Navy Federal Credit Union
Schedule: Full-time
Required Skills: ['python', 'sql', 'java', 'azure', 'databricks', 'spark', 'hadoop', 'word', 'flow', 'jira']

Salary is $",177500.00
"What is the annual salary for this role to the nearest dollar?

Title: Machine Learning Engineer

Description:
Company: Amazon.com
Schedule: Full-time
Required Skills: ['aws']

Salary is $",179000.00
"What is the annual salary for this role to the nearest dollar?

Title: Data Scientist

Description:
Company: Target
Schedule: Full-time
Required Skills: ['java', 'scala', 'python', 'r', 'sql', 'spark']

Salary is $",150000.00
"What is the annual salary for this role to the nearest dollar?

Title: Data Engineer

Description:
Company: firstPRO, Inc
Schedule: Full-time
Required Skills: ['sql', 't-sql', 'mongodb', 'mongodb', 'sql server', 'azure', 'aws', 'power bi', 'tableau', 'alteryx', 'ssis', 'ssrs']

Salary is $",120000.00
"What is the annual salary for this role to the nearest dollar?

Title: Data Engineer

Description:
Company: Stone Alliance Group
Schedule: Full-time
Required Skills: ['python', 'bash', 'r', 'matlab', 'sql', 'nosql', 'php', 'html', 'aws', 'azure', 'gdpr', 'linux', 'unify']

Salary is $",133000.00
"What is the annual salary for this role to the nearest dollar?

Title: Senior Data Analyst

Description:
Company: Phasorsoft LLC
Schedule: Contractor
Required Skills: Not specified

Salary is $",96056.00
"What is the annual salary for this role to the nearest dollar?

Title: Data Analyst

Description:
Company: SmarterTravel
Schedule: Full-time
Required Skills: ['python', 'sql', 'go', 'excel', 'spreadsheet', 'github']

Salary is $",50000.00
"What is the annual salary for this role to the nearest dollar?

Title: Data Scientist

Description:
Company: Leidos
Schedule: Full-time
Required Skills: ['power bi', 'tableau', 'excel', 'sharepoint']

Salary is $",80025.00
"What is the annual salary for this role to the nearest dollar?

Title: Data Analyst

Description:
Company: Hostinger
Schedule: Full-time
Required Skills: Not specified

Salary is $",80850.00
"What is the annual salary for this role to the nearest dollar?

Title: Data Analyst

Description:
Company: TikTok
Schedule: Full-time
Required Skills: ['express']

Salary is $",101822.00
"What is the annual salary for this role to the nearest dollar?

Title: Data Analyst

Description:
Company: Kaizen Gaming
Schedule: Full-time
Required Skills: ['sql', 'python', 'pandas', 'power bi', 'tableau']

Salary is $",102500.00
"What is the annual salary for this role to the nearest dollar?

Title: Senior Data Scientist (Remote)

Description:
Company: Harnham
Schedule: Full-time
Required Skills: ['sql', 'python', 'sas', 'sas', 'watson', 'excel', 'tableau', 'looker']

Salary is $",165000.00
"What is the annual salary for this role to the nearest dollar?

Title: Data Engineer

Description:
Company: Chanel
Schedule: Full-time
Required Skills: ['sql', 'python', 'sql server', 'firebase', 'firebase', 'gcp', 'bigquery', 'ssis']

Salary is $",55700.00
"What is the annual salary for this role to the nearest dollar?

Title: Business Analyst

Description:
Company: Cision
Schedule: Full-time
Required Skills: ['sql', 'power bi', 'tableau']

Salary is $",80850.00
"What is the annual salary for this role to the nearest dollar?

Title: Data Analyst

Description:
Company: Publicis Groupe
Schedule: Full-time
Required Skills: ['excel']

Salary is $",51014.00
"What is the annual salary for this role to the nearest dollar?

Title: Data Scientist

Description:
Company: T. Rowe Price
Schedule: Full-time
Required Skills: ['python']

Salary is $",119000.00
"What is the annual salary for this role to the nearest dollar?

Title: Senior Data Analyst

Description:
Company: Company
Schedule: Full-time
Required Skills: ['python', 'excel', 'tableau']

Salary is $",110000.00
"What is the annual salary for this role to the nearest dollar?

Title: Data Engineer (Remote)

Description:
Company: Grindr
Schedule: Full-time
Required Skills: ['r', 'python', 'java', 'bash', 'sql', 'nosql', 'dynamodb', 'snowflake', 'aws', 'gcp', 'azure', 'pandas', 'airflow', 'spark', 'pyspark', 'kafka', 'express', 'git', 'kubernetes', 'docker']

Salary is $",220000.00
"What is the annual salary for this role to the nearest dollar?

Title: Senior Data Engineer

Description:
Company: Harnham
Schedule: Full-time
Required Skills: ['python', 'aws', 'gcp', 'azure', 'redshift', 'spark', 'hadoop']

Salary is $",150000.00
"What is the annual salary for this role to the nearest dollar?

Title: Software Engineer (Remote)

Description:
Company: UMITRON
Schedule: Full-time
Required Skills: ['typescript', 'go', 'mysql', 'aws', 'react.js', 'docker', 'github', 'notion', 'slack', 'zoom']

Salary is $",75000.00
"What is the annual salary for this role to the nearest dollar?

Title: Business Analyst

Description:
Company: Moladin
Schedule: Full-time
Required Skills: ['sql', 'tableau']

Salary is $",64800.00
"What is the annual salary for this role to the nearest dollar?

Title: Senior Data Engineer

Description:
Company: Publicis Groupe
Schedule: Full-time
Required Skills: ['sql', 'aws', 'spark']

Salary is $",98250.00
"What is the annual salary for this role to the nearest dollar?

Title: Data Scientist

Description:
Company: Toast Inc.
Schedule: Full-time
Required Skills: ['python', 'sql', 'scala', 'go', 'aws', 'spark', 'scikit-learn', 'tensorflow', 'pytorch', 'airflow', 'git']

Salary is $",208000.00
"What is the annual salary for this role to the nearest dollar?

Title: Data Analyst (Remote)

Description:
Company: Get It Recruit - Information Technology
Schedule: Full-time
Required Skills: ['sql', 'python', 'r', 'html', 'sql server', 'aws', 'azure', 'tableau', 'power bi', 'excel']

Salary is $",107500.00
"What is the annual salary for this role to the nearest dollar?

Title: Data Scientist

Description:
Company: TikTok
Schedule: Full-time
Required Skills: ['sql', 'python']

Salary is $",157500.00
"What is the annual salary for this role to the nearest dollar?

Title: Data Engineer

Description:
Company: Federal Reserve Bank of Cleveland
Schedule: Full-time
Required Skills: ['python', 'javascript', 'typescript', 'aws', 'redshift', 'terraform', 'gitlab']

Salary is $",125000.00
"What is the annual salary for this role to the nearest dollar?

Title: Data Engineer

Description:
Company: Bosch Group
Schedule: Full-time
Required Skills: ['java', 'sql', 'azure', 'databricks', 'kafka', 'spark', 'sap', 'power bi', 'tableau']

Salary is $",96773.00
"What is the annual salary for this role to the nearest dollar?

Title: Data Engineer (Remote)

Description:
Company: Compri Consulting
Schedule: Full-time
Required Skills: ['sql', 'mongodb', 'mongodb', 'shell', 'bash', 'mysql', 'azure', 'snowflake', 'spark', 'flow', 'jira']

Salary is $",140000.00
"What is the annual salary for this role to the nearest dollar?

Title: Data Analyst

Description:
Company: Aviva
Schedule: Full-time
Required Skills: ['sql', 'python', 'go']

Salary is $",66169.00
"What is the annual salary for this role to the nearest dollar?

Title: Data Scientist

Description:
Company: Visa
Schedule: Full-time
Required Skills: ['python', 'r', 'sql', 'nosql', 'sql server', 'watson', 'oracle', 'spark', 'tensorflow', 'pytorch', 'hadoop', 'airflow', 'kafka', 'linux', 'windows', 'tableau']

Salary is $",157500.00
"What is the annual salary for this role to the nearest dollar?

Title: Machine Learning Engineer

Description:
Company: Melio
Schedule: Full-time
Required Skills: ['python', 'java', 'scala', 'snowflake', 'bigquery', 'airflow']

Salary is $",166000.00
"What is the annual salary for this role to the nearest dollar?

Title: Data Scientist

Description:
Company: Moladin
Schedule: Full-time
Required Skills: ['sql', 'python']

Salary is $",90670.00
"What is the annual salary for this role to the nearest dollar?

Title: Data Engineer

Description:
Company: Deloitte
Schedule: Full-time
Required Skills: ['java', 'sql', 'nosql', 'sas', 'sas', 'python', 'scala', 'postgresql', 'db2', 'sql server', 'oracle', 'snowflake', 'redshift', 'azure', 'spark', 'hadoop', 'pyspark', 'kafka', 'sap', 'cognos', 'yarn']

Salary is $",90000.00
"What is the annual salary for this role to the nearest dollar?

Title: Data Engineer

Description:
Company: Walmart
Schedule: Full-time
Required Skills: ['sql', 'excel', 'tableau', 'flow']

Salary is $",133000.00
"What is the annual salary for this role to the nearest dollar?

Title: Data Analyst (Remote)

Description:
Company: Makana Technologies
Schedule: Full-time and Contractor
Required Skills: Not specified

Salary is $",50000.00
"What is the annual salary for this role to the nearest dollar?

Title: Data Analyst

Description:
Company: Stripe
Schedule: Full-time
Required Skills: ['sql', 'python', 'hadoop', 'spark']

Salary is $",111175.00
"What is the annual salary for this role to the nearest dollar?

Title: Data Analyst

Description:
Company: CIOX Health
Schedule: Full-time
Required Skills: ['word', 'excel', 'terminal']

Salary is $",60000.00
"What is the annual salary for this role to the nearest dollar?

Title: Data Analyst

Description:
Company: Cover Whale
Schedule: Full-time
Required Skills: ['sql', 'python', 'aws', 'jupyter', 'tableau', 'looker']

Salary is $",125000.00
"What is the annual salary for this role to the nearest dollar?

Title: Data Scientist

Description:
Company: Leidos
Schedule: Full-time
Required Skills: ['sql', 'python', 'r', 'aws', 'tidyverse', 'matplotlib', 'tableau', 'git']

Salary is $",120000.00
"What is the annual salary for this role to the nearest dollar?

Title: Data Scientist

Description:
Company: Spectrum
Schedule: Full-time
Required Skills: ['python', 'r', 'sql', 'elasticsearch', 'spark', 'powerpoint', 'tableau']

Salary is $",109450.00
"What is the annual salary for this role to the nearest dollar?

Title: Senior Data Analyst (Remote)

Description:
Company: Get It Recruit - Information Technology
Schedule: Full-time
Required Skills: ['excel']

Salary is $",78500.00
"What is the annual salary for this role to the nearest dollar?

Title: Data Analyst

Description:
Company: Advanced Hires
Schedule: Full-time
Required Skills: ['r', 'python', 'sql', 'power bi', 'dax']

Salary is $",100000.00
"What is the annual salary for this role to the nearest dollar?

Title: Data Engineer (Remote)

Description:
Company: Fathom Management LLC
Schedule: Full-time
Required Skills: ['sql', 'sql server', 'azure', 'databricks', 'ssis']

Salary is $",130000.00
"What is the annual salary for this role to the nearest dollar?

Title: Data Scientist

Description:
Company: ADP (Automatic Data Processing)
Schedule: Full-time
Required Skills: ['python', 'r', 'scala', 'sql', 'aws', 'redshift', 'hadoop', 'spark', 'tableau', 'excel']

Salary is $",108416.00
"What is the annual salary for this role to the nearest dollar?

Title: Senior Data Analyst

Description:
Company: Piper Companies
Schedule: Full-time
Required Skills: ['sas', 'sas', 'python', 'aws', 'azure', 'spring', 'hadoop', 'pandas', 'jupyter', 'excel', 'flow']

Salary is $",125000.00
"What is the annual salary for this role to the nearest dollar?

Title: Data Scientist

Description:
Company: Noblis
Schedule: Full-time
Required Skills: ['scala', 'python', 'r', 'spark']

Salary is $",115000.00
"What is the annual salary for this role to the nearest dollar?

Title: Data Scientist

Description:
Company: Meta
Schedule: Full-time
Required Skills: ['sql', 'python', 'r']

Salary is $",198500.00
"What is the annual salary for this role to the nearest dollar?

Title: Data Analyst (Remote)

Description:
Company: Get It Recruit - Finance
Schedule: Full-time
Required Skills: ['python', 'r', 'sql']

Salary is $",90000.00
"What is the annual salary for this role to the nearest dollar?

Title: Data Scientist

Description:
Company: CGG
Schedule: Full-time
Required Skills: ['python', 'r', 'git']

Salary is $",70000.00
"What is the annual salary for this role to the nearest dollar?

Title: Data Scientist

Description:
Company: Novartis Pharmaceuticals
Schedule: Full-time
Required Skills: Not specified

Salary is $",150000.00
"What is the annual salary for this role to the nearest dollar?

Title: Data Scientist

Description:
Company: Smith Hanley Associates
Schedule: Full-time
Required Skills: ['python', 'sql', 'azure', 'scikit-learn', 'pyspark']

Salary is $",140000.00
"What is the annual salary for this role to the nearest dollar?

Title: Senior Data Engineer

Description:
Company: Simatree
Schedule: Full-time
Required Skills: ['sql', 'python', 'azure', 'pandas', 'pyspark', 'hadoop', 'spark', 'sharepoint', 'power bi']

Salary is $",115000.00
"What is the annual salary for this role to the nearest dollar?

Title: Data Engineer

Description:
Company: hatch IT
Schedule: Full-time
Required Skills: ['python', 'sql', 'node.js']

Salary is $",100000.00
"What is the annual salary for this role to the nearest dollar?

Title: Data Engineer (Remote)

Description:
Company: Get It Recruit - Information Technology
Schedule: Full-time
Required Skills: ['python', 'sql', 'snowflake', 'azure', 'databricks', 'spark', 'kafka', 'hadoop', 'tableau', 'alteryx']

Salary is $",122500.00
"What is the annual salary for this role to the nearest dollar?

Title: Data Analyst

Description:
Company: PPRO
Schedule: Full-time
Required Skills: ['python', 'nosql', 'gcp', 'bigquery', 'redshift', 'kafka', 'looker', 'tableau', 'terraform']

Salary is $",166420.00
"What is the annual salary for this role to the nearest dollar?

Title: Senior Data Engineer

Description:
Company: DEPT®
Schedule: Full-time
Required Skills: ['python', 'sql', 'redis', 'gcp', 'bigquery', 'redshift', 'snowflake', 'databricks', 'aws', 'azure', 'airflow', 'kafka', 'looker', 'tableau']

Salary is $",155500.00
"What is the annual salary for this role to the nearest dollar?

Title: Data Scientist (Remote)

Description:
Company: EPMintegrators Inc.
Schedule: Full-time
Required Skills: ['sql', 'python', 'r', 'spark', 'tableau']

Salary is $",122500.00
"What is the annual salary for this role to the nearest dollar?

Title: Data Engineer

Description:
Company: Insight Global
Schedule: Full-time
Required Skills: ['python', 'sql', 'oracle', 'aws', 'snowflake']

Salary is $",108416.00
"What is the annual salary for this role to the nearest dollar?

Title: Data Analyst

Description:
Company: ServiceNow
Schedule: Full-time
Required Skills: ['sql', 'python', 'r', 'snowflake', 'tableau']

Salary is $",111175.00
"What is the annual salary for this role to the nearest dollar?

Title: Data Engineer (Remote)

Description:
Company: Tegria
Schedule: Full-time
Required Skills: ['sql', 'powershell', 'azure', 'ssrs', 'git']

Salary is $",144000.00
"What is the annual salary for this role to the nearest dollar?

Title: Senior Data Scientist

Description:
Company: Noblis
Schedule: Full-time
Required Skills: ['python', 'scala', 'r', 'java', 'neo4j', 'aws', 'hadoop', 'spark', 'splunk']

Salary is $",161500.00
"What is the annual salary for this role to the nearest dollar?

Title: Data Engineer

Description:
Company: Databricks
Schedule: Full-time
Required Skills: ['python', 'r', 'java', 'scala', 'cassandra', 'databricks', 'aws', 'azure', 'gcp', 'spark', 'hadoop', 'excel', 'unify']

Salary is $",79200.00
"What is the annual salary for this role to the nearest dollar?

Title: Data Scientist

Description:
Company: Recursion Pharmaceuticals
Schedule: Full-time
Required Skills: ['python', 'bigquery', 'react', 'pytorch', 'kubernetes']

Salary is $",204500.00
"What is the annual salary for this role to the nearest dollar?

Title: Data Engineer (Remote)

Description:
Company: Prescryptive Health, Inc.
Schedule: Full-time
Required Skills: ['python', 'nosql', 'azure', 'spark', 'kafka', 'tensorflow', 'pytorch', 'scikit-learn', 'mxnet', 'jupyter', 'excel', 'splunk', 'kubernetes', 'docker']

Salary is $",157500.00
"What is the annual salary for this role to the nearest dollar?

Title: Data Scientist

Description:
Company: The Clorox Company
Schedule: Full-time
Required Skills: ['sql', 'python', 'c', 'databricks', 'tensorflow', 'pytorch', 'scikit-learn', 'pandas', 'spark', 'power bi', 'tableau']

Salary is $",207500.00
"What is the annual salary for this role to the nearest dollar?

Title: Data Analyst

Description:
Company: Citigroup, Inc
Schedule: Full-time
Required Skills: Not specified

Salary is $",115000.00
"What is the annual salary for this role to the nearest dollar?

Title: Senior Data Scientist (Remote)

Description:
Company: Dotdash Meredith
Schedule: Full-time
Required Skills: Not specified

Salary is $",198000.00
"What is the annual salary for this role to the nearest dollar?

Title: Data Analyst

Description:
Company: NLB Services
Schedule: Full-time
Required Skills: ['sql', 'python', 'redshift', 'snowflake', 'tableau']

Salary is $",85000.00
"What is the annual salary for this role to the nearest dollar?

Title: Data Engineer (Remote)

Description:
Company: NuTechs LLC
Schedule: Full-time
Required Skills: ['sql', 'python', 'sql server', 'dynamodb', 'neo4j', 'aws', 'aurora', 'redshift', 'azure', 'jira']

Salary is $",122500.00
"What is the annual salary for this role to the nearest dollar?

Title: Machine Learning Engineer

Description:
Company: InMobi
Schedule: Full-time
Required Skills: ['azure']

Salary is $",79200.00
"What is the annual salary for this role to the nearest dollar?

Title: Data Engineer (Remote)

Description:
Company: SyrenCloud
Schedule: Contractor
Required Skills: ['sql', 'python', 'azure', 'databricks', 'pyspark']

Salary is $",45000.00
"What is the annual salary for this role to the nearest dollar?

Title: Data Scientist

Description:
Company: Visa
Schedule: Full-time
Required Skills: ['sql', 'python', 'sas', 'sas', 'r', 'excel', 'powerpoint', 'tableau']

Salary is $",157500.00
"What is the annual salary for this role to the nearest dollar?

Title: Data Scientist (Remote)

Description:
Company: Block
Schedule: Full-time
Required Skills: ['sql', 'python', 'r', 'c', 'go', 'tableau', 'looker']

Salary is $",171500.00
"What is the annual salary for this role to the nearest dollar?

Title: Senior Data Engineer

Description:
Company: Capital One
Schedule: Full-time and Part-time
Required Skills: ['scala', 'nosql', 'python', 'sql', 'java', 'mongo', 'shell', 'mysql', 'cassandra', 'aws', 'azure', 'redshift', 'snowflake', 'hadoop', 'spark', 'kafka', 'angular']

Salary is $",173500.00
"What is the annual salary for this role to the nearest dollar?

Title: Data Scientist

Description:
Company: Harnham
Schedule: Full-time
Required Skills: ['python', 'sql', 'tensorflow', 'pytorch']

Salary is $",212500.00
"What is the annual salary for this role to the nearest dollar?

Title: Data Scientist

Description:
Company: Halliburton
Schedule: Full-time
Required Skills: ['python', 'sql', 'power bi']

Salary is $",107800.00
"What is the annual salary for this role to the nearest dollar?

Title: Data Engineer (Remote)

Description:
Company: Dfuse Technologies, Inc.
Schedule: Full-time
Required Skills: ['python', 'java', 'scala', 'sql', 'aws']

Salary is $",110000.00
"What is the annual salary for this role to the nearest dollar?

Title: Data Engineer

Description:
Company: LTI - Larsen & Toubro Infotech
Schedule: Full-time
Required Skills: ['sql', 'snowflake', 'aws', 'tableau']

Salary is $",125000.00
"What is the annual salary for this role to the nearest dollar?

Title: Data Analyst

Description:
Company: Robert Half
Schedule: Contractor
Required Skills: ['crystal', 'sql', 'sql server', 'tableau', 'excel']

Salary is $",65000.00
"What is the annual salary for this role to the nearest dollar?

Title: Data Scientist

Description:
Company: Clark Davis Associates
Schedule: Full-time
Required Skills: ['python']

Salary is $",82500.00
"What is the annual salary for this role to the nearest dollar?

Title: Data Engineer (Remote)

Description:
Company: SSI People
Schedule: Contractor
Required Skills: ['python', 'sql']

Salary is $",45000.00
"What is the annual salary for this role to the nearest dollar?

Title: Data Engineer

Description:
Company: Chamberlain Group
Schedule: Full-time
Required Skills: ['qlik', 'power bi']

Salary is $",150000.00
"What is the annual salary for this role to the nearest dollar?

Title: Data Scientist

Description:
Company: Lincoln Financial
Schedule: Full-time
Required Skills: ['sql', 'r', 'python', 'express']

Salary is $",143400.00
"What is the annual salary for this role to the nearest dollar?

Title: Senior Data Engineer

Description:
Company: TheIncLab
Schedule: Full-time
Required Skills: ['python', 'c++', 'java', 'scala', 'elasticsearch', 'databricks', 'aws', 'azure', 'spark', 'express', 'tableau', 'flow', 'git', 'jenkins']

Salary is $",163782.00
"What is the annual salary for this role to the nearest dollar?

Title: Senior Data Engineer

Description:
Company: Capgemini
Schedule: Full-time
Required Skills: ['python', 'aws', 'azure', 'pandas', 'keras', 'pytorch', 'tensorflow']

Salary is $",176500.00
"What is the annual salary for this role to the nearest dollar?

Title: Data Analyst

Description:
Company: Alter Solutions
Schedule: Full-time
Required Skills: Not specified

Salary is $",119460.00
"What is the annual salary for this role to the nearest dollar?

Title: Data Engineer

Description:
Company: Inworld AI
Schedule: Full-time
Required Skills: ['python', 'java', 'sql', 'nosql', 'gcp', 'azure', 'aws', 'spark']

Salary is $",147500.00
"What is the annual salary for this role to the nearest dollar?

Title: Data Analyst

Description:
Company: Company Confidential
Schedule: Full-time
Required Skills: Not specified

Salary is $",85000.00
"What is the annual salary for this role to the nearest dollar?

Title: Data Scientist (Remote)

Description:
Company: Pearson
Schedule: Full-time
Required Skills: ['python', 'tensorflow', 'pandas', 'pytorch', 'scikit-learn']

Salary is $",135000.00
"What is the annual salary for this role to the nearest dollar?

Title: Data Engineer (Remote)

Description:
Company: Global Job Services - Game Job Remote
Schedule: Full-time
Required Skills: ['sql', 'aws', 'databricks', 'spark', 'kafka']

Salary is $",36000.00
"What is the annual salary for this role to the nearest dollar?

Title: Data Engineer (Remote)

Description:
Company: Dfuse Technologies, Inc.
Schedule: Full-time
Required Skills: ['python', 'java', 'scala', 'sql', 'aws']

Salary is $",110000.00
"What is the annual salary for this role to the nearest dollar?

Title: Data Scientist

Description:
Company: Demandbase
Schedule: Full-time
Required Skills: Not specified

Salary is $",351500.00
"What is the annual salary for this role to the nearest dollar?

Title: Data Scientist

Description:
Company: TikTok
Schedule: Full-time
Required Skills: ['python', 'ruby', 'ruby', 'java', 'powershell', 'r', 'matlab', 'sql', 'jupyter', 'spark', 'phoenix', 'excel', 'terminal']

Salary is $",161956.00
"What is the annual salary for this role to the nearest dollar?

Title: Data Scientist

Description:
Company: Bosch Group
Schedule: Full-time
Required Skills: ['sap', 'excel']

Salary is $",63000.00
"What is the annual salary for this role to the nearest dollar?

Title: Senior Data Analyst

Description:
Company: Nayya
Schedule: Full-time
Required Skills: ['r', 'sql', 'python', 'tableau', 'looker', 'power bi']

Salary is $",167500.00
"What is the annual salary for this role to the nearest dollar?

Title: Data Scientist

Description:
Company: Commander, Navy Installations
Schedule: Full-time
Required Skills: ['r', 'python', 'julia', 'sas', 'sas', 'tableau', 'excel']

Salary is $",78592.00
"What is the annual salary for this role to the nearest dollar?

Title: Data Engineer (Remote)

Description:
Company: Nutrisense
Schedule: Full-time
Required Skills: ['sql', 'go', 'python', 'javascript', 'c++', 'gcp']

Salary is $",82500.00
"What is the annual salary for this role to the nearest dollar?

Title: Data Scientist

Description:
Company: Inlumi
Schedule: Full-time
Required Skills: ['python', 'r', 'julia', 'tableau', 'power bi']

Salary is $",90670.00
"What is the annual salary for this role to the nearest dollar?

Title: Data Scientist

Description:
Company: KBR
Schedule: Full-time
Required Skills: ['python', 'c++', 'matlab', 'sql', 'nosql', 'java', 'c', 'kafka', 'spark', 'linux']

Salary is $",101550.00
"What is the annual salary for this role to the nearest dollar?

Title: Data Scientist

Description:
Company: Insight Global
Schedule: Full-time
Required Skills: ['python', 'scala', 'r', 'spark', 'tensorflow']

Salary is $",115000.00
"What is the annual salary for this role to the nearest dollar?

Title: Data Analyst

Description:
Company: Constellation Brands
Schedule: Full-time
Required Skills: ['excel', 'powerpoint', 'tableau', 'power bi']

Salary is $",95900.00
"What is the annual salary for this role to the nearest dollar?

Title: Senior Data Scientist

Description:
Company: Harnham
Schedule: Full-time
Required Skills: ['python', 'r']

Salary is $",175000.00
"What is the annual salary for this role to the nearest dollar?

Title: Data Analyst

Description:
Company: Holland Homes, LLC
Schedule: Full-time
Required Skills: ['power bi']

Salary is $",62500.00
"What is the annual salary for this role to the nearest dollar?

Title: Senior Data Analyst

Description:
Company: Aflac
Schedule: Full-time
Required Skills: ['sql', 'javascript', 'sas', 'sas', 'excel', 'spss']

Salary is $",115000.00
"What is the annual salary for this role to the nearest dollar?

Title: Data Analyst

Description:
Company: Syngenta Group
Schedule: Full-time
Required Skills: ['tableau']

Salary is $",105000.00
"What is the annual salary for this role to the nearest dollar?

Title: Senior Data Scientist

Description:
Company: Patterned Learning AI
Schedule: Full-time
Required Skills: ['python', 'docker']

Salary is $",185000.00
"What is the annual salary for this role to the nearest dollar?

Title: Data Analyst

Description:
Company: Trinity Intl.
Schedule: Full-time
Required Skills: ['go']

Salary is $",63211.00
"What is the annual salary for this role to the nearest dollar?

Title: Data Analyst

Description:
Company: Second Round, LP
Schedule: Full-time
Required Skills: ['sql', 'sql server', 'excel']

Salary is $",52500.00
"What is the annual salary for this role to the nearest dollar?

Title: Machine Learning Engineer

Description:
Company: Databricks
Schedule: Full-time
Required Skills: ['databricks', 'spark', 'excel', 'unify']

Salary is $",166000.00
"What is the annual salary for this role to the nearest dollar?

Title: Business Analyst

Description:
Company: Netcompany-Intrasoft
Schedule: Full-time
Required Skills: ['azure']

Salary is $",63000.00
"What is the annual salary for this role to the nearest dollar?

Title: Data Scientist

Description:
Company: Conexess Group, LLC
Schedule: Full-time
Required Skills: ['sql', 'r', 'python', 'alteryx', 'tableau']

Salary is $",180000.00
"What is the annual salary for this role to the nearest dollar?

Title: Data Scientist

Description:
Company: Uber
Schedule: Full-time
Required Skills: ['python', 'sql']

Salary is $",125000.00
"What is the annual salary for this role to the nearest dollar?

Title: Data Analyst (Remote)

Description:
Company: Executive Search Partners LLC
Schedule: Full-time
Required Skills: Not specified

Salary is $",110000.00
"What is the annual salary for this role to the nearest dollar?

Title: Data Engineer

Description:
Company: NuTechs LLC
Schedule: Full-time
Required Skills: ['sql', 'sql server', 'ssrs']

Salary is $",85000.00
"What is the annual salary for this role to the nearest dollar?

Title: Machine Learning Engineer

Description:
Company: Nubank
Schedule: Full-time
Required Skills: ['clojure', 'sql', 'go', 'spark']

Salary is $",166000.00
"What is the annual salary for this role to the nearest dollar?

Title: Data Analyst

Description:
Company: Ascendo Resources
Schedule: Full-time
Required Skills: ['excel']

Salary is $",50000.00
"What is the annual salary for this role to the nearest dollar?

Title: Data Engineer (Remote)

Description:
Company: Logic20/20
Schedule: Full-time
Required Skills: ['go', 'python', 'mongodb', 'mongodb', 'aws', 'pyspark', 'hadoop', 'spark', 'airflow', 'outlook']

Salary is $",146000.00
"What is the annual salary for this role to the nearest dollar?

Title: Senior Data Scientist

Description:
Company: Citi
Schedule: Full-time
Required Skills: ['sas', 'sas', 'python', 'r']

Salary is $",116600.00
"What is the annual salary for this role to the nearest dollar?

Title: Machine Learning Engineer

Description:
Company: Gapstars
Schedule: Full-time
Required Skills: ['php', 'cassandra']

Salary is $",182325.00
"What is the annual salary for this role to the nearest dollar?

Title: Data Scientist

Description:
Company: Inclusively
Schedule: Full-time
Required Skills: ['python']

Salary is $",171000.00
"What is the annual salary for this role to the nearest dollar?

Title: Data Scientist

Description:
Company: CVS Health
Schedule: Full-time
Required Skills: ['r', 'python', 'sql']

Salary is $",105000.00
"What is the annual salary for this role to the nearest dollar?

Title: Data Scientist

Description:
Company: Spectrum
Schedule: Full-time
Required Skills: ['python', 'r', 'sql', 'spark']

Salary is $",90000.00
"What is the annual salary for this role to the nearest dollar?

Title: Data Analyst

Description:
Company: Suncoast Credit Union
Schedule: Full-time
Required Skills: ['sql', 'sql server', 'ssrs', 'sharepoint', 'power bi', 'tableau', 'qlik']

Salary is $",55000.00
"What is the annual salary for this role to the nearest dollar?

Title: Machine Learning Engineer

Description:
Company: Incode
Schedule: Full-time
Required Skills: ['python', 'aws']

Salary is $",89100.00
"What is the annual salary for this role to the nearest dollar?

Title: Data Analyst

Description:
Company: SGS
Schedule: Full-time
Required Skills: ['go']

Salary is $",56700.00
"What is the annual salary for this role to the nearest dollar?

Title: Senior Data Analyst

Description:
Company: Dun & Bradstreet
Schedule: Full-time
Required Skills: ['python', 'r', 'sql', 'pyspark']

Salary is $",79200.00
"What is the annual salary for this role to the nearest dollar?

Title: Data Scientist

Description:
Company: Analytic Recruiting Inc.
Schedule: Full-time
Required Skills: ['python']

Salary is $",182500.00
"What is the annual salary for this role to the nearest dollar?

Title: Data Scientist

Description:
Company: Navy Federal Credit Union
Schedule: Full-time
Required Skills: ['python', 'r', 'scala', 'sql', 'azure', 'databricks', 'aws', 'spark', 'matplotlib', 'ggplot2', 'hadoop', 'word', 'power bi', 'tableau', 'spreadsheet', 'excel', 'powerpoint']

Salary is $",136400.00
"What is the annual salary for this role to the nearest dollar?

Title: Senior Data Analyst

Description:
Company: Veradigm (formerly Allscripts)
Schedule: Full-time
Required Skills: ['sas', 'sas', 'sql']

Salary is $",94367.00
"What is the annual salary for this role to the nearest dollar?

Title: Data Analyst

Description:
Company: SquareTrade
Schedule: Full-time
Required Skills: ['sql', 'excel']

Salary is $",111175.00
"What is the annual salary for this role to the nearest dollar?

Title: Data Analyst

Description:
Company: Cloud and Things
Schedule: Full-time
Required Skills: ['sql', 'visio', 'excel', 'tableau', 'power bi', 'flow']

Salary is $",105000.00
"What is the annual salary for this role to the nearest dollar?

Title: Data Analyst

Description:
Company: Planet Technology LLC
Schedule: Full-time
Required Skills: ['sql', 'power bi', 'ssis', 'excel']

Salary is $",115000.00
"What is the annual salary for this role to the nearest dollar?

Title: Senior Data Scientist

Description:
Company: IBM Careers
Schedule: Full-time
Required Skills: ['python', 'sql', 'go', 'excel']

Salary is $",155979.00
"What is the annual salary for this role to the nearest dollar?

Title: Software Engineer

Description:
Company: Binance
Schedule: Full-time
Required Skills: ['javascript']

Salary is $",79200.00
"What is the annual salary for this role to the nearest dollar?

Title: Data Engineer

Description:
Company: VistaJet
Schedule: Full-time
Required Skills: ['python', 'mongodb', 'mongodb', 'postgresql', 'oracle', 'aws', 'snowflake', 'databricks', 'redshift', 'airflow', 'spark', 'kafka', 'docker', 'kubernetes', 'gitlab', 'jira', 'confluence', 'zoom']

Salary is $",175000.00
"What is the annual salary for this role to the nearest dollar?

Title: Senior Data Analyst

Description:
Company: Continental General
Schedule: Full-time
Required Skills: ['vba', 'sql', 'aws', 'excel']

Salary is $",126100.00
"What is the annual salary for this role to the nearest dollar?

Title: Data Analyst

Description:
Company: ClearMD
Schedule: Full-time
Required Skills: Not specified

Salary is $",70000.00
"What is the annual salary for this role to the nearest dollar?

Title: Data Engineer

Description:
Company: Numberly
Schedule: Full-time
Required Skills: ['sql', 'python', 'git']

Salary is $",56700.00
"What is the annual salary for this role to the nearest dollar?

Title: Data Scientist (Remote)

Description:
Company: Meta
Schedule: Full-time
Required Skills: ['python', 'r', 'matlab', 'sas', 'sas', 'sql', 'scikit-learn', 'tensorflow', 'pytorch', 'matplotlib', 'seaborn', 'spss', 'tableau']

Salary is $",164000.00
"What is the annual salary for this role to the nearest dollar?

Title: Data Scientist

Description:
Company: National Oceanic and Atmospheric Administration
Schedule: Full-time
Required Skills: ['spring']

Salary is $",46696.00
"What is the annual salary for this role to the nearest dollar?

Title: Data Scientist

Description:
Company: Jobot
Schedule: Full-time
Required Skills: ['python', 'databricks', 'aws', 'azure', 'keras', 'pandas', 'tensorflow', 'pytorch', 'spark', 'git', 'jenkins', 'bitbucket', 'jira', 'confluence']

Salary is $",162500.00
"What is the annual salary for this role to the nearest dollar?

Title: Data Scientist

Description:
Company: Parsons Company
Schedule: Full-time
Required Skills: ['r', 'python', 'nosql', 'pandas', 'numpy', 'jupyter', 'linux', 'ubuntu', 'centos']

Salary is $",112250.00
"What is the annual salary for this role to the nearest dollar?

Title: Machine Learning Engineer

Description:
Company: lastminute.com
Schedule: Full-time
Required Skills: ['python', 'scikit-learn', 'pandas', 'matplotlib', 'numpy', 'keras', 'tensorflow', 'spark', 'git', 'github']

Salary is $",157000.00
"What is the annual salary for this role to the nearest dollar?

Title: Data Scientist

Description:
Company: Stripe
Schedule: Full-time
Required Skills: ['python', 'sql', 'spark', 'hadoop']

Salary is $",186000.00
"What is the annual salary for this role to the nearest dollar?

Title: Senior Data Analyst

Description:
Company: Vonage
Schedule: Full-time
Required Skills: ['python', 'sql', 'r', 'snowflake', 'airflow', 'tableau']

Salary is $",111202.00
"What is the annual salary for this role to the nearest dollar?

Title: Senior Data Analyst (Remote)

Description:
Company: Get It Recruit - Information Technology
Schedule: Full-time
Required Skills: ['sql', 'python', 'r', 'github']

Salary is $",100500.00
"What is the annual salary for this role to the nearest dollar?

Title: Machine Learning Engineer

Description:
Company: Samsung Research America
Schedule: Full-time
Required Skills: ['python', 'javascript', 'aws', 'pytorch', 'flow', 'kubernetes', 'docker']

Salary is $",99150.00
"What is the annual salary for this role to the nearest dollar?

Title: Data Analyst

Description:
Company: State of Florida
Schedule: Full-time
Required Skills: ['sql', 'excel', 'word', 'sharepoint', 'power bi', 'sap']

Salary is $",62500.00
"What is the annual salary for this role to the nearest dollar?

Title: Data Engineer

Description:
Company: Bloomberg
Schedule: Full-time
Required Skills: ['python', 'sql', 'nosql', 'tableau']

Salary is $",140000.00
"What is the annual salary for this role to the nearest dollar?

Title: Data Analyst

Description:
Company: Leadstack Inc
Schedule: Full-time
Required Skills: ['r', 'tableau', 'qlik']

Salary is $",90000.00
"What is the annual salary for this role to the nearest dollar?

Title: Data Engineer

Description:
Company: Blackmere Consulting, LLC
Schedule: Full-time
Required Skills: ['python', 'go', 'rust', 'java', 'scala', 'mongodb', 'mongodb', 'sql', 'nosql', 'redshift', 'databricks', 'airflow', 'spark', 'numpy', 'pandas', 'pyspark', 'linux', 'splunk', 'atlassian']

Salary is $",165000.00
"What is the annual salary for this role to the nearest dollar?

Title: Data Scientist

Description:
Company: Department of Transportation
Schedule: Full-time
Required Skills: Not specified

Salary is $",88791.00
"What is the annual salary for this role to the nearest dollar?

Title: Data Analyst

Description:
Company: Aon
Schedule: Full-time
Required Skills: ['python', 'vba', 'power bi', 'tableau', 'excel', 'outlook', 'word', 'sharepoint', 'flow']

Salary is $",65000.00
"What is the annual salary for this role to the nearest dollar?

Title: Data Analyst

Description:
Company: Standard Bank Group
Schedule: Full-time
Required Skills: ['sql', 'nosql', 'python', 'java', 'c++', 'scala', 'cassandra', 'aws', 'redshift', 'hadoop', 'spark', 'kafka', 'airflow', 'flow']

Salary is $",111175.00
"What is the annual salary for this role to the nearest dollar?

Title: Senior Data Engineer

Description:
Company: Jobot
Schedule: Full-time
Required Skills: ['java', 'scala', 'sql', 'aws', 'spark', 'kafka', 'splunk']

Salary is $",178500.00
"What is the annual salary for this role to the nearest dollar?

Title: Data Scientist

Description:
Company: QuikTrip
Schedule: Full-time
Required Skills: ['word', 'excel']

Salary is $",77150.00
"What is the annual salary for this role to the nearest dollar?

Title: Data Analyst (Remote)

Description:
Company: Bluesight
Schedule: Full-time
Required Skills: ['sql', 'python', 'r', 'ruby', 'ruby', 'excel', 'sheets']

Salary is $",72500.00
"What is the annual salary for this role to the nearest dollar?

Title: Data Engineer

Description:
Company: Netskope
Schedule: Full-time
Required Skills: ['mongo', 'python', 'java', 'golang', 'cassandra', 'bigquery', 'kafka', 'spark']

Salary is $",71280.00
"What is the annual salary for this role to the nearest dollar?

Title: Data Scientist

Description:
Company: TMX Finance Family of Companies
Schedule: Full-time
Required Skills: ['sas', 'sas', 'r', 'sql']

Salary is $",90000.00
"What is the annual salary for this role to the nearest dollar?

Title: Machine Learning Engineer

Description:
Company: NorthBay Solutions
Schedule: Full-time
Required Skills: ['python', 'aws', 'jupyter', 'numpy', 'pandas', 'pyspark', 'tensorflow']

Salary is $",79200.00
"What is the annual salary for this role to the nearest dollar?

Title: Data Scientist

Description:
Company: JPMorgan Chase Bank, N.A.
Schedule: Full-time
Required Skills: ['sql', 'python', 'sas', 'sas', 'oracle', 'tableau', 'alteryx']

Salary is $",129875.00
"What is the annual salary for this role to the nearest dollar?

Title: Data Scientist

Description:
Company: Avery Dennison
Schedule: Full-time
Required Skills: ['python']

Salary is $",69962.00
"What is the annual salary for this role to the nearest dollar?

Title: Data Engineer

Description:
Company: CIBC
Schedule: Full-time
Required Skills: ['sql', 'javascript', 'java', 'swift', 'sql server', 'oracle', 'azure', 'express', 'linux', 'power bi', 'git', 'github', 'confluence', 'jira', 'wire']

Salary is $",99150.00
"What is the annual salary for this role to the nearest dollar?

Title: Data Engineer (Remote)

Description:
Company: Robert Half
Schedule: Full-time
Required Skills: ['sql', 'python', 'shell', 'sql server', 'ssis', 'flow']

Salary is $",80000.00
"What is the annual salary for this role to the nearest dollar?

Title: Senior Data Engineer

Description:
Company: Standard Bank Group
Schedule: Full-time
Required Skills: ['sas', 'sas', 'python', 'sql', 'azure', 'aws']

Salary is $",147500.00
"What is the annual salary for this role to the nearest dollar?

Title: Senior Data Engineer

Description:
Company: TripAdvisor
Schedule: Full-time
Required Skills: ['python', 'sql', 'go', 'elasticsearch', 'aws', 'snowflake', 'bigquery', 'airflow', 'spark', 'unix', 'jenkins', 'docker', 'kubernetes', 'git']

Salary is $",147500.00
"What is the annual salary for this role to the nearest dollar?

Title: Data Scientist (Remote)

Description:
Company: Liberty Mutual Insurance
Schedule: Full-time
Required Skills: ['sas', 'sas', 'sql', 'r', 'python', 'excel', 'powerpoint']

Salary is $",179500.00
"What is the annual salary for this role to the nearest dollar?

Title: Data Engineer

Description:
Company: Algo Capital Group
Schedule: Full-time
Required Skills: ['python', 'sql', 'mongodb', 'mongodb', 'kafka', 'linux', 'docker', 'kubernetes']

Salary is $",375000.00
"What is the annual salary for this role to the nearest dollar?

Title: Data Engineer

Description:
Company: ttg Talent Solutions
Schedule: Full-time
Required Skills: ['python', 'javascript', 'sql', 'bigquery', 'jquery', 'flow']

Salary is $",87500.00
"What is the annual salary for this role to the nearest dollar?

Title: Senior Data Analyst (Remote)

Description:
Company: CVS Health
Schedule: Full-time
Required Skills: ['sql', 'python', 'sas', 'sas', 'sql server', 'oracle', 'tableau', 'microstrategy', 'ssis', 'alteryx']

Salary is $",105000.00
"What is the annual salary for this role to the nearest dollar?

Title: Data Analyst

Description:
Company: Stellant Systems
Schedule: Full-time
Required Skills: ['sql', 'excel', 'ssrs', 'ssis', 'tableau', 'power bi']

Salary is $",121025.00
"What is the annual salary for this role to the nearest dollar?

Title: Senior Data Engineer

Description:
Company: Request Technology
Schedule: Full-time
Required Skills: ['powershell', 'python', 'aws', 'redshift', 'snowflake', 'azure', 'tableau']

Salary is $",170000.00
"What is the annual salary for this role to the nearest dollar?

Title: Data Engineer

Description:
Company: Cermati.com
Schedule: Full-time
Required Skills: ['java', 'python', 'nosql', 'redis', 'redshift', 'bigquery', 'hadoop', 'spark', 'pandas', 'tensorflow']

Salary is $",131580.00
"What is the annual salary for this role to the nearest dollar?

Title: Data Analyst

Description:
Company: Bosch Group
Schedule: Full-time
Required Skills: ['python', 'r', 'sql', 'spark', 'power bi']

Salary is $",56700.00
"What is the annual salary for this role to the nearest dollar?

Title: Data Analyst

Description:
Company: Angkas
Schedule: Full-time
Required Skills: ['python', 'r', 'sql', 'tableau', 'looker', 'power bi']

Salary is $",64800.00
"What is the annual salary for this role to the nearest dollar?

Title: Data Analyst

Description:
Company: Extreme Networks
Schedule: Full-time
Required Skills: ['sql', 'matlab', 'julia', 'scala', 'r', 'tableau', 'power bi']

Salary is $",80850.00
"What is the annual salary for this role to the nearest dollar?

Title: Senior Data Scientist

Description:
Company: Evolution Recruitment Solutions, USA
Schedule: Full-time
Required Skills: ['sql', 'db2', 'sql server', 'mysql', 'oracle', 'hadoop', 'sap']

Salary is $",145000.00
"What is the annual salary for this role to the nearest dollar?

Title: Senior Data Engineer

Description:
Company: Capital One
Schedule: Full-time
Required Skills: ['java', 'scala', 'python', 'nosql', 'sql', 'mongo', 'shell', 'mysql', 'cassandra', 'redshift', 'snowflake', 'aws', 'azure', 'hadoop', 'kafka', 'spark']

Salary is $",173500.00
"What is the annual salary for this role to the nearest dollar?

Title: Data Scientist (Remote)

Description:
Company: Workato
Schedule: Full-time
Required Skills: ['python']

Salary is $",120000.00
"What is the annual salary for this role to the nearest dollar?

Title: Data Analyst

Description:
Company: Citi
Schedule: Full-time
Required Skills: ['excel', 'powerpoint', 'confluence', 'jira']

Salary is $",146100.00
"What is the annual salary for this role to the nearest dollar?

Title: Data Engineer

Description:
Company: The Oncology Institute, Inc.
Schedule: Full-time
Required Skills: ['sql', 'python', 'r', 'java', 'c#', 'nosql', 'mongodb', 'mongodb', 'cassandra', 'neo4j', 'snowflake', 'azure', 'aws', 'databricks', 'jupyter', 'excel']

Salary is $",150000.00
"What is the annual salary for this role to the nearest dollar?

Title: Data Engineer (Remote)

Description:
Company: Get It Recruit - Information Technology
Schedule: Full-time
Required Skills: ['python', 'sql', 'powershell', 'azure', 'aws', 'redshift', 'databricks', 'snowflake', 'pyspark', 'pandas', 'excel', 'power bi', 'git', 'terraform', 'ansible', 'jenkins']

Salary is $",136000.00
"What is the annual salary for this role to the nearest dollar?

Title: Data Scientist

Description:
Company: Shield Al
Schedule: Full-time
Required Skills: Not specified

Salary is $",150000.00
"What is the annual salary for this role to the nearest dollar?

Title: Data Analyst

Description:
Company: Patton Labs Inc.
Schedule: Full-time
Required Skills: ['sql', 'r', 'python', 'nosql', 'redshift', 'snowflake', 'aws', 'power bi', 'excel', 'microstrategy']

Salary is $",100000.00
"What is the annual salary for this role to the nearest dollar?

Title: Data Scientist

Description:
Company: Booz Allen Hamilton
Schedule: Full-time
Required Skills: ['keras', 'pandas', 'tensorflow', 'numpy', 'gitlab']

Salary is $",115000.00
"What is the annual salary for this role to the nearest dollar?

Title: Senior Data Scientist (Remote)

Description:
Company: Corvus Technology Resources
Schedule: Full-time
Required Skills: ['python', 'r', 'sql', 'nosql', 'azure', 'hadoop', 'spark', 'tensorflow', 'pytorch', 'gdpr', 'power bi', 'docker', 'kubernetes', 'terraform', 'github', 'jira', 'confluence']

Salary is $",140000.00
"What is the annual salary for this role to the nearest dollar?

Title: Data Scientist

Description:
Company: SAIC
Schedule: Full-time
Required Skills: ['python', 'r', 'sql', 'tableau']

Salary is $",115000.00
"What is the annual salary for this role to the nearest dollar?

Title: Data Analyst

Description:
Company: TEEMA
Schedule: Full-time
Required Skills: ['sql', 't-sql', 'visual basic', 'go', 'sql server', 'azure', 'word', 'visio', 'excel', 'ms access']

Salary is $",92500.00
"What is the annual salary for this role to the nearest dollar?

Title: Data Analyst

Description:
Company: SGS
Schedule: Full-time
Required Skills: ['word', 'excel']

Salary is $",57500.00
"What is the annual salary for this role to the nearest dollar?

Title: Data Engineer

Description:
Company: Tesla, Inc
Schedule: Full-time
Required Skills: ['sql', 'nosql', 'python', 'r', 'sql server', 'mysql', 'airflow', 'pandas', 'numpy', 'tensorflow', 'keras', 'spark', 'kafka', 'hadoop', 'ssis', 'tableau']

Salary is $",90000.00
"What is the annual salary for this role to the nearest dollar?

Title: Data Analyst

Description:
Company: Insight Global
Schedule: Full-time
Required Skills: Not specified

Salary is $",125000.00
"What is the annual salary for this role to the nearest dollar?

Title: Data Engineer

Description:
Company: Robert Half
Schedule: Full-time
Required Skills: ['sql', 'sql server', 'ssis', 'tableau', 'power bi']

Salary is $",145000.00
"What is the annual salary for this role to the nearest dollar?

Title: Senior Data Analyst

Description:
Company: Truecaller
Schedule: Full-time
Required Skills: ['sql', 'python', 'r', 'looker']

Salary is $",111175.00
"What is the annual salary for this role to the nearest dollar?

Title: Data Analyst

Description:
Company: SHIFT
Schedule: Full-time
Required Skills: ['sql', 'excel', 'tableau', 'power bi']

Salary is $",52500.00
"What is the annual salary for this role to the nearest dollar?

Title: Data Engineer

Description:
Company: Datadog
Schedule: Full-time
Required Skills: ['scala', 'python', 'spark']

Salary is $",215000.00
"What is the annual salary for this role to the nearest dollar?

Title: Software Engineer

Description:
Company: PubMatic
Schedule: Full-time
Required Skills: ['java', 'snowflake', 'spark', 'hadoop', 'kafka', 'spring', 'jenkins', 'github', 'confluence', 'jira']

Salary is $",79200.00
"What is the annual salary for this role to the nearest dollar?

Title: Data Analyst

Description:
Company: Sutherland
Schedule: Full-time
Required Skills: ['excel']

Salary is $",100500.00
"What is the annual salary for this role to the nearest dollar?

Title: Senior Data Scientist

Description:
Company: Yuxi Global
Schedule: Full-time
Required Skills: ['r', 'python', 'perl', 'bash', 'sql', 'java', 'javascript', 'c++', 'gcp', 'bigquery', 'tensorflow', 'pyspark', 'terraform']

Salary is $",79200.00
"What is the annual salary for this role to the nearest dollar?

Title: Data Scientist

Description:
Company: Security Bank
Schedule: Full-time
Required Skills: ['sql']

Salary is $",72000.00
"What is the annual salary for this role to the nearest dollar?

Title: Data Engineer

Description:
Company: CyberCoders
Schedule: Full-time
Required Skills: ['python', 'fastapi', 'flask', 'django', 'word']

Salary is $",145000.00
"What is the annual salary for this role to the nearest dollar?

Title: Data Engineer

Description:
Company: Asurion Corporation
Schedule: Full-time
Required Skills: ['java', 'python', 'scala', 'shell', 'nosql', 'sql', 'sql server', 'mysql', 'databricks', 'oracle', 'redshift', 'aws', 'aurora', 'spark', 'airflow', 'github']

Salary is $",175000.00
"What is the annual salary for this role to the nearest dollar?

Title: Data Engineer

Description:
Company: Medix
Schedule: Full-time
Required Skills: ['sql', 'sql server', 'db2', 'azure', 'tableau', 'power bi', 'ssis', 'ssrs']

Salary is $",140000.00
"What is the annual salary for this role to the nearest dollar?

Title: Data Analyst

Description:
Company: Piper Companies
Schedule: Full-time
Required Skills: ['sql', 'r', 'python', 'sas', 'sas', 'tableau', 'excel', 'powerpoint']

Salary is $",115000.00
"What is the annual salary for this role to the nearest dollar?

Title: Data Scientist

Description:
Company: Oura
Schedule: Full-time
Required Skills: ['c++', 'python', 'sql', 'aws']

Salary is $",172500.00
"What is the annual salary for this role to the nearest dollar?

Title: Data Scientist

Description:
Company: Oscar Health
Schedule: Full-time
Required Skills: ['sql', 'r', 'python']

Salary is $",151500.00
"What is the annual salary for this role to the nearest dollar?

Title: Machine Learning Engineer

Description:
Company: ThoughtSpot
Schedule: Full-time
Required Skills: ['python', 'sql', 'java', 'go', 'scala', 'elasticsearch', 'aws', 'spark']

Salary is $",79200.00
"What is the annual salary for this role to the nearest dollar?

Title: Data Analyst

Description:
Company: TripActions
Schedule: Full-time
Required Skills: ['sql', 'python', 'snowflake', 'redshift', 'bigquery', 'tableau', 'looker']

Salary is $",198875.00
"What is the annual salary for this role to the nearest dollar?

Title: Senior Data Scientist

Description:
Company: Patreon
Schedule: Full-time
Required Skills: ['sql', 'python', 'r']

Salary is $",205000.00
"What is the annual salary for this role to the nearest dollar?

Title: Data Scientist (Remote)

Description:
Company: Trean Corporation
Schedule: Full-time
Required Skills: ['python', 'r']

Salary is $",80000.00
"What is the annual salary for this role to the nearest dollar?

Title: Data Scientist (Remote)

Description:
Company: Storm3
Schedule: Full-time
Required Skills: ['python', 'aws']

Salary is $",202500.00
"What is the annual salary for this role to the nearest dollar?

Title: Data Scientist

Description:
Company: Uber
Schedule: Full-time
Required Skills: ['sql', 'python', 'r', 'go']

Salary is $",271500.00
"What is the annual salary for this role to the nearest dollar?

Title: Data Scientist

Description:
Company: Lockheed Martin
Schedule: Full-time
Required Skills: ['python', 'java', 'bash', 'linux']

Salary is $",90000.00
"What is the annual salary for this role to the nearest dollar?

Title: Data Scientist

Description:
Company: Invenergy
Schedule: Full-time
Required Skills: ['python', 'sql', 'azure', 'databricks', 'power bi']

Salary is $",115000.00
"What is the annual salary for this role to the nearest dollar?

Title: Data Scientist (Remote)

Description:
Company: AE Studio
Schedule: Full-time
Required Skills: ['python', 'aws', 'tensorflow', 'pytorch', 'git', 'github']

Salary is $",160000.00
"What is the annual salary for this role to the nearest dollar?

Title: Software Engineer

Description:
Company: Block
Schedule: Full-time
Required Skills: ['c', 'go', 'kubernetes', 'terraform']

Salary is $",190500.00
"What is the annual salary for this role to the nearest dollar?

Title: Data Scientist

Description:
Company: Verisk Analytics
Schedule: Full-time
Required Skills: ['python', 'r', 'sql', 'databricks', 'aws']

Salary is $",100000.00
"What is the annual salary for this role to the nearest dollar?

Title: Data Analyst (Remote)

Description:
Company: Engage Partners Inc.
Schedule: Full-time
Required Skills: ['sql', 'tableau']

Salary is $",75000.00
"What is the annual salary for this role to the nearest dollar?

Title: Data Analyst

Description:
Company: Jobot
Schedule: Full-time
Required Skills: ['excel']

Salary is $",82500.00
"What is the annual salary for this role to the nearest dollar?

Title: Data Engineer

Description:
Company: ALTEN
Schedule: Full-time
Required Skills: ['sql', 'hadoop', 'spark', 'kafka', 'docker', 'kubernetes', 'git', 'jenkins']

Salary is $",134241.00
"What is the annual salary for this role to the nearest dollar?

Title: Data Engineer

Description:
Company: GlobalLogic
Schedule: Full-time
Required Skills: Not specified

Salary is $",125000.00
"What is the annual salary for this role to the nearest dollar?

Title: Data Scientist (Remote)

Description:
Company: Kforce Technology Staffing
Schedule: Full-time
Required Skills: ['python', 'sql', 'bigquery', 'looker', 'sheets']

Salary is $",160000.00
"What is the annual salary for this role to the nearest dollar?

Title: Data Analyst

Description:
Company: Insight Global
Schedule: Full-time
Required Skills: ['jira', 'confluence']

Salary is $",90000.00
"What is the annual salary for this role to the nearest dollar?

Title: Data Analyst

Description:
Company: Top Prospect Group
Schedule: Full-time
Required Skills: ['sql', 'sql server', 'oracle', 'unix']

Salary is $",115000.00
"What is the annual salary for this role to the nearest dollar?

Title: Data Scientist

Description:
Company: Navy Federal Credit Union
Schedule: Full-time
Required Skills: ['r', 'python', 'matplotlib', 'ggplot2', 'word', 'power bi', 'tableau']

Salary is $",146000.00
"What is the annual salary for this role to the nearest dollar?

Title: Data Scientist

Description:
Company: Chegg
Schedule: Full-time
Required Skills: ['python', 'pytorch', 'tensorflow']

Salary is $",113949.00
"What is the annual salary for this role to the nearest dollar?

Title: Data Engineer

Description:
Company: AstraZeneca
Schedule: Full-time
Required Skills: ['swift', 'python', 'sql', 'redshift', 'oracle', 'aws', 'databricks', 'pandas', 'numpy', 'kubernetes', 'bitbucket', 'git']

Salary is $",100000.00
"What is the annual salary for this role to the nearest dollar?

Title: Data Engineer

Description:
Company: Yakshna Solutions, Inc.
Schedule: Full-time
Required Skills: ['bash', 'python', 'java']

Salary is $",110000.00
"What is the annual salary for this role to the nearest dollar?

Title: Data Analyst

Description:
Company: REI Systems
Schedule: Full-time
Required Skills: ['sql', 'r', 'python', 'sas', 'sas', 'tableau', 'excel', 'microstrategy', 'jira']

Salary is $",90000.00
"What is the annual salary for this role to the nearest dollar?

Title: Senior Data Engineer

Description:
Company: Capital One
Schedule: Full-time and Part-time
Required Skills: ['java', 'scala', 'python', 'nosql', 'sql', 'mongo', 'shell', 'mysql', 'cassandra', 'redshift', 'snowflake', 'aws', 'azure', 'hadoop', 'kafka', 'spark']

Salary is $",184000.00
"What is the annual salary for this role to the nearest dollar?

Title: Data Scientist

Description:
Company: Peraton
Schedule: Full-time
Required Skills: ['python']

Salary is $",86000.00
"What is the annual salary for this role to the nearest dollar?

Title: Senior Data Scientist

Description:
Company: Orbis
Schedule: Full-time
Required Skills: ['python', 'sql', 'c++', 'java', 'c#', 'perl']

Salary is $",250000.00
"What is the annual salary for this role to the nearest dollar?

Title: Data Engineer

Description:
Company: Thomson Reuters
Schedule: Full-time
Required Skills: ['dynamodb', 'aws', 'snowflake', 'redshift', 'azure', 'hadoop', 'spark', 'github', 'docker']

Salary is $",90000.00
"What is the annual salary for this role to the nearest dollar?

Title: Senior Data Scientist

Description:
Company: Western Digital
Schedule: Full-time
Required Skills: ['r', 'python', 'spark', 'hadoop']

Salary is $",79200.00
"What is the annual salary for this role to the nearest dollar?

Title: Data Scientist (Remote)

Description:
Company: High Country Search Group
Schedule: Full-time
Required Skills: ['python']

Salary is $",180000.00
"What is the annual salary for this role to the nearest dollar?

Title: Senior Data Scientist

Description:
Company: Roark Capital
Schedule: Full-time
Required Skills: ['python', 'sql', 'azure', 'spark', 'flask', 'django', 'github', 'gitlab', 'docker']

Salary is $",157500.00
"What is the annual salary for this role to the nearest dollar?

Title: Data Engineer

Description:
Company: Robert Half
Schedule: Full-time
Required Skills: ['sql', 'go', 'sql server', 'oracle', 'snowflake', 'azure', 'tableau', 'power bi']

Salary is $",102500.00
"What is the annual salary for this role to the nearest dollar?

Title: Data Scientist

Description:
Company: Benson Hill Biosystems
Schedule: Full-time
Required Skills: ['python', 'aws']

Salary is $",125000.00
"What is the annual salary for this role to the nearest dollar?

Title: Data Scientist

Description:
Company: Northrop Grumman
Schedule: Full-time
Required Skills: ['assembly', 'python', 'sql', 'scikit-learn', 'matplotlib', 'numpy', 'excel', 'powerpoint', 'sap']

Salary is $",191000.00
"What is the annual salary for this role to the nearest dollar?

Title: Data Analyst

Description:
Company: Statkraft
Schedule: Full-time
Required Skills: ['python', 'sql', 'pandas', 'numpy', 'matplotlib']

Salary is $",105650.00
"What is the annual salary for this role to the nearest dollar?

Title: Data Analyst

Description:
Company: Mayo Clinic
Schedule: Full-time
Required Skills: Not specified

Salary is $",169322.00
"What is the annual salary for this role to the nearest dollar?

Title: Data Scientist (Remote)

Description:
Company: Get It Recruit - Information Technology
Schedule: Full-time
Required Skills: ['sas', 'sas', 'sql', 'html', 'css', 'javascript', 'sql server', 'oracle', 'snowflake', 'jquery', 'linux', 'visio', 'excel', 'tableau', 'jira']

Salary is $",107500.00
"What is the annual salary for this role to the nearest dollar?

Title: Senior Data Scientist

Description:
Company: UnitedHealth Group
Schedule: Full-time
Required Skills: Not specified

Salary is $",126000.00
"What is the annual salary for this role to the nearest dollar?

Title: Senior Data Analyst

Description:
Company: The Bouqs Company
Schedule: Full-time
Required Skills: ['sql', 'snowflake', 'tableau', 'github']

Salary is $",125000.00
"What is the annual salary for this role to the nearest dollar?

Title: Data Scientist

Description:
Company: Nielsen
Schedule: Full-time
Required Skills: ['aws', 'tableau']

Salary is $",117500.00
"What is the annual salary for this role to the nearest dollar?

Title: Senior Data Scientist (Remote)

Description:
Company: Spring Health
Schedule: Full-time
Required Skills: ['sql', 'python', 'r', 'spring', 'looker', 'tableau', 'flow']

Salary is $",176625.00
"What is the annual salary for this role to the nearest dollar?

Title: Data Engineer

Description:
Company: Amadeus
Schedule: Full-time
Required Skills: ['scala', 'sql', 'azure', 'databricks', 'snowflake', 'bigquery', 'spark', 'qlik', 'bitbucket', 'github', 'jira']

Salary is $",156500.00
"What is the annual salary for this role to the nearest dollar?

Title: Data Engineer

Description:
Company: Barbaricum
Schedule: Contractor
Required Skills: ['sql', 'python', 'nosql', 'r', 'matlab', 'neo4j', 'spark', 'hadoop', 'kafka', 'flask']

Salary is $",131580.00
"What is the annual salary for this role to the nearest dollar?

Title: Data Scientist

Description:
Company: LPL Financial
Schedule: Full-time
Required Skills: ['erlang', 'sql', 'r', 'python', 'tableau', 'alteryx']

Salary is $",150000.00
"What is the annual salary for this role to the nearest dollar?

Title: Data Scientist (Remote)

Description:
Company: Acceler8 Talent
Schedule: Full-time
Required Skills: ['python', 'aws']

Salary is $",170000.00
"What is the annual salary for this role to the nearest dollar?

Title: Data Engineer

Description:
Company: ACL Digital
Schedule: Full-time
Required Skills: ['aws']

Salary is $",124500.00
"What is the annual salary for this role to the nearest dollar?

Title: Data Analyst

Description:
Company: Veeva Systems
Schedule: Full-time
Required Skills: ['sql', 'tableau', 'atlassian']

Salary is $",100500.00
"What is the annual salary for this role to the nearest dollar?

Title: Data Scientist (Remote)

Description:
Company: Lily AI
Schedule: Full-time
Required Skills: ['sql', 'python', 'r', 'tableau']

Salary is $",185000.00
"What is the annual salary for this role to the nearest dollar?

Title: Senior Data Engineer

Description:
Company: Airbnb
Schedule: Full-time
Required Skills: ['sql', 'spark', 'airflow', 'flow']

Salary is $",200000.00
"What is the annual salary for this role to the nearest dollar?

Title: Data Engineer (Remote)

Description:
Company: E-Solutions
Schedule: Full-time
Required Skills: ['sql', 'python', 'snowflake', 'azure']

Salary is $",150000.00
"What is the annual salary for this role to the nearest dollar?

Title: Software Engineer

Description:
Company: Atos
Schedule: Full-time
Required Skills: ['python', 'c++', 'opencv', 'keras', 'tensorflow', 'pytorch', 'pandas', 'linux', 'docker', 'kubernetes', 'git', 'gitlab']

Salary is $",205000.00
"What is the annual salary for this role to the nearest dollar?

Title: Data Engineer

Description:
Company: Supernal
Schedule: Full-time
Required Skills: ['python', 'java', 'scala', 'sql', 'spark', 'pyspark', 'airflow', 'git', 'docker', 'kubernetes', 'jenkins', 'atlassian', 'jira']

Salary is $",231920.00
"What is the annual salary for this role to the nearest dollar?

Title: Senior Data Scientist

Description:
Company: TikTok
Schedule: Full-time
Required Skills: ['r', 'linux', 'tableau', 'git']

Salary is $",252844.00
"What is the annual salary for this role to the nearest dollar?

Title: Data Scientist

Description:
Company: The Home Depot
Schedule: Full-time
Required Skills: ['python', 'sql', 'bigquery', 'tableau']

Salary is $",240000.00
"What is the annual salary for this role to the nearest dollar?

Title: Data Engineer

Description:
Company: ASAPP
Schedule: Full-time
Required Skills: ['python', 'sql', 'scala', 'java', 'kotlin', 'mysql', 'redshift', 'aws', 'kafka', 'spark', 'airflow', 'flow', 'kubernetes', 'jenkins', 'terraform']

Salary is $",147500.00
"What is the annual salary for this role to the nearest dollar?

Title: Data Scientist (Remote)

Description:
Company: Arity
Schedule: Full-time
Required Skills: ['python', 'sql', 'spark', 'flow']

Salary is $",182375.00
"What is the annual salary for this role to the nearest dollar?

Title: Data Scientist

Description:
Company: Uber
Schedule: Full-time
Required Skills: ['python', 'sql']

Salary is $",98000.00
"What is the annual salary for this role to the nearest dollar?

Title: Data Scientist (Remote)

Description:
Company: Lawrence Harvey
Schedule: Full-time
Required Skills: ['python', 'aws', 'gcp']

Salary is $",250000.00
"What is the annual salary for this role to the nearest dollar?

Title: Data Engineer

Description:
Company: Motion Recruitment
Schedule: Full-time
Required Skills: ['python', 'sql', 'mongodb', 'mongodb', 'aws', 'gcp', 'spark', 'airflow', 'graphql', 'jupyter', 'pandas']

Salary is $",145000.00
"What is the annual salary for this role to the nearest dollar?

Title: Data Analyst

Description:
Company: Citi
Schedule: Full-time
Required Skills: ['assembly']

Salary is $",82430.00
"What is the annual salary for this role to the nearest dollar?

Title: Senior Data Analyst

Description:
Company: NYC Health + Hospitals
Schedule: Full-time
Required Skills: ['r', 'python', 'java', 'c++', 'scala', 'sql', 'mongodb', 'mongodb', 'c', 'cassandra', 'snowflake', 'qlik']

Salary is $",105000.00
"What is the annual salary for this role to the nearest dollar?

Title: Data Scientist

Description:
Company: Julius Baer
Schedule: Full-time
Required Skills: Not specified

Salary is $",72000.00
"What is the annual salary for this role to the nearest dollar?

Title: Senior Data Engineer

Description:
Company: Texas Capital Bank
Schedule: Full-time
Required Skills: ['sql', 'sql server', 'aws', 'snowflake', 'azure', 'spark', 'kafka', 'ssis', 'powerpoint', 'sharepoint', 'visio', 'flow', 'github', 'confluence']

Salary is $",125000.00
"What is the annual salary for this role to the nearest dollar?

Title: Machine Learning Engineer

Description:
Company: Booz Allen Hamilton
Schedule: Full-time and Part-time
Required Skills: ['r', 'python', 'windows', 'linux']

Salary is $",100000.00
"What is the annual salary for this role to the nearest dollar?

Title: Data Engineer (Remote)

Description:
Company: Evolution
Schedule: Full-time
Required Skills: ['sql', 'aws']

Salary is $",160000.00
"What is the annual salary for this role to the nearest dollar?

Title: Data Analyst (Remote)

Description:
Company: Get It Recruit - Information Technology
Schedule: Full-time
Required Skills: Not specified

Salary is $",50000.00
"What is the annual salary for this role to the nearest dollar?

Title: Data Analyst

Description:
Company: Molina Healthcare
Schedule: Full-time
Required Skills: ['excel']

Salary is $",89112.00
"What is the annual salary for this role to the nearest dollar?

Title: Data Engineer

Description:
Company: Booz Allen Hamilton
Schedule: Full-time
Required Skills: ['python', 'sql', 'aws', 'redshift', 'azure', 'databricks', 'graphql', 'spark', 'linux', 'windows', 'tableau', 'splunk', 'git', 'atlassian', 'terraform', 'docker']

Salary is $",115000.00
"What is the annual salary for this role to the nearest dollar?

Title: Data Scientist

Description:
Company: Bayer
Schedule: Full-time
Required Skills: ['r', 'python', 'sql', 'aws', 'gcp', 'azure', 'tableau', 'git']

Salary is $",90000.00
"What is the annual salary for this role to the nearest dollar?

Title: Data Engineer

Description:
Company: Clairvoyant Inc.
Schedule: Full-time
Required Skills: ['python', 'shell', 'sql', 'dynamodb', 'aws', 'redshift', 'aurora', 'airflow', 'kafka', 'jenkins']

Salary is $",115000.00
"What is the annual salary for this role to the nearest dollar?

Title: Data Analyst

Description:
Company: Bloomberg
Schedule: Full-time
Required Skills: ['sql', 'bigquery']

Salary is $",77500.00
"What is the annual salary for this role to the nearest dollar?

Title: Senior Data Scientist

Description:
Company: Noblis
Schedule: Full-time
Required Skills: ['python', 'scala', 'r', 'java', 'neo4j', 'aws', 'hadoop', 'spark', 'splunk']

Salary is $",375000.00
"What is the annual salary for this role to the nearest dollar?

Title: Data Engineer

Description:
Company: Top Prospect Group
Schedule: Full-time
Required Skills: ['sql', 'azure', 'jenkins']

Salary is $",102500.00
"What is the annual salary for this role to the nearest dollar?

Title: Data Engineer

Description:
Company: dentsu international
Schedule: Full-time
Required Skills: ['python', 'sql', 'snowflake', 'aws', 'airflow', 'jira']

Salary is $",120000.00
"What is the annual salary for this role to the nearest dollar?

Title: Data Scientist

Description:
Company: Amazon.com
Schedule: Full-time
Required Skills: ['sql', 'python', 'r', 'sas', 'sas', 'matlab']

Salary is $",69962.00
"What is the annual salary for this role to the nearest dollar?

Title: Data Scientist

Description:
Company: Sandhills Global
Schedule: Full-time
Required Skills: ['python', 'sql', 'r', 'tableau']

Salary is $",112250.00
"What is the annual salary for this role to the nearest dollar?

Title: Data Engineer

Description:
Company: HP
Schedule: Full-time
Required Skills: ['sql']

Salary is $",92500.00
"What is the annual salary for this role to the nearest dollar?

Title: Machine Learning Engineer

Description:
Company: Publicis Groupe
Schedule: Full-time
Required Skills: ['python', 'azure', 'databricks', 'spark', 'tensorflow', 'keras', 'airflow', 'hadoop']

Salary is $",130000.00
"What is the annual salary for this role to the nearest dollar?

Title: Data Engineer (Remote)

Description:
Company: Aloware
Schedule: Full-time
Required Skills: ['php', 'mysql', 'aws', 'react', 'twilio']

Salary is $",80000.00
"What is the annual salary for this role to the nearest dollar?

Title: Data Scientist (Remote)

Description:
Company: Niagara Bottling
Schedule: Full-time
Required Skills: ['sql', 'python', 'r', 'tensorflow', 'keras', 'scikit-learn', 'excel']

Salary is $",109844.00
"What is the annual salary for this role to the nearest dollar?

Title: Senior Data Engineer

Description:
Company: Compunnel Inc.
Schedule: Contractor
Required Skills: ['python', 'sql', 'oracle', 'aws', 'azure']

Salary is $",127500.00
"What is the annual salary for this role to the nearest dollar?

Title: Senior Data Scientist

Description:
Company: Agero
Schedule: Full-time
Required Skills: ['go', 'python', 'r', 'sql', 'aws', 'azure', 'hadoop', 'spark', 'tableau', 'power bi']

Salary is $",90000.00
"What is the annual salary for this role to the nearest dollar?

Title: Data Engineer

Description:
Company: Capital One
Schedule: Full-time and Part-time
Required Skills: ['java', 'python', 'nosql', 'mongo', 'cassandra', 'redshift', 'snowflake', 'aws', 'azure', 'airflow']

Salary is $",150000.00
"What is the annual salary for this role to the nearest dollar?

Title: Data Engineer

Description:
Company: Ford Motor Company
Schedule: Full-time
Required Skills: ['sql', 'python', 'shell', 'gcp', 'bigquery', 'airflow', 'terraform']

Salary is $",90000.00
"What is the annual salary for this role to the nearest dollar?

Title: Data Scientist

Description:
Company: The Aerospace Corporation
Schedule: Full-time
Required Skills: ['python', 'docker', 'kubernetes']

Salary is $",150000.00
"What is the annual salary for this role to the nearest dollar?

Title: Data Analyst

Description:
Company: Robert Half
Schedule: Full-time
Required Skills: ['python', 'sql', 'dynamodb', 'gcp', 'aws', 'azure', 'redshift', 'github', 'terraform']

Salary is $",110000.00
"What is the annual salary for this role to the nearest dollar?

Title: Data Analyst

Description:
Company: Devoteam
Schedule: Full-time
Required Skills: ['aws', 'azure', 'gcp', 'databricks', 'snowflake', 'spark']

Salary is $",165000.00
"What is the annual salary for this role to the nearest dollar?

Title: Data Scientist

Description:
Company: Lyft
Schedule: Full-time
Required Skills: ['sql', 'python', 'r']

Salary is $",150000.00
"What is the annual salary for this role to the nearest dollar?

Title: Senior Data Analyst

Description:
Company: GoldenWolf
Schedule: Full-time
Required Skills: Not specified

Salary is $",85000.00
"What is the annual salary for this role to the nearest dollar?

Title: Data Scientist

Description:
Company: Two Sigma Investments
Schedule: Full-time
Required Skills: ['python', 'r', 'pandas']

Salary is $",232500.00
"What is the annual salary for this role to the nearest dollar?

Title: Data Analyst

Description:
Company: Get It Recruit - Real Estate
Schedule: Full-time
Required Skills: ['sql', 'javascript', 'sas', 'sas', 'vba', 'excel', 'spss', 'power bi']

Salary is $",110000.00
"What is the annual salary for this role to the nearest dollar?

Title: Data Scientist

Description:
Company: National Institutes of Health
Schedule: Full-time
Required Skills: Not specified

Salary is $",132368.00
"What is the annual salary for this role to the nearest dollar?

Title: Data Analyst

Description:
Company: Debiopharm
Schedule: Full-time
Required Skills: ['gcp']

Salary is $",72900.00
"What is the annual salary for this role to the nearest dollar?

Title: Data Scientist

Description:
Company: Meta
Schedule: Full-time
Required Skills: Not specified

Salary is $",277500.00
"What is the annual salary for this role to the nearest dollar?

Title: Senior Data Engineer

Description:
Company: Amazon
Schedule: Full-time
Required Skills: ['sql', 'python', 'java', 'scala', 'aws', 'redshift', 'hadoop', 'spark', 'flow']

Salary is $",182000.00
"What is the annual salary for this role to the nearest dollar?

Title: Data Scientist

Description:
Company: Deloitte
Schedule: Full-time
Required Skills: ['sql', 'nosql', 'sas', 'sas', 'r', 'matlab', 'aws', 'gcp', 'azure', 'spss', 'excel']

Salary is $",135519.00
"What is the annual salary for this role to the nearest dollar?

Title: Software Engineer

Description:
Company: Boston Public Health Commission
Schedule: Full-time
Required Skills: ['t-sql', 'python', 'c#', 'javascript', 'sql', 'asp.net', 'jquery', 'power bi']

Salary is $",85000.00
"What is the annual salary for this role to the nearest dollar?

Title: Data Analyst

Description:
Company: Robert Half
Schedule: Full-time
Required Skills: ['sql', 'c', 'python']

Salary is $",117500.00
"What is the annual salary for this role to the nearest dollar?

Title: Senior Data Analyst

Description:
Company: Cox Communications
Schedule: Full-time
Required Skills: ['sql', 'snowflake', 'aws', 'oracle', 'hadoop', 'microstrategy', 'excel']

Salary is $",96500.00
"What is the annual salary for this role to the nearest dollar?

Title: Data Scientist

Description:
Company: PlayStation Global
Schedule: Full-time
Required Skills: ['sql', 'python', 'scikit-learn']

Salary is $",157500.00
"What is the annual salary for this role to the nearest dollar?

Title: Data Analyst

Description:
Company: State of Georgia
Schedule: Full-time
Required Skills: ['sql', 'sql server', 'excel', 'word', 'powerpoint', 'sharepoint']

Salary is $",46000.00
"What is the annual salary for this role to the nearest dollar?

Title: Data Engineer

Description:
Company: Talan
Schedule: Full-time
Required Skills: ['kafka']

Salary is $",147500.00
"What is the annual salary for this role to the nearest dollar?

Title: Data Scientist (Remote)

Description:
Company: WebstaurantStore
Schedule: Full-time
Required Skills: ['python', 'sql', 'git']

Salary is $",90000.00
"What is the annual salary for this role to the nearest dollar?

Title: Data Analyst

Description:
Company: FTS Inc
Schedule: Full-time
Required Skills: ['python', 'flow']

Salary is $",75000.00
"What is the annual salary for this role to the nearest dollar?

Title: Business Analyst (Remote)

Description:
Company: Get It Recruit - Finance
Schedule: Full-time
Required Skills: ['sql', 'excel', 'spreadsheet', 'ms access', 'looker']

Salary is $",68000.00
"What is the annual salary for this role to the nearest dollar?

Title: Data Analyst (Remote)

Description:
Company: Beacon Hill Staffing Group
Schedule: Contractor
Required Skills: Not specified

Salary is $",87500.00
"What is the annual salary for this role to the nearest dollar?

Title: Data Analyst

Description:
Company: Insight Global
Schedule: Full-time
Required Skills: ['sql', 'tableau', 'excel']

Salary is $",110000.00
"What is the annual salary for this role to the nearest dollar?

Title: Senior Data Scientist

Description:
Company: TikTok
Schedule: Full-time
Required Skills: ['sql', 'python', 'r']

Salary is $",184844.00
"What is the annual salary for this role to the nearest dollar?

Title: Data Engineer

Description:
Company: Poshmark
Schedule: Full-time
Required Skills: ['sql', 'nosql', 'aws', 'redshift', 'bigquery', 'snowflake', 'kafka', 'spark', 'hadoop', 'sheets', 'looker', 'jenkins', 'github']

Salary is $",147500.00
"What is the annual salary for this role to the nearest dollar?

Title: Data Analyst

Description:
Company: Health Net
Schedule: Full-time
Required Skills: ['sql', 'python', 'r', 'excel']

Salary is $",95200.00
"What is the annual salary for this role to the nearest dollar?

Title: Data Analyst

Description:
Company: PapeDawson Engineers Inc
Schedule: Full-time
Required Skills: ['python', 'sql', 'sharepoint', 'power bi', 'tableau', 'dax', 'ssrs', 'ssis']

Salary is $",125000.00
"What is the annual salary for this role to the nearest dollar?

Title: Senior Data Scientist (Remote)

Description:
Company: innoVet Health, LLC
Schedule: Full-time
Required Skills: ['python', 'r', 'scala', 'azure', 'aws', 'databricks', 'hadoop', 'spark', 'kafka', 'seaborn']

Salary is $",140000.00
"What is the annual salary for this role to the nearest dollar?

Title: Data Scientist

Description:
Company: Caris Life Sciences
Schedule: Full-time
Required Skills: ['python', 'java', 'sql', 'nosql', 'pytorch', 'tensorflow', 'keras', 'opencv', 'linux', 'word', 'excel', 'outlook', 'git']

Salary is $",90000.00
"What is the annual salary for this role to the nearest dollar?

Title: Data Engineer

Description:
Company: Atlas Search
Schedule: Full-time
Required Skills: ['java', 'python', 'scala', 'sql', 'sql server', 'ssis', 'ssrs']

Salary is $",112500.00
"What is the annual salary for this role to the nearest dollar?

Title: Data Analyst

Description:
Company: TalentBurst, Inc.
Schedule: Contractor and Temp work
Required Skills: ['excel', 'word', 'powerpoint', 'outlook']

Salary is $",60000.00
"What is the annual salary for this role to the nearest dollar?

Title: Data Engineer

Description:
Company: Trurating
Schedule: Full-time
Required Skills: ['sql', 'c#', 'python', 'powershell', 'azure', 'aws', 'gcp', 'snowflake', 'power bi', 'dax', 'git']

Salary is $",147500.00
"What is the annual salary for this role to the nearest dollar?

Title: Senior Data Scientist (Remote)

Description:
Company: Mission Loans LLC
Schedule: Full-time
Required Skills: ['python', 'sql', 'azure', 'snowflake', 'flow']

Salary is $",114000.00
"What is the annual salary for this role to the nearest dollar?

Title: Data Engineer

Description:
Company: Refactor Talent
Schedule: Full-time
Required Skills: ['python', 'aws', 'snowflake']

Salary is $",117500.00
"What is the annual salary for this role to the nearest dollar?

Title: Data Analyst

Description:
Company: Media.Monks
Schedule: Full-time
Required Skills: ['express', 'excel', 'looker', 'sheets']

Salary is $",57500.00
"What is the annual salary for this role to the nearest dollar?

Title: Data Scientist

Description:
Company: Activision
Schedule: Full-time
Required Skills: ['sql']

Salary is $",159331.00
"What is the annual salary for this role to the nearest dollar?

Title: Senior Data Scientist

Description:
Company: Bill.Com
Schedule: Full-time
Required Skills: ['sql', 'r', 'python']

Salary is $",274000.00
"What is the annual salary for this role to the nearest dollar?

Title: Data Analyst

Description:
Company: United Nations Global Compact
Schedule: Full-time
Required Skills: ['tableau', 'excel', 'powerpoint', 'word']

Salary is $",58000.00
"What is the annual salary for this role to the nearest dollar?

Title: Senior Data Scientist

Description:
Company: Roblox
Schedule: Full-time
Required Skills: ['python', 'r', 'sql', 'go', 'spark', 'hadoop', 'airflow']

Salary is $",327330.00
"What is the annual salary for this role to the nearest dollar?

Title: Data Analyst

Description:
Company: Civica UK Ltd
Schedule: Full-time
Required Skills: ['sql', 'excel', 'power bi']

Salary is $",64800.00
"What is the annual salary for this role to the nearest dollar?

Title: Data Scientist

Description:
Company: Freshworks
Schedule: Full-time
Required Skills: ['r', 'python', 'perl', 'ruby', 'ruby', 'scala', 'sas', 'sas', 'sql', 'nosql', 'hadoop', 'spark', 'tensorflow', 'keras']

Salary is $",157500.00
"What is the annual salary for this role to the nearest dollar?

Title: Business Analyst (Remote)

Description:
Company: Armavel, LLC
Schedule: Full-time
Required Skills: ['sql', 'python', 'excel', 'flow']

Salary is $",100000.00
"What is the annual salary for this role to the nearest dollar?

Title: Senior Data Scientist

Description:
Company: Span.IO, Inc.
Schedule: Full-time
Required Skills: ['python', 'sql', 'aws', 'pandas', 'scikit-learn']

Salary is $",158500.00
"What is the annual salary for this role to the nearest dollar?

Title: Data Analyst (Remote)

Description:
Company: Get It Recruit - Real Estate
Schedule: Full-time
Required Skills: ['bigquery', 'tableau', 'ssrs']

Salary is $",90000.00
"What is the annual salary for this role to the nearest dollar?

Title: Software Engineer

Description:
Company: iOLAP
Schedule: Full-time
Required Skills: ['python', 'aws', 'ssis']

Salary is $",156500.00
"What is the annual salary for this role to the nearest dollar?

Title: Senior Data Analyst

Description:
Company: Leeds Professional Resources
Schedule: Full-time
Required Skills: ['sql', 'excel', 'power bi', 'tableau']

Salary is $",92500.00
"What is the annual salary for this role to the nearest dollar?

Title: Senior Data Analyst

Description:
Company: Kforce
Schedule: Full-time
Required Skills: Not specified

Salary is $",150000.00
"What is the annual salary for this role to the nearest dollar?

Title: Data Engineer

Description:
Company: Capital One
Schedule: Full-time
Required Skills: ['java', 'scala', 'python', 'nosql', 'sql', 'mongo', 'shell', 'mysql', 'cassandra', 'aws', 'redshift', 'snowflake', 'azure', 'hadoop', 'kafka', 'spark']

Salary is $",211000.00
"What is the annual salary for this role to the nearest dollar?

Title: Data Scientist

Description:
Company: Stockell Consulting
Schedule: Contractor
Required Skills: ['python', 'aws', 'azure', 'git', 'github']

Salary is $",112500.00
"What is the annual salary for this role to the nearest dollar?

Title: Senior Data Engineer

Description:
Company: Land O Lakes
Schedule: Full-time
Required Skills: ['sql', 'qlik']

Salary is $",125000.00
"What is the annual salary for this role to the nearest dollar?

Title: Software Engineer (Remote)

Description:
Company: MongoDB
Schedule: Full-time
Required Skills: ['mongodb', 'mongodb']

Salary is $",200000.00
"What is the annual salary for this role to the nearest dollar?

Title: Data Scientist

Description:
Company: Nielsen
Schedule: Full-time
Required Skills: ['python', 'aws', 'tableau', 'git']

Salary is $",131560.00
"What is the annual salary for this role to the nearest dollar?

Title: Business Analyst (Remote)

Description:
Company: Get It Recruit - Professional Services
Schedule: Full-time
Required Skills: ['sql', 'python', 'r', 'tableau']

Salary is $",96000.00
"What is the annual salary for this role to the nearest dollar?

Title: Data Scientist

Description:
Company: Arena Online Ltd
Schedule: Full-time
Required Skills: ['python', 'r', 'sql', 'power bi', 'excel', 'powerpoint']

Salary is $",69962.00
"What is the annual salary for this role to the nearest dollar?

Title: Data Engineer

Description:
Company: The Home Depot
Schedule: Full-time
Required Skills: ['tableau']

Salary is $",350000.00
"What is the annual salary for this role to the nearest dollar?

Title: Data Engineer

Description:
Company: Talent Insights Group
Schedule: Full-time
Required Skills: ['sql', 'python', 'databricks', 'snowflake']

Salary is $",115000.00
"What is the annual salary for this role to the nearest dollar?

Title: Data Scientist

Description:
Company: Walmart
Schedule: Full-time
Required Skills: ['python', 'sql', 'r', 'scala', 'java', 'azure', 'tensorflow', 'keras', 'pytorch', 'spark', 'express']

Salary is $",195000.00
"What is the annual salary for this role to the nearest dollar?

Title: Senior Data Engineer

Description:
Company: Rearc
Schedule: Full-time
Required Skills: ['python', 'sql', 'nosql', 'aws', 'gcp', 'azure', 'spark', 'airflow', 'numpy', 'pandas', 'terraform']

Salary is $",180000.00
"What is the annual salary for this role to the nearest dollar?

Title: Data Analyst

Description:
Company: PG&E Corporation
Schedule: Full-time
Required Skills: ['python', 'sql', 'aws', 'spark', 'plotly', 'tableau', 'excel', 'sap', 'word', 'power bi', 'powerpoint']

Salary is $",150000.00
"What is the annual salary for this role to the nearest dollar?

Title: Data Scientist

Description:
Company: ING
Schedule: Full-time
Required Skills: Not specified

Salary is $",90000.00
"What is the annual salary for this role to the nearest dollar?

Title: Data Scientist

Description:
Company: SGS
Schedule: Full-time
Required Skills: Not specified

Salary is $",109500.00
"What is the annual salary for this role to the nearest dollar?

Title: Senior Data Engineer

Description:
Company: RBC
Schedule: Full-time
Required Skills: ['java', 'html', 'spark', 'hadoop', 'react', 'spring', 'docker', 'jenkins', 'git', 'jira']

Salary is $",90000.00
"What is the annual salary for this role to the nearest dollar?

Title: Data Engineer

Description:
Company: Apple
Schedule: Full-time
Required Skills: ['sql', 'r', 'python', 'snowflake', 'aws', 'alteryx', 'tableau']

Salary is $",80000.00
"What is the annual salary for this role to the nearest dollar?

Title: Data Engineer

Description:
Company: Durlston Partners
Schedule: Full-time
Required Skills: ['python']

Salary is $",375000.00
"What is the annual salary for this role to the nearest dollar?

Title: Data Analyst

Description:
Company: PG&E Corporation
Schedule: Full-time
Required Skills: ['excel', 'power bi']

Salary is $",150000.00
"What is the annual salary for this role to the nearest dollar?

Title: Data Engineer (Remote)

Description:
Company: Teleperformance
Schedule: Full-time
Required Skills: ['sql', 'azure', 'databricks', 'spark', 'power bi']

Salary is $",120000.00
"What is the annual salary for this role to the nearest dollar?

Title: Machine Learning Engineer

Description:
Company: Visa
Schedule: Full-time
Required Skills: ['python', 'java', 'pytorch', 'tensorflow', 'scikit-learn', 'spark', 'pandas', 'numpy']

Salary is $",166000.00
"What is the annual salary for this role to the nearest dollar?

Title: Data Engineer

Description:
Company: neteffects
Schedule: Full-time
Required Skills: ['python', 'sql', 'aws']

Salary is $",105000.00
"What is the annual salary for this role to the nearest dollar?

Title: Senior Data Analyst

Description:
Company: American Express
Schedule: Full-time
Required Skills: ['sql', 'python', 'pyspark', 'scikit-learn', 'express', 'excel']

Salary is $",80000.00
"What is the annual salary for this role to the nearest dollar?

Title: Data Engineer

Description:
Company: Grid Dynamics Holdings, Inc
Schedule: Full-time
Required Skills: ['python', 'sql', 'databricks', 'snowflake', 'azure', 'spark', 'pyspark']

Salary is $",160000.00
"What is the annual salary for this role to the nearest dollar?

Title: Data Engineer

Description:
Company: Robert Half
Schedule: Full-time
Required Skills: ['sql', 'flow']

Salary is $",110000.00
"What is the annual salary for this role to the nearest dollar?

Title: Senior Data Analyst

Description:
Company: Intuitive
Schedule: Full-time
Required Skills: ['python', 'tableau']

Salary is $",119300.00
"What is the annual salary for this role to the nearest dollar?

Title: Senior Data Analyst

Description:
Company: Gympass
Schedule: Full-time
Required Skills: ['sql', 'python', 'tableau']

Salary is $",111175.00
"What is the annual salary for this role to the nearest dollar?

Title: Senior Data Analyst

Description:
Company: Bloomberg
Schedule: Full-time
Required Skills: ['python', 'sql', 'nosql', 'tableau', 'terminal']

Salary is $",90000.00
"What is the annual salary for this role to the nearest dollar?

Title: Data Analyst

Description:
Company: TikTok
Schedule: Full-time
Required Skills: ['express']

Salary is $",132166.00
"What is the annual salary for this role to the nearest dollar?

Title: Data Engineer

Description:
Company: Smart Source Technologies
Schedule: Full-time
Required Skills: ['scala', 'java', 'shell', 'perl', 'python', 'c++', 'spark', 'hadoop']

Salary is $",187500.00
"What is the annual salary for this role to the nearest dollar?

Title: Data Engineer (Remote)

Description:
Company: Lawrence Harvey
Schedule: Full-time
Required Skills: ['sql', 'python', 'r', 'matlab']

Salary is $",109000.00
"What is the annual salary for this role to the nearest dollar?

Title: Senior Data Scientist

Description:
Company: Jobot
Schedule: Full-time
Required Skills: ['go', 'python', 'aws', 'scikit-learn', 'tensorflow', 'pytorch']

Salary is $",175000.00
"What is the annual salary for this role to the nearest dollar?

Title: Data Engineer

Description:
Company: Lacework
Schedule: Full-time
Required Skills: ['r', 'sql', 'python', 'sas', 'sas', 'matlab', 'aws', 'azure', 'gcp', 'snowflake', 'spark', 'kubernetes']

Salary is $",209500.00
"What is the annual salary for this role to the nearest dollar?

Title: Data Analyst

Description:
Company: RFA Engineering
Schedule: Full-time
Required Skills: ['azure']

Salary is $",65000.00
"What is the annual salary for this role to the nearest dollar?

Title: Data Scientist (Remote)

Description:
Company: Storm3
Schedule: Full-time
Required Skills: ['python', 'aws', 'tensorflow', 'pytorch']

Salary is $",200000.00
"What is the annual salary for this role to the nearest dollar?

Title: Data Analyst

Description:
Company: Avinya Infotech
Schedule: Full-time
Required Skills: Not specified

Salary is $",90000.00
"What is the annual salary for this role to the nearest dollar?

Title: Data Scientist

Description:
Company: Maxar Technologies
Schedule: Full-time
Required Skills: ['python', 'sql', 'pyspark', 'gitlab']

Salary is $",125000.00
"What is the annual salary for this role to the nearest dollar?

Title: Data Engineer

Description:
Company: Atlassian
Schedule: Full-time
Required Skills: ['python', 'java', 'scala', 'sql', 'nosql', 'dynamodb', 'aws', 'spark', 'airflow', 'tableau', 'atlassian']

Salary is $",141303.00
"What is the annual salary for this role to the nearest dollar?

Title: Senior Data Engineer

Description:
Company: Jobot
Schedule: Full-time
Required Skills: ['python', 'aws', 'spark', 'pandas', 'flow']

Salary is $",177500.00
"What is the annual salary for this role to the nearest dollar?

Title: Data Analyst

Description:
Company: Cyient
Schedule: Full-time
Required Skills: ['excel']

Salary is $",65000.00
"What is the annual salary for this role to the nearest dollar?

Title: Data Analyst

Description:
Company: Lawyer.com
Schedule: Full-time
Required Skills: ['mysql', 'excel']

Salary is $",50000.00
"What is the annual salary for this role to the nearest dollar?

Title: Data Engineer

Description:
Company: Imprint Content
Schedule: Full-time
Required Skills: ['sql', 'python', 'snowflake', 'airflow', 'pyspark', 'github']

Salary is $",130000.00
"What is the annual salary for this role to the nearest dollar?

Title: Software Engineer

Description:
Company: Block
Schedule: Full-time
Required Skills: ['go', 'c', 'dynamodb', 'mysql', 'databricks', 'aws', 'kafka', 'spark', 'docker', 'terraform']

Salary is $",173000.00
"What is the annual salary for this role to the nearest dollar?

Title: Data Scientist

Description:
Company: Acro Service Corp
Schedule: Temp work
Required Skills: ['sql', 'snowflake', 'redshift', 'dax', 'power bi']

Salary is $",75000.00
"What is the annual salary for this role to the nearest dollar?

Title: Data Engineer (Remote)

Description:
Company: KTek Resourcing
Schedule: Full-time
Required Skills: ['sql', 't-sql', 'powershell', 'sql server', 'windows']

Salary is $",130000.00
"What is the annual salary for this role to the nearest dollar?

Title: Software Engineer

Description:
Company: Atos
Schedule: Full-time
Required Skills: ['python', 'linux', 'docker', 'kubernetes', 'github', 'git', 'gitlab']

Salary is $",57600.00
"What is the annual salary for this role to the nearest dollar?

Title: Senior Data Scientist

Description:
Company: Harnham
Schedule: Full-time
Required Skills: ['azure', 'databricks']

Salary is $",262500.00
"What is the annual salary for this role to the nearest dollar?

Title: Data Analyst

Description:
Company: Agiles Enterprise
Schedule: Full-time
Required Skills: ['sql']

Salary is $",80158.00
"What is the annual salary for this role to the nearest dollar?

Title: Senior Data Scientist

Description:
Company: Novo Nordisk
Schedule: Full-time
Required Skills: ['neo4j', 'aws', 'power bi']

Salary is $",170500.00
"What is the annual salary for this role to the nearest dollar?

Title: Senior Data Analyst

Description:
Company: Veeva Systems
Schedule: Full-time
Required Skills: ['sql', 'python', 'excel', 'jira']

Salary is $",105000.00
"What is the annual salary for this role to the nearest dollar?

Title: Data Engineer

Description:
Company: Devoteam
Schedule: Full-time
Required Skills: ['elasticsearch', 'aws', 'kafka']

Salary is $",147500.00
"What is the annual salary for this role to the nearest dollar?

Title: Data Scientist

Description:
Company: BEES
Schedule: Full-time
Required Skills: ['python', 'sql', 'databricks', 'tensorflow', 'pytorch', 'pyspark', 'numpy', 'pandas']

Salary is $",87705.00
"What is the annual salary for this role to the nearest dollar?

Title: Data Analyst

Description:
Company: Advanced Hires
Schedule: Full-time
Required Skills: ['r', 'python', 'sql', 'power bi', 'dax']

Salary is $",100000.00
"What is the annual salary for this role to the nearest dollar?

Title: Data Scientist

Description:
Company: Instagram
Schedule: Full-time
Required Skills: Not specified

Salary is $",277500.00
"What is the annual salary for this role to the nearest dollar?

Title: Senior Data Engineer (Remote)

Description:
Company: Quanta Credit Services, Inc
Schedule: Full-time
Required Skills: ['sql', 'python', 'r', 'java', 'go', 'aws', 'snowflake', 'tableau']

Salary is $",115000.00
"What is the annual salary for this role to the nearest dollar?

Title: Data Analyst

Description:
Company: Federal Transit Administration
Schedule: Full-time
Required Skills: Not specified

Salary is $",126802.00
"What is the annual salary for this role to the nearest dollar?

Title: Data Engineer (Remote)

Description:
Company: Carrot Fertility
Schedule: Full-time
Required Skills: ['sql', 'python', 'snowflake', 'aws', 'excel', 'git']

Salary is $",94500.00
"What is the annual salary for this role to the nearest dollar?

Title: Data Analyst

Description:
Company: Nisum
Schedule: Full-time
Required Skills: ['sql', 'python', 'go', 'tableau']

Salary is $",111175.00
"What is the annual salary for this role to the nearest dollar?

Title: Data Analyst

Description:
Company: MKD Electric
Schedule: Full-time
Required Skills: Not specified

Salary is $",65000.00
"What is the annual salary for this role to the nearest dollar?

Title: Data Analyst

Description:
Company: Connect Search, LLC
Schedule: Full-time
Required Skills: Not specified

Salary is $",95000.00
"What is the annual salary for this role to the nearest dollar?

Title: Data Scientist (Remote)

Description:
Company: US it Compnay
Schedule: Full-time
Required Skills: ['python', 'sql']

Salary is $",90000.00
"What is the annual salary for this role to the nearest dollar?

Title: Data Scientist

Description:
Company: CME Group
Schedule: Full-time
Required Skills: ['python', 'aws', 'azure', 'gcp', 'numpy', 'pandas', 'scikit-learn', 'nltk', 'pytorch', 'tensorflow', 'matplotlib', 'seaborn', 'looker', 'tableau', 'git', 'bitbucket']

Salary is $",90000.00
"What is the annual salary for this role to the nearest dollar?

Title: Data Scientist

Description:
Company: Robinhood
Schedule: Full-time
Required Skills: ['python', 'r']

Salary is $",175000.00
"What is the annual salary for this role to the nearest dollar?

Title: Senior Data Scientist (Remote)

Description:
Company: Global Alliant Inc
Schedule: Full-time
Required Skills: ['sql', 'python']

Salary is $",135000.00
"What is the annual salary for this role to the nearest dollar?

Title: Data Scientist

Description:
Company: Event Dynamic
Schedule: Full-time
Required Skills: ['python', 'sql', 'pandas']

Salary is $",75318.00
"What is the annual salary for this role to the nearest dollar?

Title: Data Scientist

Description:
Company: Human Edge
Schedule: Full-time
Required Skills: Not specified

Salary is $",105650.00
"What is the annual salary for this role to the nearest dollar?

Title: Data Engineer

Description:
Company: Taurean Consulting
Schedule: Contractor
Required Skills: ['sql', 'excel', 'ssis', 'ssrs']

Salary is $",135000.00
"What is the annual salary for this role to the nearest dollar?

Title: Data Scientist

Description:
Company: WAL-MART
Schedule: Full-time
Required Skills: ['r', 'python', 'scala', 'spark', 'tensorflow', 'excel']

Salary is $",254000.00
"What is the annual salary for this role to the nearest dollar?

Title: Data Scientist

Description:
Company: FNA
Schedule: Full-time
Required Skills: ['tableau', 'power bi']

Salary is $",130000.00
"What is the annual salary for this role to the nearest dollar?

Title: Software Engineer

Description:
Company: Southwest Research Institute (SwRI)
Schedule: Full-time
Required Skills: Not specified

Salary is $",125000.00
"What is the annual salary for this role to the nearest dollar?

Title: Data Analyst

Description:
Company: Budget, Division of
Schedule: Full-time
Required Skills: ['sas', 'sas', 'excel', 'spss', 'tableau']

Salary is $",64033.00
"What is the annual salary for this role to the nearest dollar?

Title: Data Analyst

Description:
Company: OKX
Schedule: Full-time
Required Skills: Not specified

Salary is $",79200.00
"What is the annual salary for this role to the nearest dollar?

Title: Data Scientist

Description:
Company: Toast
Schedule: Full-time
Required Skills: ['go', 'tensorflow', 'pytorch']

Salary is $",184500.00
"What is the annual salary for this role to the nearest dollar?

Title: Data Scientist

Description:
Company: Red Gate Group
Schedule: Full-time
Required Skills: ['r', 'python', 'mysql', 'hadoop', 'kafka', 'spark', 'plotly', 'seaborn', 'ggplot2']

Salary is $",180000.00
"What is the annual salary for this role to the nearest dollar?

Title: Senior Data Engineer (Remote)

Description:
Company: City Year
Schedule: Full-time
Required Skills: ['sql', 'python', 'azure', 'databricks', 'express', 'excel']

Salary is $",125000.00
"What is the annual salary for this role to the nearest dollar?

Title: Data Analyst

Description:
Company: Ameren Corporation
Schedule: Full-time
Required Skills: ['sql', 'r', 'python', 'vba', 'sas', 'sas', 'excel']

Salary is $",90000.00
"What is the annual salary for this role to the nearest dollar?

Title: Data Engineer

Description:
Company: Supernal
Schedule: Full-time
Required Skills: ['sql', 'snowflake', 'bigquery', 'aws', 'redshift', 'azure', 'spark', 'pyspark', 'kafka', 'git']

Salary is $",121680.00
"What is the annual salary for this role to the nearest dollar?

Title: Data Scientist

Description:
Company: BristolMyers Squibb
Schedule: Full-time
Required Skills: ['r', 'python', 'excel']

Salary is $",199000.00
"What is the annual salary for this role to the nearest dollar?

Title: Data Engineer

Description:
Company: Selby Jennings
Schedule: Full-time
Required Skills: ['sql', 'python', 'unix']

Salary is $",160000.00
"What is the annual salary for this role to the nearest dollar?

Title: Data Scientist

Description:
Company: Cohesion
Schedule: Full-time
Required Skills: ['python', 'r', 'sql', 'nosql', 'databricks', 'alteryx']

Salary is $",110000.00
"What is the annual salary for this role to the nearest dollar?

Title: Data Analyst

Description:
Company: UW Health
Schedule: Full-time
Required Skills: Not specified

Salary is $",101250.00
"What is the annual salary for this role to the nearest dollar?

Title: Data Analyst

Description:
Company: Cognizant
Schedule: Full-time
Required Skills: ['python', 'sql', 'r', 'power bi']

Salary is $",115000.00
"What is the annual salary for this role to the nearest dollar?

Title: Senior Data Analyst

Description:
Company: Cox Communications
Schedule: Full-time
Required Skills: ['sql', 'oracle', 'tableau', 'microstrategy', 'workfront', 'jira']

Salary is $",115000.00
"What is the annual salary for this role to the nearest dollar?

Title: Senior Data Analyst

Description:
Company: Elastic
Schedule: Full-time
Required Skills: ['sql', 'elasticsearch', 'alteryx', 'tableau']

Salary is $",79200.00
"What is the annual salary for this role to the nearest dollar?

Title: Senior Data Engineer

Description:
Company: Capital One
Schedule: Full-time
Required Skills: ['python', 'java', 'scala', 'nosql', 'mongo', 'shell', 'mysql', 'cassandra', 'aws', 'snowflake', 'redshift', 'hadoop', 'kafka', 'spark', 'jenkins', 'git']

Salary is $",173500.00
"What is the annual salary for this role to the nearest dollar?

Title: Machine Learning Engineer

Description:
Company: Extreme Networks
Schedule: Full-time
Required Skills: ['python', 'neo4j', 'tensorflow', 'pytorch', 'scikit-learn']

Salary is $",166000.00
"What is the annual salary for this role to the nearest dollar?

Title: Senior Data Analyst

Description:
Company: EVERSOURCE
Schedule: Full-time
Required Skills: ['sql', 'sql server', 'mysql', 'sqlite', 'oracle', 'ssis', 'ssrs']

Salary is $",104900.00
"What is the annual salary for this role to the nearest dollar?

Title: Data Scientist

Description:
Company: Woven by Toyota
Schedule: Full-time
Required Skills: Not specified

Salary is $",79200.00
"What is the annual salary for this role to the nearest dollar?

Title: Data Engineer (Remote)

Description:
Company: Patterned Learning AI
Schedule: Full-time
Required Skills: ['r', 'python', 'sas', 'sas', 'matlab', 'vba', 'sql', 'javascript', 'html', 'oracle']

Salary is $",75000.00
"What is the annual salary for this role to the nearest dollar?

Title: Senior Data Analyst

Description:
Company: Moladin
Schedule: Full-time
Required Skills: ['sql', 'sas', 'sas', 'r', 'python']

Salary is $",111175.00
"What is the annual salary for this role to the nearest dollar?

Title: Machine Learning Engineer

Description:
Company: Stripe
Schedule: Full-time
Required Skills: ['flow']

Salary is $",166000.00
"What is the annual salary for this role to the nearest dollar?

Title: Data Scientist

Description:
Company: Snowflake
Schedule: Full-time
Required Skills: ['python', 'sql', 'snowflake']

Salary is $",228000.00
"What is the annual salary for this role to the nearest dollar?

Title: Senior Data Scientist

Description:
Company: Veeva Systems Inc
Schedule: Full-time
Required Skills: ['sql', 'python', 'jira']

Salary is $",90000.00
"What is the annual salary for this role to the nearest dollar?

Title: Data Scientist

Description:
Company: Brooksource
Schedule: Contractor
Required Skills: ['r', 'python', 'sas', 'sas', 'aws', 'azure', 'hadoop', 'spark']

Salary is $",120000.00
"What is the annual salary for this role to the nearest dollar?

Title: Data Scientist

Description:
Company: Flexton Inc
Schedule: Contractor
Required Skills: Not specified

Salary is $",130000.00
"What is the annual salary for this role to the nearest dollar?

Title: Data Analyst

Description:
Company: Publicis Groupe
Schedule: Full-time
Required Skills: ['r', 'power bi']

Salary is $",57500.00
"What is the annual salary for this role to the nearest dollar?

Title: Data Engineer

Description:
Company: ZeroFox
Schedule: Full-time
Required Skills: ['sql', 'nosql', 'elasticsearch', 'bigquery', 'snowflake', 'databricks', 'spark', 'airflow']

Salary is $",133500.00
"What is the annual salary for this role to the nearest dollar?

Title: Data Scientist

Description:
Company: Avery Dennison
Schedule: Full-time
Required Skills: ['python', 'sql', 'r']

Salary is $",157500.00
"What is the annual salary for this role to the nearest dollar?

Title: Data Scientist (Remote)

Description:
Company: General Motors
Schedule: Full-time
Required Skills: ['r', 'python', 'sql', 'power bi']

Salary is $",116604.00
"What is the annual salary for this role to the nearest dollar?

Title: Data Engineer

Description:
Company: DNV
Schedule: Full-time
Required Skills: ['sql', 'python', 'azure', 'pyspark', 'spark', 'git']

Salary is $",100000.00
"What is the annual salary for this role to the nearest dollar?

Title: Senior Data Scientist

Description:
Company: Vanguard Group
Schedule: Full-time
Required Skills: Not specified

Salary is $",90000.00
"What is the annual salary for this role to the nearest dollar?

Title: Data Engineer

Description:
Company: Simpplr
Schedule: Full-time
Required Skills: ['sql', 'typescript', 'snowflake', 'react', 'looker', 'tableau', 'power bi', 'github', 'zoom']

Salary is $",79200.00
"What is the annual salary for this role to the nearest dollar?

Title: Data Scientist

Description:
Company: Pure Storage
Schedule: Full-time
Required Skills: ['go', 'python', 'r', 'sql', 'aws', 'numpy', 'pandas', 'scikit-learn', 'tensorflow', 'pytorch', 'jupyter', 'tableau']

Salary is $",157500.00
"What is the annual salary for this role to the nearest dollar?

Title: Data Analyst

Description:
Company: AIDS Healthcare Foundation
Schedule: Full-time
Required Skills: Not specified

Salary is $",80000.00
"What is the annual salary for this role to the nearest dollar?

Title: Data Engineer (Remote)

Description:
Company: Leading Edge
Schedule: Full-time
Required Skills: ['sql', 'sql server', 'azure', 'power bi', 'word', 'excel', 'outlook', 'powerpoint']

Salary is $",116000.00
"What is the annual salary for this role to the nearest dollar?

Title: Data Scientist

Description:
Company: IBM Careers
Schedule: Full-time
Required Skills: ['python', 'sql', 'go', 'redhat', 'github']

Salary is $",189500.00
"What is the annual salary for this role to the nearest dollar?

Title: Senior Data Scientist

Description:
Company: Davy
Schedule: Full-time
Required Skills: ['gdpr']

Salary is $",166420.00
"What is the annual salary for this role to the nearest dollar?

Title: Data Scientist

Description:
Company: Amplify
Schedule: Full-time
Required Skills: ['sql', 'python', 'dynamodb', 'snowflake', 'aws', 'airflow', 'looker', 'tableau', 'terraform']

Salary is $",125000.00
"What is the annual salary for this role to the nearest dollar?

Title: Data Scientist

Description:
Company: Bosch Group
Schedule: Full-time
Required Skills: ['python', 'sql', 'azure', 'spark', 'tableau', 'kubernetes']

Salary is $",157500.00
"What is the annual salary for this role to the nearest dollar?

Title: Data Scientist

Description:
Company: Understanding Recruitment
Schedule: Full-time
Required Skills: ['python']

Salary is $",100000.00
"What is the annual salary for this role to the nearest dollar?

Title: Data Analyst

Description:
Company: Sertis
Schedule: Full-time
Required Skills: ['sql', 'excel']

Salary is $",111175.00
"What is the annual salary for this role to the nearest dollar?

Title: Data Analyst

Description:
Company: Verkada Inc.
Schedule: Full-time
Required Skills: ['sql', 'python', 'snowflake', 'redshift', 'bigquery', 'phoenix', 'looker', 'tableau']

Salary is $",115000.00
"What is the annual salary for this role to the nearest dollar?

Title: Data Analyst

Description:
Company: Verisk
Schedule: Full-time
Required Skills: ['python', 'rust', 'r', 'sql']

Salary is $",56700.00
"What is the annual salary for this role to the nearest dollar?

Title: Data Scientist

Description:
Company: Standard Bank Group
Schedule: Full-time
Required Skills: Not specified

Salary is $",44100.00
"What is the annual salary for this role to the nearest dollar?

Title: Data Scientist

Description:
Company: Ora Apps
Schedule: Full-time
Required Skills: ['python', 'sql']

Salary is $",150000.00
"What is the annual salary for this role to the nearest dollar?

Title: Data Engineer

Description:
Company: Southwestern Energy Company
Schedule: Full-time
Required Skills: ['sql', 'python', 'sql server', 'spring', 'power bi']

Salary is $",125000.00
"What is the annual salary for this role to the nearest dollar?

Title: Senior Data Scientist

Description:
Company: Pinterest
Schedule: Full-time
Required Skills: Not specified

Salary is $",199641.00
"What is the annual salary for this role to the nearest dollar?

Title: Data Engineer

Description:
Company: Meta
Schedule: Full-time
Required Skills: ['sql', 'python', 'php']

Salary is $",225000.00
"What is the annual salary for this role to the nearest dollar?

Title: Data Scientist

Description:
Company: State of Indiana
Schedule: Full-time
Required Skills: ['sql', 'excel', 'tableau']

Salary is $",61022.00
"What is the annual salary for this role to the nearest dollar?

Title: Data Scientist

Description:
Company: Federal Aviation Administration
Schedule: Full-time
Required Skills: ['python', 'r']

Salary is $",79225.00
"What is the annual salary for this role to the nearest dollar?

Title: Machine Learning Engineer

Description:
Company: Amazon.com
Schedule: Full-time
Required Skills: ['python', 'java', 'c++', 'r', 'scikit-learn', 'spark', 'mxnet', 'tensorflow', 'numpy', 'hadoop']

Salary is $",198000.00
"What is the annual salary for this role to the nearest dollar?

Title: Data Engineer

Description:
Company: CVS Health
Schedule: Full-time
Required Skills: ['python', 'java', 'sql', 'shell', 'db2', 'gcp', 'oracle', 'spark', 'airflow', 'kafka', 'unix', 'jenkins', 'git']

Salary is $",172500.00
"What is the annual salary for this role to the nearest dollar?

Title: Data Analyst

Description:
Company: Docplanner
Schedule: Full-time
Required Skills: ['sheets', 'excel', 'power bi', 'tableau']

Salary is $",51014.00
"What is the annual salary for this role to the nearest dollar?

Title: Data Scientist

Description:
Company: Alert Innovation
Schedule: Full-time
Required Skills: ['sql', 'java', 'python', 'azure', 'power bi', 'tableau']

Salary is $",171000.00
"What is the annual salary for this role to the nearest dollar?

Title: Data Scientist

Description:
Company: CyberCube
Schedule: Full-time
Required Skills: ['python', 'pandas', 'scikit-learn']

Salary is $",157500.00
"What is the annual salary for this role to the nearest dollar?

Title: Business Analyst

Description:
Company: Robert Half
Schedule: Full-time
Required Skills: ['sql', 'excel', 'power bi']

Salary is $",57500.00
"What is the annual salary for this role to the nearest dollar?

Title: Senior Data Scientist (Remote)

Description:
Company: Harvard Business School
Schedule: Full-time
Required Skills: ['python', 'r', 'java', 'c++', 'sql', 'aws', 'gcp', 'tensorflow', 'spark', 'looker', 'zoom', 'unify']

Salary is $",175000.00
"What is the annual salary for this role to the nearest dollar?

Title: Senior Data Engineer

Description:
Company: Intelletec
Schedule: Full-time
Required Skills: ['python', 'aws']

Salary is $",152500.00
"What is the annual salary for this role to the nearest dollar?

Title: Data Analyst

Description:
Company: Citi
Schedule: Full-time
Required Skills: ['cognos', 'power bi']

Salary is $",91960.00
"What is the annual salary for this role to the nearest dollar?

Title: Senior Data Engineer

Description:
Company: Hitachi Solutions
Schedule: Full-time
Required Skills: ['sql', 'azure', 'databricks', 'pyspark', 'power bi']

Salary is $",147500.00
"What is the annual salary for this role to the nearest dollar?

Title: Machine Learning Engineer

Description:
Company: Roosh
Schedule: Full-time
Required Skills: ['c++', 'unity', 'unreal']

Salary is $",89100.00
"What is the annual salary for this role to the nearest dollar?

Title: Data Engineer

Description:
Company: Docebo
Schedule: Full-time
Required Skills: ['sql', 'python', 'scala', 'aws', 'azure', 'kafka', 'spark', 'gdpr', 'terraform', 'docker', 'kubernetes']

Salary is $",89100.00
"What is the annual salary for this role to the nearest dollar?

Title: Data Engineer

Description:
Company: AT&T
Schedule: Full-time
Required Skills: ['sql', 'python', 'mysql', 'oracle', 'aws', 'linux', 'windows']

Salary is $",150000.00
"What is the annual salary for this role to the nearest dollar?

Title: Data Analyst

Description:
Company: Banyan Treatment Center
Schedule: Full-time
Required Skills: ['sql', 'sql server', 'power bi', 'outlook', 'word', 'excel', 'powerpoint', 'monday.com', 'microsoft teams', 'zoom']

Salary is $",67500.00
"What is the annual salary for this role to the nearest dollar?

Title: Senior Data Analyst

Description:
Company: COX Enterprises
Schedule: Full-time
Required Skills: ['sql', 'python', 'r', 'pyspark', 'ggplot2', 'pandas', 'numpy', 'scikit-learn', 'hadoop', 'tableau', 'powerpoint', 'alteryx', 'flow']

Salary is $",96500.00
"What is the annual salary for this role to the nearest dollar?

Title: Data Scientist

Description:
Company: Johns Hopkins Applied Physics Lab
Schedule: Full-time
Required Skills: ['apl', 'python', 'matlab', 'go', 'dart']

Salary is $",90000.00
"What is the annual salary for this role to the nearest dollar?

Title: Senior Data Analyst

Description:
Company: 1stdibs.com
Schedule: Full-time
Required Skills: ['sql', 'sas', 'sas', 'looker', 'tableau']

Salary is $",128000.00
"What is the annual salary for this role to the nearest dollar?

Title: Data Analyst

Description:
Company: Clear Street
Schedule: Full-time
Required Skills: ['sql', 'python', 'snowflake', 'excel', 'sheets', 'github']

Salary is $",115000.00
"What is the annual salary for this role to the nearest dollar?

Title: Data Scientist

Description:
Company: DCI Solutions
Schedule: Full-time
Required Skills: ['python', 'java', 'c++']

Salary is $",160000.00
"What is the annual salary for this role to the nearest dollar?

Title: Software Engineer

Description:
Company: JFrog
Schedule: Full-time
Required Skills: ['sql', 'tableau']

Salary is $",79200.00
"What is the annual salary for this role to the nearest dollar?

Title: Data Analyst

Description:
Company: Motion Recruitment
Schedule: Full-time
Required Skills: ['sql', 'tableau']

Salary is $",170000.00
"What is the annual salary for this role to the nearest dollar?

Title: Data Engineer

Description:
Company: ALTEN
Schedule: Full-time
Required Skills: ['python', 'scala', 'azure', 'aws', 'gcp', 'hadoop', 'spark']

Salary is $",98302.00
"What is the annual salary for this role to the nearest dollar?

Title: Data Analyst

Description:
Company: Ryder System, Inc
Schedule: Full-time
Required Skills: ['sql', 'azure', 'express', 'power bi', 'tableau', 'alteryx']

Salary is $",90000.00
"What is the annual salary for this role to the nearest dollar?

Title: Business Analyst

Description:
Company: Momentum Resource Solutions
Schedule: Full-time
Required Skills: Not specified

Salary is $",80000.00
"What is the annual salary for this role to the nearest dollar?

Title: Data Scientist (Remote)

Description:
Company: Harnham
Schedule: Full-time
Required Skills: ['sql', 'tensorflow', 'spark', 'theano', 'pytorch', 'scikit-learn', 'keras', 'jupyter', 'gitlab', 'github']

Salary is $",135000.00
"What is the annual salary for this role to the nearest dollar?

Title: Data Scientist

Description:
Company: Cedars-Sinai
Schedule: Full-time
Required Skills: Not specified

Salary is $",64500.00
"What is the annual salary for this role to the nearest dollar?

Title: Data Scientist (Remote)

Description:
Company: The Travelers Companies, Inc.
Schedule: Full-time
Required Skills: ['aws']

Salary is $",161500.00
"What is the annual salary for this role to the nearest dollar?

Title: Data Engineer

Description:
Company: Flawless AI
Schedule: Full-time
Required Skills: ['python', 'aws', 'gcp', 'pytorch', 'tensorflow', 'keras', 'airflow', 'github', 'terraform']

Salary is $",96773.00
"What is the annual salary for this role to the nearest dollar?

Title: Data Engineer

Description:
Company: Veeva Systems
Schedule: Full-time
Required Skills: ['assembly', 'python', 'scala', 'kotlin', 'aws', 'databricks', 'airflow', 'spark']

Salary is $",89100.00
"What is the annual salary for this role to the nearest dollar?

Title: Data Analyst

Description:
Company: JobGiraffe
Schedule: Full-time
Required Skills: Not specified

Salary is $",47500.00
"What is the annual salary for this role to the nearest dollar?

Title: Data Scientist

Description:
Company: Bosch Group
Schedule: Full-time
Required Skills: ['sql', 'oracle', 'spark', 'git']

Salary is $",89100.00
"What is the annual salary for this role to the nearest dollar?

Title: Data Analyst (Remote)

Description:
Company: Gotely
Schedule: Full-time
Required Skills: ['sql', 'python', 'r', 'tableau', 'power bi']

Salary is $",90000.00
"What is the annual salary for this role to the nearest dollar?

Title: Data Engineer

Description:
Company: TrackMan
Schedule: Full-time
Required Skills: ['python', 'sql', 'nosql', 'aws', 'redshift', 'phoenix', 'linux']

Salary is $",96773.00
"What is the annual salary for this role to the nearest dollar?

Title: Data Engineer

Description:
Company: American Family Insurance Group
Schedule: Full-time
Required Skills: ['sql', 'python', 'java', 'aws', 'gcp', 'azure', 'hadoop', 'spark', 'phoenix', 'docker', 'terraform', 'jenkins', 'git']

Salary is $",115000.00
"What is the annual salary for this role to the nearest dollar?

Title: Senior Data Engineer

Description:
Company: Razzino Associates
Schedule: Full-time
Required Skills: ['java', 'python', 'sql', 'databricks', 'snowflake', 'bigquery', 'spark', 'spring', 'flask']

Salary is $",137500.00
"What is the annual salary for this role to the nearest dollar?

Title: Senior Data Scientist

Description:
Company: Public Storage
Schedule: Full-time
Required Skills: ['sql', 'python', 'github', 'confluence']

Salary is $",160000.00
"What is the annual salary for this role to the nearest dollar?

Title: Machine Learning Engineer

Description:
Company: iTechScope
Schedule: Full-time
Required Skills: ['spark', 'kubernetes', 'docker']

Salary is $",104668.00
"What is the annual salary for this role to the nearest dollar?

Title: Data Analyst

Description:
Company: Vertex Solutions Inc.
Schedule: Full-time
Required Skills: ['sql', 'power bi', 'tableau']

Salary is $",82500.00
"What is the annual salary for this role to the nearest dollar?

Title: Data Engineer

Description:
Company: Stryker Corporation
Schedule: Full-time
Required Skills: ['go', 'nosql', 'sql', 'mongodb', 'mongodb', 'postgresql', 'mysql', 'azure', 'hadoop', 'spark', 'kafka', 'airflow', 'flow', 'jira']

Salary is $",197000.00
"What is the annual salary for this role to the nearest dollar?

Title: Data Analyst

Description:
Company: Cepheid
Schedule: Full-time
Required Skills: ['matlab', 'python']

Salary is $",170000.00
"What is the annual salary for this role to the nearest dollar?

Title: Data Scientist

Description:
Company: Karma Management Global Consulting Solutions Pvt Ltd
Schedule: Full-time
Required Skills: ['python', 'r', 'sql', 'sas', 'sas', 'tableau', 'power bi']

Salary is $",90000.00
"What is the annual salary for this role to the nearest dollar?

Title: Business Analyst

Description:
Company: Amazon.com
Schedule: Full-time
Required Skills: ['sql', 'python', 'aws', 'redshift', 'tableau', 'flow']

Salary is $",153500.00
"What is the annual salary for this role to the nearest dollar?

Title: Data Analyst

Description:
Company: Zero Labs Automotive
Schedule: Full-time
Required Skills: Not specified

Salary is $",98500.00
"What is the annual salary for this role to the nearest dollar?

Title: Business Analyst (Remote)

Description:
Company: Get It Recruit - Hospitality
Schedule: Full-time
Required Skills: ['sql', 'redshift', 'tableau', 'sharepoint', 'excel']

Salary is $",93500.00
"What is the annual salary for this role to the nearest dollar?

Title: Data Analyst

Description:
Company: SupportNinja
Schedule: Full-time
Required Skills: ['windows', 'excel', 'jira']

Salary is $",89204.00
"What is the annual salary for this role to the nearest dollar?

Title: Senior Data Engineer

Description:
Company: Edward Jones
Schedule: Full-time
Required Skills: ['python', 'azure']

Salary is $",122470.00
"What is the annual salary for this role to the nearest dollar?

Title: Data Scientist

Description:
Company: Patterned Learning AI
Schedule: Full-time
Required Skills: ['python', 'databricks', 'pandas', 'numpy', 'matplotlib', 'pyspark']

Salary is $",75000.00
"What is the annual salary for this role to the nearest dollar?

Title: Data Scientist

Description:
Company: ICF Next
Schedule: Full-time
Required Skills: ['r', 'python', 'sas', 'sas', 'sql', 'power bi', 'sharepoint', 'spss', 'excel', 'tableau', 'microstrategy', 'confluence', 'jira']

Salary is $",115000.00
"What is the annual salary for this role to the nearest dollar?

Title: Senior Data Scientist

Description:
Company: Guardian Life Insurance
Schedule: Full-time
Required Skills: ['python', 'c++', 'java', 'azure', 'watson', 'snowflake', 'redshift', 'databricks', 'jupyter', 'pyspark', 'pytorch', 'tensorflow', 'spark', 'spring']

Salary is $",150000.00
"What is the annual salary for this role to the nearest dollar?

Title: Senior Data Engineer (Remote)

Description:
Company: KeHE Distributors
Schedule: Full-time
Required Skills: ['sql', 'python', 'c#', 'aws', 'redshift', 'pyspark', 'ssis', 'ssrs', 'flow', 'git']

Salary is $",124638.00
"What is the annual salary for this role to the nearest dollar?

Title: Senior Data Engineer

Description:
Company: Autofleet
Schedule: Full-time
Required Skills: ['python', 'sql', 'nosql', 'spark']

Salary is $",147500.00
"What is the annual salary for this role to the nearest dollar?

Title: Data Analyst

Description:
Company: ASI
Schedule: Full-time
Required Skills: ['sql', 'java', 'python', 'azure', 'aws', 'snowflake', 'hadoop', 'jenkins', 'docker', 'kubernetes', 'git', 'github']

Salary is $",89100.00
"What is the annual salary for this role to the nearest dollar?

Title: Data Analyst

Description:
Company: Specialized Recruiting Group - Charlotte, NC
Schedule: Full-time
Required Skills: ['sql', 'python', 'excel']

Salary is $",145000.00
"What is the annual salary for this role to the nearest dollar?

Title: Data Analyst

Description:
Company: Citi
Schedule: Full-time
Required Skills: ['sql', 'r', 'python', 'tableau']

Salary is $",53620.00
"What is the annual salary for this role to the nearest dollar?

Title: Software Engineer

Description:
Company: Sumo Logic
Schedule: Contractor
Required Skills: ['scala', 'aws', 'kafka', 'kubernetes']

Salary is $",65769.00
"What is the annual salary for this role to the nearest dollar?

Title: Software Engineer

Description:
Company: Verisk Analytics
Schedule: Full-time
Required Skills: ['sql', 'sql server', 'azure', 'react', 'vue', 'angular', 'git', 'terraform']

Salary is $",125000.00
"What is the annual salary for this role to the nearest dollar?

Title: Data Scientist

Description:
Company: Ace Hardware
Schedule: Full-time
Required Skills: ['python', 'r']

Salary is $",104550.00
"What is the annual salary for this role to the nearest dollar?

Title: Data Analyst

Description:
Company: CGS Federal (Contact Government Services)
Schedule: Full-time
Required Skills: ['oracle', 'unix']

Salary is $",170000.00
"What is the annual salary for this role to the nearest dollar?

Title: Data Scientist

Description:
Company: IBM
Schedule: Full-time and Part-time
Required Skills: ['r', 'python', 'java', 'scala', 'sas', 'sas', 'matlab', 'aws', 'azure', 'spss']

Salary is $",107000.00
"What is the annual salary for this role to the nearest dollar?

Title: Senior Data Engineer

Description:
Company: Signify Technology Group Inc
Schedule: Full-time
Required Skills: ['scala', 'python', 'elasticsearch', 'spark', 'hadoop']

Salary is $",165000.00
"What is the annual salary for this role to the nearest dollar?

Title: Data Engineer (Remote)

Description:
Company: Flexton Inc.
Schedule: Full-time
Required Skills: ['sql', 'python', 'snowflake', 'oracle', 'aws', 'pandas']

Salary is $",137500.00
"What is the annual salary for this role to the nearest dollar?

Title: Senior Data Scientist

Description:
Company: UnitedHealth Group
Schedule: Full-time
Required Skills: ['sql', 'c#', 'java', 'visual basic', 'ruby', 'ruby', 'r', 'python', 'oracle', 'tableau', 'ssis']

Salary is $",100400.00
"What is the annual salary for this role to the nearest dollar?

Title: Data Scientist

Description:
Company: Genentech
Schedule: Full-time
Required Skills: ['r', 'python', 'aws', 'gcp', 'tensorflow', 'keras', 'pytorch', 'hadoop', 'spark', 'tableau', 'qlik']

Salary is $",254500.00
"What is the annual salary for this role to the nearest dollar?

Title: Senior Data Analyst

Description:
Company: MoonPay
Schedule: Full-time
Required Skills: ['sql', 'bigquery', 'looker']

Salary is $",111175.00
"What is the annual salary for this role to the nearest dollar?

Title: Senior Data Scientist

Description:
Company: The Walt Disney Company
Schedule: Full-time
Required Skills: ['smartsheet', 'jira']

Salary is $",125000.00
"What is the annual salary for this role to the nearest dollar?

Title: Data Analyst

Description:
Company: Certus Sales Recruitment
Schedule: Full-time
Required Skills: ['sql', 'excel']

Salary is $",90000.00
"What is the annual salary for this role to the nearest dollar?

Title: Data Analyst

Description:
Company: Citi
Schedule: Full-time
Required Skills: ['r', 'python', 'tableau']

Salary is $",172015.00
"What is the annual salary for this role to the nearest dollar?

Title: Senior Data Engineer

Description:
Company: Capital One Financial Corporation
Schedule: Full-time
Required Skills: ['java', 'scala', 'python', 'nosql', 'sql', 'mongo', 'shell', 'mysql', 'cassandra', 'redshift', 'snowflake', 'aws', 'azure', 'hadoop', 'kafka', 'spark']

Salary is $",125000.00
"What is the annual salary for this role to the nearest dollar?

Title: Cloud Engineer

Description:
Company: Clemson University
Schedule: Full-time
Required Skills: ['express']

Salary is $",57600.00
"What is the annual salary for this role to the nearest dollar?

Title: Software Engineer

Description:
Company: Robert Half
Schedule: Full-time
Required Skills: ['sql', 'javascript', 't-sql']

Salary is $",82500.00
"What is the annual salary for this role to the nearest dollar?

Title: Data Scientist

Description:
Company: Navy Federal Credit Union
Schedule: Full-time
Required Skills: ['r', 'python', 'matplotlib', 'ggplot2', 'spark', 'word', 'power bi', 'tableau', 'spreadsheet', 'excel', 'powerpoint']

Salary is $",136400.00
"What is the annual salary for this role to the nearest dollar?

Title: Cloud Engineer

Description:
Company: Tomra
Schedule: Full-time
Required Skills: ['python', 'azure', 'kubernetes', 'docker']

Salary is $",89100.00
"What is the annual salary for this role to the nearest dollar?

Title: Data Scientist

Description:
Company: Snowflake
Schedule: Full-time
Required Skills: ['python', 'sql', 'snowflake']

Salary is $",228000.00
"What is the annual salary for this role to the nearest dollar?

Title: Data Engineer

Description:
Company: MUFG Investor Services
Schedule: Full-time
Required Skills: ['sql', 'python', 'flow']

Salary is $",133000.00
"What is the annual salary for this role to the nearest dollar?

Title: Data Analyst

Description:
Company: Citi
Schedule: Full-time
Required Skills: ['sql', 'neo4j', 'oracle', 'tableau']

Salary is $",117200.00
"What is the annual salary for this role to the nearest dollar?

Title: Data Engineer (Remote)

Description:
Company: HirePlace
Schedule: Full-time
Required Skills: ['sql', 'c#', 'python', 'powershell', 'azure', 'power bi']

Salary is $",125000.00
"What is the annual salary for this role to the nearest dollar?

Title: Data Scientist (Remote)

Description:
Company: Harnham
Schedule: Full-time
Required Skills: ['python', 'sql', 'aws']

Salary is $",195000.00
"What is the annual salary for this role to the nearest dollar?

Title: Senior Data Analyst

Description:
Company: Patterned Learning AI
Schedule: Full-time
Required Skills: ['sql', 'tableau', 'excel', 'sheets']

Salary is $",185000.00
"What is the annual salary for this role to the nearest dollar?

Title: Data Scientist

Description:
Company: US Offices, Boards and Divisions
Schedule: Full-time and Part-time
Required Skills: ['r', 'sas', 'sas', 'sql', 'c']

Salary is $",112104.00
"What is the annual salary for this role to the nearest dollar?

Title: Business Analyst

Description:
Company: ClinDCast LLC
Schedule: Full-time
Required Skills: Not specified

Salary is $",85000.00
"What is the annual salary for this role to the nearest dollar?

Title: Data Scientist

Description:
Company: Rolls-Royce
Schedule: Full-time
Required Skills: ['excel']

Salary is $",72900.00
"What is the annual salary for this role to the nearest dollar?

Title: Data Scientist

Description:
Company: Walmart Connect
Schedule: Full-time
Required Skills: ['python', 'sql', 'azure', 'gcp', 'tensorflow', 'hadoop', 'spark', 'pyspark', 'tableau']

Salary is $",140000.00
"What is the annual salary for this role to the nearest dollar?

Title: Data Analyst

Description:
Company: Get It Recruit - Healthcare
Schedule: Full-time
Required Skills: ['excel']

Salary is $",76892.00
"What is the annual salary for this role to the nearest dollar?

Title: Data Analyst

Description:
Company: Bosch Group
Schedule: Full-time
Required Skills: ['python', 'spark']

Salary is $",57500.00
"What is the annual salary for this role to the nearest dollar?

Title: Data Scientist (Remote)

Description:
Company: Ancestry
Schedule: Full-time
Required Skills: ['python', 'java', 'aws', 'tensorflow', 'pytorch']

Salary is $",129500.00
"What is the annual salary for this role to the nearest dollar?

Title: Data Engineer

Description:
Company: Robert Half
Schedule: Full-time
Required Skills: ['sql', 'sql server', 'windows', 'ssrs', 'power bi']

Salary is $",110000.00
"What is the annual salary for this role to the nearest dollar?

Title: Data Engineer

Description:
Company: Intelliswift Software Inc
Schedule: Full-time
Required Skills: ['sql', 'python', 'spark']

Salary is $",175000.00
"What is the annual salary for this role to the nearest dollar?

Title: Data Analyst

Description:
Company: Robert Half
Schedule: Full-time
Required Skills: ['sql', 'python', 'plotly', 'pandas', 'scikit-learn', 'tableau']

Salary is $",115000.00
"What is the annual salary for this role to the nearest dollar?

Title: Senior Data Engineer

Description:
Company: Engtal
Schedule: Full-time
Required Skills: Not specified

Salary is $",375000.00
"What is the annual salary for this role to the nearest dollar?

Title: Data Engineer

Description:
Company: CVS Health
Schedule: Full-time
Required Skills: ['python', 'java', 'shell', 'sql', 'sql server', 'mysql', 'db2', 'oracle', 'hadoop']

Salary is $",115000.00
"What is the annual salary for this role to the nearest dollar?

Title: Data Scientist

Description:
Company: Tipico
Schedule: Full-time
Required Skills: ['r', 'python', 'sql', 'redshift']

Salary is $",89100.00
"What is the annual salary for this role to the nearest dollar?

Title: Data Analyst

Description:
Company: Think Bioscience
Schedule: Full-time
Required Skills: ['assembly']

Salary is $",70000.00
"What is the annual salary for this role to the nearest dollar?

Title: Data Engineer

Description:
Company: Meta
Schedule: Full-time
Required Skills: ['sql', 'python', 'c++', 'c#', 'scala']

Salary is $",137500.00
"What is the annual salary for this role to the nearest dollar?

Title: Data Scientist

Description:
Company: Hook
Schedule: Full-time
Required Skills: ['sql', 'python', 'aws', 'pandas', 'numpy', 'matplotlib']

Salary is $",88128.00
"What is the annual salary for this role to the nearest dollar?

Title: Senior Data Scientist

Description:
Company: Celonis
Schedule: Full-time
Required Skills: ['sql', 'python', 'pandas', 'jira']

Salary is $",189000.00
"What is the annual salary for this role to the nearest dollar?

Title: Data Engineer

Description:
Company: SentinelOne
Schedule: Full-time
Required Skills: ['python', 'scala', 'go', 'sql', 'aws', 'gcp', 'bigquery', 'snowflake', 'redshift', 'windows', 'tableau', 'looker', 'power bi']

Salary is $",89100.00
"What is the annual salary for this role to the nearest dollar?

Title: Data Analyst

Description:
Company: Centene Corp
Schedule: Full-time
Required Skills: ['python', 'r']

Salary is $",90000.00
"What is the annual salary for this role to the nearest dollar?

Title: Data Scientist

Description:
Company: Winston Fox
Schedule: Full-time
Required Skills: ['python', 'r']

Salary is $",115000.00
"What is the annual salary for this role to the nearest dollar?

Title: Data Engineer

Description:
Company: Unissant
Schedule: Full-time
Required Skills: ['java', 'scala', 'sql', 'shell', 'go', 'cassandra', 'dynamodb', 'elasticsearch', 'aws', 'spark', 'kafka', 'excel', 'git', 'jenkins', 'docker', 'kubernetes']

Salary is $",125000.00
"What is the annual salary for this role to the nearest dollar?

Title: Data Analyst

Description:
Company: AppleOne
Schedule: Full-time
Required Skills: Not specified

Salary is $",83500.00
"What is the annual salary for this role to the nearest dollar?

Title: Data Engineer

Description:
Company: United Software Group Inc
Schedule: Full-time
Required Skills: ['sql', 'oracle', 'azure', 'snowflake']

Salary is $",175000.00
"What is the annual salary for this role to the nearest dollar?

Title: Business Analyst

Description:
Company: Data Wow
Schedule: Full-time
Required Skills: ['c', 'windows', 'excel', 'word', 'powerpoint', 'outlook']

Salary is $",64800.00
"What is the annual salary for this role to the nearest dollar?

Title: Software Engineer

Description:
Company: Leading Path
Schedule: Full-time
Required Skills: Not specified

Salary is $",100000.00
"What is the annual salary for this role to the nearest dollar?

Title: Data Scientist

Description:
Company: Enova
Schedule: Full-time
Required Skills: ['python', 'r', 'sql']

Salary is $",157500.00
"What is the annual salary for this role to the nearest dollar?

Title: Data Engineer

Description:
Company: Northrop Grumman
Schedule: Full-time
Required Skills: ['javascript', 'python', 'sql', 'c++', 'sql server', 'aws', 'pytorch', 'tensorflow', 'pandas', 'django', 'flask', 'linux', 'tableau', 'docker']

Salary is $",131000.00
"What is the annual salary for this role to the nearest dollar?

Title: Data Analyst

Description:
Company: The Blackstone Group
Schedule: Full-time
Required Skills: ['python', 'snowflake', 'excel', 'powerpoint', 'tableau']

Salary is $",157500.00
"What is the annual salary for this role to the nearest dollar?

Title: Data Analyst

Description:
Company: Federal Services
Schedule: Full-time
Required Skills: ['sql', 'sas', 'sas', 'excel']

Salary is $",92550.00
"What is the annual salary for this role to the nearest dollar?

Title: Data Analyst (Remote)

Description:
Company: Modis
Schedule: Full-time
Required Skills: ['sql', 'azure']

Salary is $",105000.00
"What is the annual salary for this role to the nearest dollar?

Title: Senior Data Analyst

Description:
Company: TeamViewer
Schedule: Full-time
Required Skills: ['python', 'go', 'docker']

Salary is $",111175.00
"What is the annual salary for this role to the nearest dollar?

Title: Data Scientist

Description:
Company: 84.51°
Schedule: Full-time
Required Skills: ['python', 'r', 'sql', 'excel']

Salary is $",167375.00
"What is the annual salary for this role to the nearest dollar?

Title: Senior Data Engineer

Description:
Company: Oncology Analytics
Schedule: Full-time
Required Skills: ['python', 'sql', 'flow']

Salary is $",90000.00
"What is the annual salary for this role to the nearest dollar?

Title: Data Analyst

Description:
Company: Verisk
Schedule: Full-time
Required Skills: ['r', 'python', 'sql', 'nosql', 'mongodb', 'mongodb', 'neo4j', 'hadoop', 'tableau', 'excel']

Salary is $",105000.00
"What is the annual salary for this role to the nearest dollar?

Title: Data Engineer

Description:
Company: Robert Half
Schedule: Full-time
Required Skills: ['python', 'sql', 'azure', 'databricks', 'spark']

Salary is $",175000.00
"What is the annual salary for this role to the nearest dollar?

Title: Machine Learning Engineer (Remote)

Description:
Company: Harnham
Schedule: Full-time
Required Skills: ['sql', 'scala', 'c#', 'java', 'python', 'spark']

Salary is $",180000.00
"What is the annual salary for this role to the nearest dollar?

Title: Data Engineer

Description:
Company: The Travelers Companies, Inc
Schedule: Full-time
Required Skills: Not specified

Salary is $",150000.00
"What is the annual salary for this role to the nearest dollar?

Title: Data Engineer

Description:
Company: Standard Bank Group
Schedule: Full-time
Required Skills: ['sql', 'ssrs']

Salary is $",44100.00
"What is the annual salary for this role to the nearest dollar?

Title: Data Analyst

Description:
Company: Ledgent Technology
Schedule: Full-time
Required Skills: ['sql', 'java', 'python', 'r']

Salary is $",137280.00
"What is the annual salary for this role to the nearest dollar?

Title: Data Engineer

Description:
Company: Optum
Schedule: Full-time
Required Skills: ['java', 'python', 'sql', 'nosql', 'go', 'aws', 'azure', 'spark', 'hadoop', 'airflow', 'yarn', 'kubernetes']

Salary is $",137280.00
"What is the annual salary for this role to the nearest dollar?

Title: Data Scientist

Description:
Company: System1
Schedule: Full-time
Required Skills: ['python', 'sql', 'aws', 'snowflake', 'bigquery', 'pandas', 'numpy', 'matplotlib', 'seaborn', 'hadoop', 'spark', 'jupyter', 'tableau', 'looker', 'power bi']

Salary is $",150000.00
"What is the annual salary for this role to the nearest dollar?

Title: Senior Data Scientist

Description:
Company: GoodRx
Schedule: Full-time
Required Skills: ['python', 'aws', 'pandas', 'numpy', 'spark', 'excel']

Salary is $",195500.00
"What is the annual salary for this role to the nearest dollar?

Title: Business Analyst

Description:
Company: Experian
Schedule: Full-time
Required Skills: ['sql', 'oracle', 'windows', 'unix', 'flow']

Salary is $",63000.00
"What is the annual salary for this role to the nearest dollar?

Title: Data Analyst

Description:
Company: HUB International
Schedule: Full-time
Required Skills: ['excel', 'powerpoint', 'power bi', 'tableau']

Salary is $",80000.00
"What is the annual salary for this role to the nearest dollar?

Title: Senior Data Engineer

Description:
Company: Citigroup, Inc
Schedule: Full-time
Required Skills: ['selenium', 'bitbucket', 'jenkins', 'git', 'jira']

Salary is $",90000.00
"What is the annual salary for this role to the nearest dollar?

Title: Senior Data Scientist

Description:
Company: Tempus
Schedule: Full-time
Required Skills: ['python', 'sql', 'bigquery', 'pandas', 'numpy', 'scikit-learn', 'jupyter', 'linux', 'docker', 'git']

Salary is $",160000.00
"What is the annual salary for this role to the nearest dollar?

Title: Senior Data Analyst

Description:
Company: Wolt
Schedule: Full-time
Required Skills: ['python', 'r', 'go', 'sql', 'looker', 'tableau']

Salary is $",111175.00
"What is the annual salary for this role to the nearest dollar?

Title: Machine Learning Engineer

Description:
Company: People Can Fly
Schedule: Full-time
Required Skills: ['c++', 'unreal']

Salary is $",89100.00
"What is the annual salary for this role to the nearest dollar?

Title: Data Analyst

Description:
Company: Citi
Schedule: Full-time
Required Skills: ['excel', 'word', 'powerpoint']

Salary is $",40560.00
"What is the annual salary for this role to the nearest dollar?

Title: Senior Data Analyst

Description:
Company: Ageras
Schedule: Full-time
Required Skills: ['sql', 'snowflake', 'github', 'terraform']

Salary is $",100500.00
"What is the annual salary for this role to the nearest dollar?

Title: Data Scientist (Remote)

Description:
Company: New York Life Insurance Co
Schedule: Full-time
Required Skills: ['go', 'python', 'r', 'sql', 'oracle', 'spark', 'hadoop', 'tableau', 'github']

Salary is $",148000.00
"What is the annual salary for this role to the nearest dollar?

Title: Senior Data Analyst

Description:
Company: NYC Health + Hospitals
Schedule: Full-time
Required Skills: Not specified

Salary is $",110000.00
"What is the annual salary for this role to the nearest dollar?

Title: Data Scientist

Description:
Company: Service Experts Heating & Air Conditioning
Schedule: Full-time
Required Skills: ['python', 'sql', 'nosql', 'tableau', 'power bi']

Salary is $",127500.00
"What is the annual salary for this role to the nearest dollar?

Title: Business Analyst

Description:
Company: STAND 8
Schedule: Full-time
Required Skills: ['sql', 'excel', 'tableau', 'power bi', 'ssrs', 'powerpoint']

Salary is $",112525.00
"What is the annual salary for this role to the nearest dollar?

Title: Data Scientist (Remote)

Description:
Company: Centene Corporation
Schedule: Full-time
Required Skills: ['sas', 'sas', 'r', 'sql', 'db2', 'sql server', 'mysql', 'oracle', 'hadoop', 'sap']

Salary is $",145000.00
"What is the annual salary for this role to the nearest dollar?

Title: Data Scientist

Description:
Company: Bristol Myers Squibb
Schedule: Full-time
Required Skills: ['excel']

Salary is $",43200.00
"What is the annual salary for this role to the nearest dollar?

Title: Senior Data Engineer

Description:
Company: CVS Health
Schedule: Full-time
Required Skills: ['java', 'python', 'sql', 'nosql', 'oracle', 'pyspark', 'hadoop', 'spark', 'airflow', 'kafka', 'jenkins', 'git']

Salary is $",115000.00
"What is the annual salary for this role to the nearest dollar?

Title: Data Analyst

Description:
Company: Harrisburg Area Community College
Schedule: Full-time
Required Skills: ['sql']

Salary is $",58568.00
"What is the annual salary for this role to the nearest dollar?

Title: Data Analyst

Description:
Company: Adevinta
Schedule: Full-time
Required Skills: ['sql', 'python', 'r', 'databricks', 'pandas', 'numpy', 'matplotlib', 'scikit-learn', 'airflow', 'word', 'tableau']

Salary is $",111175.00
"What is the annual salary for this role to the nearest dollar?

Title: Data Scientist

Description:
Company: Forter
Schedule: Full-time
Required Skills: ['python', 'sql', 'nosql', 'spark', 'flow']

Salary is $",192000.00
"What is the annual salary for this role to the nearest dollar?

Title: Data Analyst

Description:
Company: NielsenIQ
Schedule: Full-time
Required Skills: ['vba', 'flow']

Salary is $",70500.00
"What is the annual salary for this role to the nearest dollar?

Title: Data Analyst

Description:
Company: Q-Med Corporation
Schedule: Full-time
Required Skills: ['word', 'excel']

Salary is $",42500.00
"What is the annual salary for this role to the nearest dollar?

Title: Data Analyst

Description:
Company: Visionary Innovative Technology Solutions LLC
Schedule: Full-time
Required Skills: Not specified

Salary is $",115000.00
"What is the annual salary for this role to the nearest dollar?

Title: Data Engineer

Description:
Company: Bosch Group
Schedule: Full-time
Required Skills: ['spark', 'sap']

Salary is $",165000.00
"What is the annual salary for this role to the nearest dollar?

Title: Data Scientist (Remote)

Description:
Company: Patterned Learning AI
Schedule: Full-time
Required Skills: ['python', 'r', 'sql', 'tensorflow', 'scikit-learn']

Salary is $",40000.00
"What is the annual salary for this role to the nearest dollar?

Title: Data Engineer (Remote)

Description:
Company: The Wendy's Company
Schedule: Full-time
Required Skills: ['python', 'looker']

Salary is $",86500.00
"What is the annual salary for this role to the nearest dollar?

Title: Data Analyst

Description:
Company: Rutgers University
Schedule: Full-time
Required Skills: ['go', 'sas', 'sas', 'r', 'spss', 'word', 'excel', 'powerpoint']

Salary is $",81682.00
"What is the annual salary for this role to the nearest dollar?

Title: Data Scientist

Description:
Company: National Oceanic and Atmospheric Administration
Schedule: Full-time
Required Skills: ['r', 'python', 'sas', 'sas', 'spring', 'tableau']

Salary is $",69107.00
"What is the annual salary for this role to the nearest dollar?

Title: Data Engineer (Remote)

Description:
Company: SDV INTERNATIONAL
Schedule: Full-time
Required Skills: ['java', 'sql', 'c', 'crystal', 'sas', 'sas', 'oracle', 'sap', 'cognos']

Salary is $",154224.00
"What is the annual salary for this role to the nearest dollar?

Title: Cloud Engineer

Description:
Company: Ntirety
Schedule: Full-time
Required Skills: ['windows', 'linux']

Salary is $",86500.00
"What is the annual salary for this role to the nearest dollar?

Title: Senior Data Engineer (Remote)

Description:
Company: DeepRec.ai
Schedule: Full-time
Required Skills: ['aws', 'gcp', 'azure', 'opencv', 'pandas', 'numpy', 'tensorflow', 'pytorch', 'spark', 'hadoop']

Salary is $",162500.00
"What is the annual salary for this role to the nearest dollar?

Title: Data Analyst

Description:
Company: Harvard Strategic Data Project
Schedule: Full-time
Required Skills: ['sql', 'python', 'tableau', 'word', 'slack']

Salary is $",82500.00
"What is the annual salary for this role to the nearest dollar?

Title: Data Scientist

Description:
Company: Jobot
Schedule: Full-time
Required Skills: ['python', 'aws', 'azure']

Salary is $",150000.00
"What is the annual salary for this role to the nearest dollar?

Title: Senior Data Analyst

Description:
Company: Evolution Recruitment Solutions, USA
Schedule: Full-time
Required Skills: ['sql']

Salary is $",100000.00
"What is the annual salary for this role to the nearest dollar?

Title: Data Analyst

Description:
Company: Acadia Technologies, Inc.
Schedule: Full-time
Required Skills: Not specified

Salary is $",50000.00
"What is the annual salary for this role to the nearest dollar?

Title: Data Analyst

Description:
Company: Family Connections, Inc.
Schedule: Full-time
Required Skills: ['outlook', 'word', 'excel']

Salary is $",57500.00
"What is the annual salary for this role to the nearest dollar?

Title: Data Scientist (Remote)

Description:
Company: Mineral.ai
Schedule: Full-time
Required Skills: ['python', 'sql', 'databricks', 'spark']

Salary is $",185000.00
"What is the annual salary for this role to the nearest dollar?

Title: Data Scientist

Description:
Company: NielsenIQ
Schedule: Full-time
Required Skills: ['excel']

Salary is $",56700.00
"What is the annual salary for this role to the nearest dollar?

Title: Data Engineer

Description:
Company: Robert Half
Schedule: Full-time
Required Skills: ['azure', 'databricks']

Salary is $",135000.00
"What is the annual salary for this role to the nearest dollar?

Title: Data Engineer

Description:
Company: Ingram Micro
Schedule: Full-time
Required Skills: ['sql', 'nosql', 'python', 'java', 'spark', 'kafka', 'airflow', 'ssis', 'sap', 'flow']

Salary is $",151000.00
"What is the annual salary for this role to the nearest dollar?

Title: Data Analyst

Description:
Company: GoTo Group
Schedule: Full-time
Required Skills: ['sql', 'python', 'javascript', 'excel', 'tableau', 'power bi']

Salary is $",132500.00
"What is the annual salary for this role to the nearest dollar?

Title: Senior Data Engineer (Remote)

Description:
Company: Huxley
Schedule: Full-time
Required Skills: ['sql', 'python', 'redis', 'mysql', 'dynamodb', 'snowflake', 'redshift', 'aws', 'tableau', 'looker']

Salary is $",170000.00
"What is the annual salary for this role to the nearest dollar?

Title: Data Analyst

Description:
Company: Tangerine Search Inc
Schedule: Full-time
Required Skills: ['excel']

Salary is $",92500.00
"What is the annual salary for this role to the nearest dollar?

Title: Data Scientist

Description:
Company: Manulife and John Hancock
Schedule: Full-time
Required Skills: ['sql', 'java', 'r', 'sas', 'sas', 'matlab', 'python', 'julia', 'mysql', 'oracle', 'azure']

Salary is $",83440.00
"What is the annual salary for this role to the nearest dollar?

Title: Software Engineer

Description:
Company: Meta
Schedule: Full-time
Required Skills: ['sql']

Salary is $",130500.00
"What is the annual salary for this role to the nearest dollar?

Title: Data Engineer

Description:
Company: Devoteam
Schedule: Full-time
Required Skills: ['java', 'scala', 'python', 'neo4j', 'cassandra', 'azure', 'databricks', 'spark', 'kafka', 'linux', 'ansible', 'docker']

Salary is $",98302.00
"What is the annual salary for this role to the nearest dollar?

Title: Data Scientist

Description:
Company: Spectrum
Schedule: Full-time
Required Skills: ['python', 'r', 'sql', 'spark']

Salary is $",100000.00
"What is the annual salary for this role to the nearest dollar?

Title: Data Engineer

Description:
Company: Delaware North
Schedule: Full-time
Required Skills: ['python', 'mongodb', 'mongodb', 'javascript', 'nosql', 'postgresql', 'mysql', 'redshift', 'airflow', 'django']

Salary is $",107850.00
"What is the annual salary for this role to the nearest dollar?

Title: Software Engineer

Description:
Company: SmartBrain
Schedule: Full-time
Required Skills: Not specified

Salary is $",320000.00
"What is the annual salary for this role to the nearest dollar?

Title: Data Scientist

Description:
Company: American Museum of Natural History
Schedule: Full-time
Required Skills: ['python']

Salary is $",77000.00
"What is the annual salary for this role to the nearest dollar?

Title: Data Scientist

Description:
Company: RAND Corporation
Schedule: Full-time
Required Skills: ['python', 'r', 'azure', 'spark', 'hadoop']

Salary is $",115000.00
"What is the annual salary for this role to the nearest dollar?

Title: Data Analyst

Description:
Company: All Chicago Making Homelessness History
Schedule: Full-time
Required Skills: ['sql', 'python', 'vba', 'excel', 'word', 'powerpoint', 'outlook']

Salary is $",65085.00
"What is the annual salary for this role to the nearest dollar?

Title: Senior Data Scientist

Description:
Company: Genentech
Schedule: Full-time
Required Skills: ['python', 'r', 'aws', 'pandas', 'jupyter', 'tableau']

Salary is $",202943.00
"What is the annual salary for this role to the nearest dollar?

Title: Data Engineer

Description:
Company: Block
Schedule: Full-time
Required Skills: ['sql', 'python', 'c', 'go', 'snowflake', 'redshift', 'looker', 'tableau', 'flow', 'git']

Salary is $",157500.00
"What is the annual salary for this role to the nearest dollar?

Title: Data Scientist

Description:
Company: Illumina Inc
Schedule: Full-time
Required Skills: ['sas', 'sas', 'r', 'python', 'sql']

Salary is $",150000.00
"What is the annual salary for this role to the nearest dollar?

Title: Data Analyst

Description:
Company: Harvard University
Schedule: Full-time
Required Skills: ['excel', 'unify']

Salary is $",90000.00
"What is the annual salary for this role to the nearest dollar?

Title: Senior Data Engineer

Description:
Company: Wells Fargo
Schedule: Full-time
Required Skills: ['python', 'aws', 'gcp', 'azure', 'oracle', 'spark', 'react', 'hadoop', 'kafka', 'numpy', 'pandas', 'pyspark', 'keras', 'tensorflow', 'django', 'linux', 'tableau', 'kubernetes']

Salary is $",90000.00
"What is the annual salary for this role to the nearest dollar?

Title: Data Scientist

Description:
Company: OTS Solutions, Inc.
Schedule: Full-time
Required Skills: ['python', 'java', 'nosql', 'excel']

Salary is $",123000.00
"What is the annual salary for this role to the nearest dollar?

Title: Machine Learning Engineer (Remote)

Description:
Company: Jobot
Schedule: Full-time
Required Skills: ['python', 'sql', 'postgresql', 'tensorflow', 'pytorch']

Salary is $",112500.00
"What is the annual salary for this role to the nearest dollar?

Title: Data Scientist

Description:
Company: TikTok
Schedule: Full-time
Required Skills: Not specified

Salary is $",224500.00
"What is the annual salary for this role to the nearest dollar?

Title: Data Analyst

Description:
Company: University of California Santa Cruz
Schedule: Full-time
Required Skills: ['tableau', 'powerpoint']

Salary is $",110000.00
"What is the annual salary for this role to the nearest dollar?

Title: Senior Data Scientist

Description:
Company: Waymo
Schedule: Full-time
Required Skills: ['python', 'r']

Salary is $",200000.00
"What is the annual salary for this role to the nearest dollar?

Title: Senior Data Engineer

Description:
Company: Unity
Schedule: Full-time
Required Skills: ['redshift', 'bigquery', 'looker', 'tableau', 'unity']

Salary is $",175500.00
"What is the annual salary for this role to the nearest dollar?

Title: Data Engineer

Description:
Company: Tradeweb Markets LLC
Schedule: Full-time
Required Skills: ['perl', 'python', 'sql', 'aws', 'gcp', 'linux', 'tableau', 'excel', 'kubernetes']

Salary is $",130000.00
"What is the annual salary for this role to the nearest dollar?

Title: Senior Data Analyst (Remote)

Description:
Company: Achieve
Schedule: Full-time
Required Skills: ['sql', 'tableau', 'looker']

Salary is $",165000.00
"What is the annual salary for this role to the nearest dollar?

Title: Data Scientist

Description:
Company: Booz Allen Hamilton
Schedule: Full-time
Required Skills: Not specified

Salary is $",115000.00
"What is the annual salary for this role to the nearest dollar?

Title: Senior Data Analyst

Description:
Company: Kani Solutions
Schedule: Full-time
Required Skills: ['sql', 'flow']

Salary is $",100380.00
"What is the annual salary for this role to the nearest dollar?

Title: Business Analyst

Description:
Company: EO of Labor & Work Dvlpmnt
Schedule: Full-time
Required Skills: ['ssis', 'power bi', 'tableau']

Salary is $",107408.00
"What is the annual salary for this role to the nearest dollar?

Title: Data Analyst

Description:
Company: Top Prospect Group, Inc.
Schedule: Full-time
Required Skills: ['sql', 'python', 'r', 'tableau', 'power bi']

Salary is $",130000.00
"What is the annual salary for this role to the nearest dollar?

Title: Data Scientist

Description:
Company: Visionary Technology Consultants
Schedule: Full-time
Required Skills: ['python', 'splunk']

Salary is $",137500.00
"What is the annual salary for this role to the nearest dollar?

Title: Senior Data Analyst

Description:
Company: LeadVenture
Schedule: Full-time
Required Skills: ['power bi', 'excel']

Salary is $",115000.00
"What is the annual salary for this role to the nearest dollar?

Title: Data Analyst

Description:
Company: Robert Half
Schedule: Full-time
Required Skills: ['sql', 'power bi']

Salary is $",95000.00
"What is the annual salary for this role to the nearest dollar?

Title: Senior Data Analyst

Description:
Company: BSN Sports
Schedule: Full-time
Required Skills: ['r', 'tableau']

Salary is $",108416.00
"What is the annual salary for this role to the nearest dollar?

Title: Data Analyst

Description:
Company: S&S Employment Partners
Schedule: Full-time
Required Skills: ['r']

Salary is $",65000.00
"What is the annual salary for this role to the nearest dollar?

Title: Senior Data Scientist

Description:
Company: Block
Schedule: Full-time
Required Skills: ['sql', 'python', 'go', 'flow']

Salary is $",157500.00
"What is the annual salary for this role to the nearest dollar?

Title: Senior Data Scientist

Description:
Company: Pinellas County Government
Schedule: Full-time
Required Skills: ['sap', 'excel', 'word']

Salary is $",91510.00
"What is the annual salary for this role to the nearest dollar?

Title: Senior Data Scientist

Description:
Company: General Motors
Schedule: Full-time
Required Skills: ['python', 'r', 'java', 'c++', 'scala', 'sql', 'nosql', 'azure', 'tensorflow', 'scikit-learn', 'spark', 'react', 'hadoop', 'tableau', 'power bi', 'kubernetes', 'docker']

Salary is $",75000.00
"What is the annual salary for this role to the nearest dollar?

Title: Data Engineer (Remote)

Description:
Company: Get It Recruit - Information Technology
Schedule: Full-time
Required Skills: ['sql', 'tableau', 'ssrs']

Salary is $",124500.00
"What is the annual salary for this role to the nearest dollar?

Title: Senior Data Engineer

Description:
Company: Visa
Schedule: Full-time
Required Skills: ['sql', 'sql server', 'mysql']

Salary is $",147500.00
"What is the annual salary for this role to the nearest dollar?

Title: Data Scientist

Description:
Company: VIZIO, Inc.
Schedule: Full-time
Required Skills: ['python', 'r', 'sql', 'tableau', 'excel', 'powerpoint', 'alteryx']

Salary is $",110000.00
"What is the annual salary for this role to the nearest dollar?

Title: Data Scientist

Description:
Company: Enterprise Holdings
Schedule: Full-time
Required Skills: ['sql']

Salary is $",125000.00
"What is the annual salary for this role to the nearest dollar?

Title: Data Scientist (Remote)

Description:
Company: Theoria Medical
Schedule: Full-time
Required Skills: Not specified

Salary is $",130000.00
"What is the annual salary for this role to the nearest dollar?

Title: Senior Data Scientist

Description:
Company: DoorDash
Schedule: Full-time
Required Skills: ['sql', 'r', 'python', 'matlab', 'sas', 'sas', 'go', 'looker', 'tableau', 'excel']

Salary is $",203000.00
"What is the annual salary for this role to the nearest dollar?

Title: Data Analyst

Description:
Company: ActiveCampaign
Schedule: Full-time
Required Skills: ['typescript', 'javascript', 'java', 'sql', 'mysql', 'snowflake', 'aws', 'react', 'spring', 'kafka', 'spark', 'airflow', 'hadoop', 'looker', 'tableau', 'qlik', 'docker', 'yarn']

Salary is $",99150.00
"What is the annual salary for this role to the nearest dollar?

Title: Data Analyst

Description:
Company: Axient
Schedule: Full-time
Required Skills: ['sql']

Salary is $",110000.00
"What is the annual salary for this role to the nearest dollar?

Title: Data Scientist

Description:
Company: Sam's Club
Schedule: Full-time
Required Skills: ['java', 'javascript', 'sql', 'r', 'python', 'scala', 'spark', 'tensorflow', 'jquery']

Salary is $",254000.00
"What is the annual salary for this role to the nearest dollar?

Title: Data Engineer (Remote)

Description:
Company: Engtal
Schedule: Full-time
Required Skills: ['python', 'pandas', 'numpy', 'pyspark', 'hadoop', 'spark', 'kafka', 'kubernetes']

Salary is $",325000.00
"What is the annual salary for this role to the nearest dollar?

Title: Data Analyst

Description:
Company: LHH
Schedule: Contractor
Required Skills: ['sql', 'power bi', 'tableau']

Salary is $",110000.00
"What is the annual salary for this role to the nearest dollar?

Title: Data Engineer

Description:
Company: Publicis Groupe
Schedule: Full-time
Required Skills: ['scala', 'java', 'python', 'nosql', 'sql', 'cassandra', 'aws', 'spark', 'kafka', 'hadoop', 'airflow', 'docker']

Salary is $",45000.00
"What is the annual salary for this role to the nearest dollar?

Title: Data Analyst

Description:
Company: Hispanic American Construction Industry Association (HACIA)
Schedule: Full-time
Required Skills: ['c', 'excel', 'tableau', 'spss']

Salary is $",65000.00
"What is the annual salary for this role to the nearest dollar?

Title: Data Analyst

Description:
Company: Ascendo Resources
Schedule: Full-time
Required Skills: ['excel']

Salary is $",55000.00
"What is the annual salary for this role to the nearest dollar?

Title: Senior Data Scientist

Description:
Company: Bright Star Solutions LLC
Schedule: Full-time
Required Skills: ['python', 'r']

Salary is $",210000.00
"What is the annual salary for this role to the nearest dollar?

Title: Data Analyst

Description:
Company: Square
Schedule: Full-time
Required Skills: ['sql', 'c', 'go', 'snowflake', 'bigquery', 'aws', 'gcp', 'airflow', 'looker', 'tableau', 'power bi', 'qlik', 'excel', 'sheets', 'github']

Salary is $",118050.00
"What is the annual salary for this role to the nearest dollar?

Title: Data Scientist

Description:
Company: General Dynamics Information Technology
Schedule: Full-time
Required Skills: ['sql', 'python', 'r', 'sas', 'sas', 'java', 'aws', 'azure', 'databricks', 'dax', 'power bi']

Salary is $",175000.00
"What is the annual salary for this role to the nearest dollar?

Title: Data Scientist

Description:
Company: Standard Bank Group
Schedule: Full-time
Required Skills: ['sas', 'sas', 'r', 'python', 'sql', 'azure', 'aws', 'docker']

Salary is $",44100.00
"What is the annual salary for this role to the nearest dollar?

Title: Machine Learning Engineer

Description:
Company: Exadel
Schedule: Full-time
Required Skills: ['python', 'powershell', 'sql', 'azure', 'databricks', 'pandas', 'tensorflow', 'pytorch', 'airflow', 'terraform']

Salary is $",133000.00
"What is the annual salary for this role to the nearest dollar?

Title: Senior Data Analyst

Description:
Company: Ad Hoc Labs (Burner)
Schedule: Full-time
Required Skills: ['sql', 'redshift', 'tableau', 'slack']

Salary is $",98800.00
"What is the annual salary for this role to the nearest dollar?

Title: Data Scientist

Description:
Company: NR Consulting LLC
Schedule: Full-time
Required Skills: ['python', 'java', 'sql', 'mysql', 'aws']

Salary is $",160000.00
"What is the annual salary for this role to the nearest dollar?

Title: Data Analyst

Description:
Company: Country Financial
Schedule: Full-time
Required Skills: ['sql']

Salary is $",125000.00
"What is the annual salary for this role to the nearest dollar?

Title: Data Analyst

Description:
Company: Coalition Technologies
Schedule: Full-time
Required Skills: ['powerpoint', 'word', 'excel']

Salary is $",65000.00
"What is the annual salary for this role to the nearest dollar?

Title: Data Scientist

Description:
Company: AppZen
Schedule: Full-time
Required Skills: ['python', 'r']

Salary is $",180000.00
"What is the annual salary for this role to the nearest dollar?

Title: Data Scientist

Description:
Company: Michael Page International Inc
Schedule: Full-time
Required Skills: ['ruby', 'ruby', 'html', 'javascript', 'aws', 'azure', 'gcp', 'github', 'bitbucket']

Salary is $",160000.00
"What is the annual salary for this role to the nearest dollar?

Title: Data Engineer

Description:
Company: IDR, Inc.
Schedule: Contractor
Required Skills: ['python', 'aws', 'azure', 'hadoop']

Salary is $",95000.00
"What is the annual salary for this role to the nearest dollar?

Title: Machine Learning Engineer

Description:
Company: CBRE
Schedule: Full-time
Required Skills: ['sheets', 'word', 'excel', 'powerpoint']

Salary is $",195000.00
"What is the annual salary for this role to the nearest dollar?

Title: Data Analyst

Description:
Company: Specialized Bicycle Components, Inc.
Schedule: Contractor
Required Skills: ['oracle', 'excel']

Salary is $",109735.00
"What is the annual salary for this role to the nearest dollar?

Title: Data Engineer

Description:
Company: Mitra Chem
Schedule: Full-time
Required Skills: ['sql', 'nosql', 'python', 'aws', 'airflow', 'kubernetes', 'terraform', 'git', 'docker']

Salary is $",145500.00
"What is the annual salary for this role to the nearest dollar?

Title: Software Engineer

Description:
Company: SmartNews
Schedule: Full-time
Required Skills: ['java', 'c++', 'python', 'scala']

Salary is $",64800.00
"What is the annual salary for this role to the nearest dollar?

Title: Data Scientist

Description:
Company: Office of General Counsel
Schedule: Full-time and Part-time
Required Skills: Not specified

Salary is $",98496.00
"What is the annual salary for this role to the nearest dollar?

Title: Senior Data Engineer

Description:
Company: Publicis Sapient
Schedule: Full-time
Required Skills: ['nosql', 'sql', 'python', 'java', 'javascript', 'scala', 'dynamodb', 'sql server', 'mysql', 'azure', 'aws', 'redshift', 'oracle', 'spark', 'pyspark']

Salary is $",128500.00
"What is the annual salary for this role to the nearest dollar?

Title: Data Analyst

Description:
Company: Citi
Schedule: Full-time
Required Skills: ['sql', 'sas', 'sas', 'word', 'excel', 'visio', 'powerpoint', 'flow', 'jira']

Salary is $",129465.00
"What is the annual salary for this role to the nearest dollar?

Title: Senior Data Engineer

Description:
Company: ZeroFox
Schedule: Full-time
Required Skills: ['sql', 'nosql', 'elasticsearch', 'bigquery', 'snowflake', 'databricks', 'spark', 'airflow']

Salary is $",147500.00
"What is the annual salary for this role to the nearest dollar?

Title: Data Analyst

Description:
Company: Kaiser Permanente
Schedule: Full-time
Required Skills: Not specified

Salary is $",140875.00
"What is the annual salary for this role to the nearest dollar?

Title: Business Analyst

Description:
Company: Harmer
Schedule: Full-time
Required Skills: ['sql', 't-sql', 'sql server', 'azure', 'power bi', 'excel', 'dax']

Salary is $",110000.00
"What is the annual salary for this role to the nearest dollar?

Title: Data Scientist

Description:
Company: Jobot
Schedule: Full-time
Required Skills: ['dynamodb', 'aws', 'watson', 'redshift']

Salary is $",220000.00
"What is the annual salary for this role to the nearest dollar?

Title: Data Engineer

Description:
Company: Oak Street Health
Schedule: Full-time
Required Skills: ['java', 'python', 'sql', 'azure']

Salary is $",150000.00
"What is the annual salary for this role to the nearest dollar?

Title: Data Analyst

Description:
Company: Oscar Health
Schedule: Full-time
Required Skills: ['sql', 'gcp', 'aws', 'azure', 'airflow']

Salary is $",137825.00
"What is the annual salary for this role to the nearest dollar?

Title: Data Analyst

Description:
Company: Momentum (BuildMomentum.io)
Schedule: Full-time
Required Skills: ['spreadsheet', 'excel', 'sheets', 'tableau', 'power bi']

Salary is $",86000.00
"What is the annual salary for this role to the nearest dollar?

Title: Data Scientist

Description:
Company: USAA
Schedule: Full-time
Required Skills: ['python', 'sql', 'sas', 'sas', 'phoenix']

Salary is $",167755.00
"What is the annual salary for this role to the nearest dollar?

Title: Data Engineer

Description:
Company: Devoteam
Schedule: Full-time
Required Skills: ['sql', 'gcp', 'unix', 'docker']

Salary is $",89100.00
"What is the annual salary for this role to the nearest dollar?

Title: Data Analyst

Description:
Company: Coupang
Schedule: Full-time
Required Skills: ['sql', 'python', 'r', 'tensorflow', 'pytorch']

Salary is $",111175.00
"What is the annual salary for this role to the nearest dollar?

Title: Data Analyst

Description:
Company: Campus Crusade for Christ
Schedule: Full-time
Required Skills: Not specified

Salary is $",47500.00
"What is the annual salary for this role to the nearest dollar?

Title: Data Scientist (Remote)

Description:
Company: Kforce
Schedule: Full-time
Required Skills: ['python', 'sql', 'bigquery', 'looker', 'sheets']

Salary is $",160000.00
"What is the annual salary for this role to the nearest dollar?

Title: Data Analyst

Description:
Company: Oak Technologies Inc
Schedule: Full-time
Required Skills: ['sql', 't-sql', 'shell', 'python', 'powershell', 'sql server', 'oracle', 'unix', 'git', 'docker', 'kubernetes']

Salary is $",74700.00
"What is the annual salary for this role to the nearest dollar?

Title: Data Analyst

Description:
Company: TIAA
Schedule: Full-time
Required Skills: ['sas', 'sas', 'sql', 'python', 'r']

Salary is $",115000.00
"What is the annual salary for this role to the nearest dollar?

Title: Data Scientist

Description:
Company: Rockstar Games
Schedule: Full-time
Required Skills: ['python', 'r', 'hadoop']

Salary is $",157500.00
"What is the annual salary for this role to the nearest dollar?

Title: Data Engineer

Description:
Company: Discover
Schedule: Full-time
Required Skills: ['sql', 'python', 'nosql', 'aws', 'snowflake', 'gcp', 'azure', 'unix']

Salary is $",113250.00
"What is the annual salary for this role to the nearest dollar?

Title: Senior Data Scientist

Description:
Company: SoFi
Schedule: Full-time
Required Skills: ['python', 'r', 'sql', 'nosql']

Salary is $",227500.00
"What is the annual salary for this role to the nearest dollar?

Title: Data Scientist

Description:
Company: The Josef Group Inc.
Schedule: Full-time
Required Skills: ['python', 'r']

Salary is $",207500.00
"What is the annual salary for this role to the nearest dollar?

Title: Data Engineer (Remote)

Description:
Company: Energy Solutions
Schedule: Full-time
Required Skills: ['python', 'sql', 'aws', 'redshift', 'tableau', 'looker']

Salary is $",105000.00
"What is the annual salary for this role to the nearest dollar?

Title: Data Engineer

Description:
Company: Roc Search
Schedule: Full-time
Required Skills: ['python', 'sql', 'java', 'aws', 'excel']

Salary is $",130000.00
"What is the annual salary for this role to the nearest dollar?

Title: Data Analyst

Description:
Company: UC Law SF
Schedule: Full-time
Required Skills: ['python', 'r', 'sql', 'pyspark']

Salary is $",59998.00
"What is the annual salary for this role to the nearest dollar?

Title: Data Analyst

Description:
Company: CVS Health
Schedule: Full-time
Required Skills: ['sql', 'tableau', 'ssrs', 'flow']

Salary is $",94500.00
"What is the annual salary for this role to the nearest dollar?

Title: Data Scientist (Remote)

Description:
Company: Gannett
Schedule: Full-time
Required Skills: ['python', 'r', 'sql', 'gcp']

Salary is $",117500.00
"What is the annual salary for this role to the nearest dollar?

Title: Data Engineer

Description:
Company: Bosch Group
Schedule: Full-time
Required Skills: ['bash', 'python', 'azure', 'spark', 'git', 'bitbucket']

Salary is $",56700.00
"What is the annual salary for this role to the nearest dollar?

Title: Data Engineer

Description:
Company: Anduril Industries
Schedule: Full-time
Required Skills: ['python', 'sql', 'redshift', 'aws', 'azure', 'gcp', 'spark', 'pyspark', 'tableau']

Salary is $",165000.00
"What is the annual salary for this role to the nearest dollar?

Title: Data Analyst

Description:
Company: eBay
Schedule: Full-time
Required Skills: Not specified

Salary is $",135000.00
"What is the annual salary for this role to the nearest dollar?

Title: Cloud Engineer

Description:
Company: TikTok
Schedule: Full-time
Required Skills: ['sql', 'c++', 'rust', 'spark']

Salary is $",221844.00
"What is the annual salary for this role to the nearest dollar?

Title: Data Analyst

Description:
Company: Lockheed Martin
Schedule: Full-time
Required Skills: Not specified

Salary is $",150000.00
"What is the annual salary for this role to the nearest dollar?

Title: Data Scientist

Description:
Company: University of Utah
Schedule: Full-time
Required Skills: ['r', 'python', 'sql', 'javascript', 'tidyverse', 'pandas', 'git']

Salary is $",75000.00
"What is the annual salary for this role to the nearest dollar?

Title: Data Analyst

Description:
Company: Verisk
Schedule: Full-time
Required Skills: ['sql', 'python', 'vba', 'sas', 'sas', 'r']

Salary is $",90000.00
"What is the annual salary for this role to the nearest dollar?

Title: Data Engineer

Description:
Company: Amplify Federal
Schedule: Full-time
Required Skills: ['sql', 'python', 'java', 'spark', 'kafka', 'airflow']

Salary is $",137500.00
"What is the annual salary for this role to the nearest dollar?

Title: Data Engineer

Description:
Company: Samsung
Schedule: Full-time
Required Skills: ['sql', 'snowflake', 'aws', 'spark', 'pyspark', 'airflow']

Salary is $",125000.00
"What is the annual salary for this role to the nearest dollar?

Title: Data Scientist

Description:
Company: Forbes
Schedule: Full-time
Required Skills: ['python', 'sql', 'bigquery', 'pandas', 'numpy', 'plotly']

Salary is $",140000.00
"What is the annual salary for this role to the nearest dollar?

Title: Senior Data Scientist

Description:
Company: Marsh McLennan
Schedule: Full-time
Required Skills: ['c']

Salary is $",86400.00
"What is the annual salary for this role to the nearest dollar?

Title: Senior Data Engineer

Description:
Company: CI&T
Schedule: Full-time
Required Skills: ['python', 'azure', 'aws', 'gdpr']

Salary is $",147500.00
"What is the annual salary for this role to the nearest dollar?

Title: Data Analyst (Remote)

Description:
Company: Cognizant Technology Solutions
Schedule: Full-time
Required Skills: ['excel', 'flow']

Salary is $",97500.00
"What is the annual salary for this role to the nearest dollar?

Title: Data Engineer (Remote)

Description:
Company: Zscaler
Schedule: Full-time
Required Skills: ['sql', 'python', 'snowflake', 'airflow', 'tableau', 'power bi', 'excel']

Salary is $",206000.00
"What is the annual salary for this role to the nearest dollar?

Title: Data Engineer

Description:
Company: Ideal Business Advisors
Schedule: Full-time
Required Skills: ['nosql', 'sql', 'python', 'azure', 'gcp', 'snowflake', 'hadoop', 'spark', 'kafka', 'splunk', 'kubernetes']

Salary is $",155000.00
"What is the annual salary for this role to the nearest dollar?

Title: Software Engineer

Description:
Company: Sportradar
Schedule: Full-time
Required Skills: ['python', 'golang', 'keras', 'pytorch', 'tensorflow', 'docker', 'git']

Salary is $",56700.00
"What is the annual salary for this role to the nearest dollar?

Title: Data Scientist (Remote)

Description:
Company: Get It Recruit - Healthcare
Schedule: Full-time
Required Skills: ['python', 'sql', 'redshift', 'snowflake', 'looker']

Salary is $",135125.00
"What is the annual salary for this role to the nearest dollar?

Title: Senior Data Scientist

Description:
Company: Office of the Secretary of Health and Human Services
Schedule: Full-time
Required Skills: ['c']

Salary is $",156000.00
"What is the annual salary for this role to the nearest dollar?

Title: Data Engineer

Description:
Company: Pioneer Management Consulting
Schedule: Full-time
Required Skills: ['sql', 'python', 'r', 'postgresql', 'oracle', 'azure', 'aws', 'gcp', 'pyspark', 'alteryx', 'power bi', 'tableau', 'flow']

Salary is $",135000.00
"What is the annual salary for this role to the nearest dollar?

Title: Data Engineer

Description:
Company: UnitedHealth Group
Schedule: Full-time
Required Skills: ['sql', 'sql server', 'ssis']

Salary is $",90000.00
"What is the annual salary for this role to the nearest dollar?

Title: Senior Data Scientist

Description:
Company: Realtor
Schedule: Full-time
Required Skills: ['sql', 'python', 'r', 'tableau', 'looker', 'power bi']

Salary is $",125000.00
"What is the annual salary for this role to the nearest dollar?

Title: Data Scientist

Description:
Company: Motion Recruitment
Schedule: Full-time
Required Skills: ['python', 'sql', 'pandas', 'numpy', 'scikit-learn']

Salary is $",145000.00
"What is the annual salary for this role to the nearest dollar?

Title: Data Scientist (Remote)

Description:
Company: ARTEMIS Partners of Houston
Schedule: Full-time
Required Skills: ['python', 'r', 'sql', 'aws', 'electron', 'excel']

Salary is $",105000.00
"What is the annual salary for this role to the nearest dollar?

Title: Data Engineer (Remote)

Description:
Company: Community Reinvestment Fund, USA
Schedule: Full-time
Required Skills: ['sql', 'python', 'azure', 'databricks', 'aws', 'spark', 'power bi', 'tableau', 'qlik', 'cognos', 'excel']

Salary is $",95000.00
"What is the annual salary for this role to the nearest dollar?

Title: Data Scientist

Description:
Company: FDA
Schedule: Full-time
Required Skills: ['c']

Salary is $",95304.00
"What is the annual salary for this role to the nearest dollar?

Title: Senior Data Analyst

Description:
Company: PG&E Corporation
Schedule: Full-time
Required Skills: ['power bi', 'tableau', 'excel']

Salary is $",115000.00
"What is the annual salary for this role to the nearest dollar?

Title: Data Analyst

Description:
Company: Cubic Telecom
Schedule: Full-time
Required Skills: ['nosql', 'sql', 'azure', 'snowflake', 'unify']

Salary is $",163782.00
"What is the annual salary for this role to the nearest dollar?

Title: Data Analyst

Description:
Company: Chuwa America Corporation
Schedule: Full-time
Required Skills: ['sql']

Salary is $",120000.00
"What is the annual salary for this role to the nearest dollar?

Title: Data Engineer

Description:
Company: Jefferson Frank
Schedule: Full-time
Required Skills: ['sql', 'scala', 'python', 'snowflake', 'aws', 'kafka']

Salary is $",170376.00
"What is the annual salary for this role to the nearest dollar?

Title: Data Analyst

Description:
Company: Adevinta
Schedule: Full-time
Required Skills: ['sql', 'python', 'aws', 'azure']

Salary is $",102500.00
"What is the annual salary for this role to the nearest dollar?

Title: Data Engineer

Description:
Company: Capital One
Schedule: Full-time
Required Skills: ['scala', 'python', 'java', 'nosql', 'sql', 'mongo', 'shell', 'mysql', 'cassandra', 'redshift', 'snowflake', 'aws', 'azure', 'hadoop', 'kafka', 'spark']

Salary is $",211000.00
"What is the annual salary for this role to the nearest dollar?

Title: Data Analyst

Description:
Company: Avinya Infotech
Schedule: Full-time
Required Skills: ['python']

Salary is $",90000.00
"What is the annual salary for this role to the nearest dollar?

Title: Data Scientist (Remote)

Description:
Company: Get It Recruit - Administrative
Schedule: Full-time
Required Skills: Not specified

Salary is $",184000.00
"What is the annual salary for this role to the nearest dollar?

Title: Data Analyst

Description:
Company: Randstad
Schedule: Full-time
Required Skills: Not specified

Salary is $",115000.00
"What is the annual salary for this role to the nearest dollar?

Title: Machine Learning Engineer

Description:
Company: Neuralink
Schedule: Full-time
Required Skills: Not specified

Salary is $",225500.00
"What is the annual salary for this role to the nearest dollar?

Title: Data Engineer (Remote)

Description:
Company: CyberCoders
Schedule: Full-time
Required Skills: ['sql', 'python', 'java', 'nosql', 'hadoop', 'tableau', 'power bi']

Salary is $",105000.00
"What is the annual salary for this role to the nearest dollar?

Title: Data Scientist

Description:
Company: PayPal
Schedule: Full-time
Required Skills: ['sql', 'python', 'r']

Salary is $",115000.00
"What is the annual salary for this role to the nearest dollar?

Title: Data Scientist

Description:
Company: Insight Global
Schedule: Contractor
Required Skills: ['go', 'python', 'r']

Salary is $",105000.00
"What is the annual salary for this role to the nearest dollar?

Title: Senior Data Engineer (Remote)

Description:
Company: PROFESSIONAL STAFFING SERVICES GROUP INC
Schedule: Full-time
Required Skills: ['python', 'sql', 'r', 'snowflake', 'tableau', 'git']

Salary is $",145000.00
"What is the annual salary for this role to the nearest dollar?

Title: Data Scientist

Description:
Company: Block
Schedule: Full-time
Required Skills: ['python', 'c', 'go', 'aws', 'gcp', 'databricks', 'numpy', 'pandas', 'tensorflow', 'pytorch', 'scikit-learn', 'git']

Salary is $",157500.00
"What is the annual salary for this role to the nearest dollar?

Title: Senior Data Analyst

Description:
Company: Square
Schedule: Full-time
Required Skills: ['sql', 'python', 'r', 'c', 'go', 'airflow', 'tableau', 'looker']

Salary is $",163500.00
"What is the annual salary for this role to the nearest dollar?

Title: Data Engineer

Description:
Company: Veeva Systems
Schedule: Full-time
Required Skills: ['python', 'java', 'aws', 'spark', 'pyspark', 'terraform']

Salary is $",147500.00
"What is the annual salary for this role to the nearest dollar?

Title: Data Scientist

Description:
Company: Toll Group
Schedule: Full-time
Required Skills: Not specified

Salary is $",109500.00
"What is the annual salary for this role to the nearest dollar?

Title: Data Engineer

Description:
Company: Financial Times
Schedule: Full-time
Required Skills: ['go', 'gdpr', 'excel', 'sheets']

Salary is $",93600.00
"What is the annual salary for this role to the nearest dollar?

Title: Data Engineer

Description:
Company: Motion Recruitment
Schedule: Full-time
Required Skills: ['python', 'aws', 'snowflake', 'kafka', 'airflow']

Salary is $",140000.00
"What is the annual salary for this role to the nearest dollar?

Title: Data Analyst

Description:
Company: Contemporary Staffing Solutions
Schedule: Full-time
Required Skills: ['sql', 'css', 'power bi', 'tableau']

Salary is $",85000.00
"What is the annual salary for this role to the nearest dollar?

Title: Data Scientist

Description:
Company: EpochGeo
Schedule: Full-time
Required Skills: ['python', 'r', 'sql']

Salary is $",130000.00
"What is the annual salary for this role to the nearest dollar?

Title: Data Analyst

Description:
Company: Hansen Talent Group
Schedule: Full-time
Required Skills: ['sql']

Salary is $",57500.00
"What is the annual salary for this role to the nearest dollar?

Title: Data Scientist

Description:
Company: Everlaw
Schedule: Full-time
Required Skills: ['python', 'r', 'julia', 'sql', 'airflow', 'spark', 'git']

Salary is $",167500.00
"What is the annual salary for this role to the nearest dollar?

Title: Data Scientist

Description:
Company: Burnalong
Schedule: Full-time
Required Skills: ['python', 'sql', 'aws', 'pandas', 'numpy', 'matplotlib', 'seaborn', 'plotly', 'nltk', 'pytorch', 'django', 'flask', 'zoom']

Salary is $",105000.00
"What is the annual salary for this role to the nearest dollar?

Title: Data Scientist

Description:
Company: Intact Financial Corporation
Schedule: Full-time
Required Skills: ['r', 'python', 'hadoop', 'github']

Salary is $",90000.00
"What is the annual salary for this role to the nearest dollar?

Title: Data Scientist

Description:
Company: Johns Hopkins University
Schedule: Full-time
Required Skills: ['sql', 'python']

Salary is $",198110.00
"What is the annual salary for this role to the nearest dollar?

Title: Data Scientist

Description:
Company: United Launch Alliance
Schedule: Full-time
Required Skills: ['python', 'r', 'matlab', 'aws', 'azure', 'unity']

Salary is $",115000.00
"What is the annual salary for this role to the nearest dollar?

Title: Data Scientist

Description:
Company: Boeing
Schedule: Full-time
Required Skills: ['python', 'r', 'tableau']

Salary is $",85000.00
"What is the annual salary for this role to the nearest dollar?

Title: Data Engineer

Description:
Company: Synchrony
Schedule: Full-time
Required Skills: ['nosql', 'shell', 'sql', 'scala', 'java', 'python', 'go', 'aws', 'gcp', 'azure', 'hadoop', 'kafka', 'spark', 'git']

Salary is $",115000.00
"What is the annual salary for this role to the nearest dollar?

Title: Data Scientist

Description:
Company: Insight Global
Schedule: Full-time
Required Skills: ['sql', 'python']

Salary is $",120000.00
"What is the annual salary for this role to the nearest dollar?

Title: Senior Data Scientist

Description:
Company: Guidewire Software Inc.
Schedule: Full-time
Required Skills: ['python', 'r', 'sql', 'go', 'excel']

Salary is $",176000.00
"What is the annual salary for this role to the nearest dollar?

Title: Data Scientist

Description:
Company: Pearson
Schedule: Full-time
Required Skills: ['sql', 'python', 'r', 'java', 'bash', 'shell', 'scala', 'bigquery', 'linux']

Salary is $",97500.00
"What is the annual salary for this role to the nearest dollar?

Title: Senior Data Scientist (Remote)

Description:
Company: Philo
Schedule: Full-time
Required Skills: ['sql', 'r', 'python', 'aws', 'pytorch', 'git']

Salary is $",185000.00
"What is the annual salary for this role to the nearest dollar?

Title: Data Scientist

Description:
Company: Echelon Services, LLC
Schedule: Full-time
Required Skills: Not specified

Salary is $",124000.00
"What is the annual salary for this role to the nearest dollar?

Title: Data Analyst

Description:
Company: ZipRecruiter
Schedule: Full-time
Required Skills: ['sql']

Salary is $",53014.00
"What is the annual salary for this role to the nearest dollar?

Title: Data Scientist

Description:
Company: Itron
Schedule: Full-time
Required Skills: ['java', 'python', 'azure', 'excel', 'powerpoint', 'word', 'outlook']

Salary is $",127500.00
"What is the annual salary for this role to the nearest dollar?

Title: Data Analyst

Description:
Company: E-Solutions
Schedule: Full-time
Required Skills: ['sql', 'java', 'python', 'oracle', 'azure', 'kafka']

Salary is $",100000.00
"What is the annual salary for this role to the nearest dollar?

Title: Data Analyst

Description:
Company: Sequoia Research Corporation
Schedule: Full-time
Required Skills: ['matlab', 'python', 'fortran', 'c', 'linux']

Salary is $",115000.00
"What is the annual salary for this role to the nearest dollar?

Title: Business Analyst (Remote)

Description:
Company: Customer.io
Schedule: Full-time
Required Skills: ['javascript', 'go', 'github', 'notion', 'slack', 'zoom']

Salary is $",70000.00
"What is the annual salary for this role to the nearest dollar?

Title: Software Engineer (Remote)

Description:
Company: Pocket Network
Schedule: Full-time
Required Skills: ['typescript', 'javascript', 'css', 'html', 'react', 'graphql', 'node.js']

Salary is $",82500.00
"What is the annual salary for this role to the nearest dollar?

Title: Data Scientist

Description:
Company: Riverside Staffing, LLC
Schedule: Full-time
Required Skills: ['python', 'numpy', 'pandas', 'scikit-learn', 'pyspark', 'matplotlib', 'seaborn']

Salary is $",205000.00
"What is the annual salary for this role to the nearest dollar?

Title: Senior Data Engineer

Description:
Company: Jobot
Schedule: Full-time
Required Skills: ['shell', 'python', 'sql', 'cassandra', 'aws', 'redshift', 'hadoop', 'spark', 'flow']

Salary is $",175000.00
"What is the annual salary for this role to the nearest dollar?

Title: Senior Data Analyst

Description:
Company: Cargomatic
Schedule: Full-time
Required Skills: ['sql', 'python', 'r', 'aws', 'azure', 'gcp', 'tableau', 'excel', 'power bi']

Salary is $",125000.00
"What is the annual salary for this role to the nearest dollar?

Title: Data Analyst

Description:
Company: Ledgent Technology
Schedule: Full-time
Required Skills: ['go', 'sql', 'sql server', 'tableau', 'looker']

Salary is $",118000.00
"What is the annual salary for this role to the nearest dollar?

Title: Senior Data Scientist

Description:
Company: Hays
Schedule: Full-time
Required Skills: ['sql', 'snowflake', 'tableau', 'jira', 'confluence']

Salary is $",87500.00
"What is the annual salary for this role to the nearest dollar?

Title: Data Scientist (Remote)

Description:
Company: DreamBox Learning
Schedule: Full-time
Required Skills: ['r', 'sql', 'python', 'scikit-learn', 'tableau']

Salary is $",99955.00
"What is the annual salary for this role to the nearest dollar?

Title: Data Analyst

Description:
Company: Media.Monks
Schedule: Full-time
Required Skills: ['express', 'looker']

Salary is $",53014.00
"What is the annual salary for this role to the nearest dollar?

Title: Data Scientist (Remote)

Description:
Company: MatchPoint Solutions
Schedule: Contractor
Required Skills: ['sql', 'sql server', 'oracle', 'ssis', 'flow']

Salary is $",140000.00
"What is the annual salary for this role to the nearest dollar?

Title: Data Analyst

Description:
Company: SGS
Schedule: Full-time
Required Skills: ['go']

Salary is $",56700.00
"What is the annual salary for this role to the nearest dollar?

Title: Data Analyst

Description:
Company: SynergisticIT
Schedule: Full-time
Required Skills: ['java', 'python']

Salary is $",85000.00
"What is the annual salary for this role to the nearest dollar?

Title: Data Analyst

Description:
Company: PG&E Corporation
Schedule: Full-time
Required Skills: Not specified

Salary is $",122000.00
"What is the annual salary for this role to the nearest dollar?

Title: Data Engineer

Description:
Company: Ascendion
Schedule: Full-time
Required Skills: ['sql', 'nosql', 'azure', 'databricks', 'oracle', 'spark', 'kafka', 'sap', 'git']

Salary is $",140000.00
"What is the annual salary for this role to the nearest dollar?

Title: Data Scientist

Description:
Company: Willis Towers Watson
Schedule: Full-time
Required Skills: ['watson', 'excel', 'powerpoint']

Salary is $",115000.00
"What is the annual salary for this role to the nearest dollar?

Title: Data Engineer (Remote)

Description:
Company: Robert Half
Schedule: Full-time
Required Skills: ['sql', 'azure', 'ssis', 'ssrs']

Salary is $",102500.00
"What is the annual salary for this role to the nearest dollar?

Title: Senior Data Analyst

Description:
Company: Foot Locker
Schedule: Full-time
Required Skills: ['sql', 'python', 'scala', 'r', 'excel']

Salary is $",90000.00
"What is the annual salary for this role to the nearest dollar?

Title: Data Engineer

Description:
Company: Lucid Motors
Schedule: Full-time
Required Skills: ['python', 'scala', 'java', 'hadoop', 'kafka', 'spark', 'airflow', 'tensorflow', 'keras', 'tableau', 'docker']

Salary is $",182000.00
"What is the annual salary for this role to the nearest dollar?

Title: Senior Data Scientist (Remote)

Description:
Company: IQVIA
Schedule: Full-time
Required Skills: ['python', 'aws', 'spark', 'scikit-learn', 'keras', 'tensorflow', 'pytorch', 'git']

Salary is $",125000.00
"What is the annual salary for this role to the nearest dollar?

Title: Data Analyst

Description:
Company: Talentstorm Recruiting
Schedule: Full-time
Required Skills: ['python', 'sas', 'sas', 'sql', 'excel']

Salary is $",97500.00
"What is the annual salary for this role to the nearest dollar?

Title: Senior Data Analyst

Description:
Company: U.S. Bank
Schedule: Full-time
Required Skills: ['excel', 'tableau']

Salary is $",150540.00
"What is the annual salary for this role to the nearest dollar?

Title: Data Engineer

Description:
Company: Capital One
Schedule: Full-time
Required Skills: ['scala', 'nosql', 'python', 'java', 'elasticsearch', 'cassandra', 'aws', 'azure', 'redshift', 'snowflake', 'hadoop', 'spark', 'airflow', 'kafka', 'angular']

Salary is $",211000.00
"What is the annual salary for this role to the nearest dollar?

Title: Data Engineer

Description:
Company: Trepp, Inc.
Schedule: Full-time
Required Skills: ['sql', 'python', 'java', 'scala', 'aws', 'spark', 'git']

Salary is $",180000.00
"What is the annual salary for this role to the nearest dollar?

Title: Data Engineer (Remote)

Description:
Company: Respondology
Schedule: Full-time
Required Skills: ['sql', 'python', 'java', 'scala', 'postgresql', 'aws', 'spark', 'pyspark']

Salary is $",130000.00
"What is the annual salary for this role to the nearest dollar?

Title: Business Analyst

Description:
Company: Hays
Schedule: Contractor
Required Skills: ['sql', 'sap']

Salary is $",140000.00
"What is the annual salary for this role to the nearest dollar?

Title: Senior Data Engineer (Remote)

Description:
Company: Storm3
Schedule: Full-time
Required Skills: ['sql', 'python', 'snowflake', 'bigquery', 'airflow', 'spark']

Salary is $",180000.00
"What is the annual salary for this role to the nearest dollar?

Title: Data Analyst

Description:
Company: Care.com
Schedule: Full-time
Required Skills: ['python', 'r', 'sql', 'snowflake', 'bigquery', 'tableau', 'power bi', 'looker']

Salary is $",350000.00
"What is the annual salary for this role to the nearest dollar?

Title: Data Engineer (Remote)

Description:
Company: Abridge
Schedule: Full-time
Required Skills: ['python', 'typescript', 'snowflake', 'bigquery']

Salary is $",205000.00
"What is the annual salary for this role to the nearest dollar?

Title: Data Analyst

Description:
Company: Westinghouse Electric Company
Schedule: Full-time
Required Skills: ['sap', 'excel', 'powerpoint']

Salary is $",77018.00
"What is the annual salary for this role to the nearest dollar?

Title: Data Analyst

Description:
Company: Burgiss
Schedule: Full-time
Required Skills: ['excel', 'microsoft teams']

Salary is $",75000.00
"What is the annual salary for this role to the nearest dollar?

Title: Senior Data Scientist (Remote)

Description:
Company: Ryder System
Schedule: Full-time
Required Skills: ['sql', 'python', 'r', 'databricks', 'excel']

Salary is $",137500.00
"What is the annual salary for this role to the nearest dollar?

Title: Data Engineer

Description:
Company: KPMG
Schedule: Full-time
Required Skills: ['python', 'sql', 'go', 'jira']

Salary is $",67900.00
"What is the annual salary for this role to the nearest dollar?

Title: Data Analyst

Description:
Company: iNtegrity+
Schedule: Full-time
Required Skills: ['sql', 'sql server', 'windows', 'power bi', 'dax', 'excel', 'flow']

Salary is $",100000.00
"What is the annual salary for this role to the nearest dollar?

Title: Data Scientist

Description:
Company: HashiCorp
Schedule: Full-time
Required Skills: ['python', 'aws', 'numpy', 'pandas', 'tensorflow', 'pytorch', 'keras', 'flask']

Salary is $",157500.00
"What is the annual salary for this role to the nearest dollar?

Title: Data Analyst

Description:
Company: NYC Careers
Schedule: Full-time
Required Skills: ['sas', 'sas', 'python', 'r', 'excel', 'spss', 'tableau', 'cognos']

Salary is $",90500.00
"What is the annual salary for this role to the nearest dollar?

Title: Business Analyst

Description:
Company: Ryder System, Inc
Schedule: Full-time
Required Skills: ['sql', 'excel', 'dax', 'alteryx', 'flow']

Salary is $",90000.00
"What is the annual salary for this role to the nearest dollar?

Title: Senior Data Scientist

Description:
Company: C3.ai
Schedule: Full-time
Required Skills: ['python', 'r', 'javascript', 'java', 'github']

Salary is $",157500.00
"What is the annual salary for this role to the nearest dollar?

Title: Senior Data Analyst

Description:
Company: NYC Health + Hospitals
Schedule: Full-time
Required Skills: Not specified

Salary is $",110000.00
"What is the annual salary for this role to the nearest dollar?

Title: Data Scientist (Remote)

Description:
Company: BARK
Schedule: Full-time
Required Skills: ['python', 'sql', 'redshift', 'bigquery', 'scikit-learn', 'pytorch']

Salary is $",175000.00
"What is the annual salary for this role to the nearest dollar?

Title: Software Engineer

Description:
Company: Uplight
Schedule: Full-time
Required Skills: ['python', 'databricks', 'gcp', 'aws', 'azure', 'airflow', 'spark', 'fastapi', 'terraform', 'docker']

Salary is $",165000.00
"What is the annual salary for this role to the nearest dollar?

Title: Data Scientist (Remote)

Description:
Company: CyberCoders
Schedule: Full-time
Required Skills: ['python', 'java', 'matlab']

Salary is $",115000.00
"What is the annual salary for this role to the nearest dollar?

Title: Data Engineer

Description:
Company: Expa
Schedule: Full-time
Required Skills: ['python', 'r', 'pyspark']

Salary is $",187500.00
"What is the annual salary for this role to the nearest dollar?

Title: Data Engineer

Description:
Company: Oak Ridge National Laboratory
Schedule: Full-time
Required Skills: ['sql', 'python', 'nosql', 'html', 'sql server', 'pandas', 'spark', 'linux', 'word']

Salary is $",125000.00
"What is the annual salary for this role to the nearest dollar?

Title: Data Engineer

Description:
Company: S&P Global
Schedule: Full-time
Required Skills: ['python', 'r', 'java', 'sql', 'nosql', 'hadoop', 'spark', 'tableau', 'git', 'docker', 'kubernetes']

Salary is $",155000.00
"What is the annual salary for this role to the nearest dollar?

Title: Data Analyst (Remote)

Description:
Company: Patterned Learning AI
Schedule: Full-time
Required Skills: ['sql', 'tableau', 'excel', 'sheets']

Salary is $",150000.00
"What is the annual salary for this role to the nearest dollar?

Title: Data Engineer

Description:
Company: Disney Media & Entertainment Distribution
Schedule: Full-time
Required Skills: ['python', 'scala', 'sql', 'java', 'aws', 'snowflake', 'redshift', 'hadoop', 'spark', 'airflow', 'pyspark']

Salary is $",174720.00
"What is the annual salary for this role to the nearest dollar?

Title: Data Analyst

Description:
Company: UC San Diego Health
Schedule: Full-time
Required Skills: ['sql', 'windows', 'word', 'excel']

Salary is $",83105.00
"What is the annual salary for this role to the nearest dollar?

Title: Data Engineer (Remote)

Description:
Company: Signify Technology
Schedule: Full-time
Required Skills: ['scala', 'python', 'databricks', 'spark']

Salary is $",250000.00
"What is the annual salary for this role to the nearest dollar?

Title: Senior Data Scientist

Description:
Company: Harnham
Schedule: Full-time
Required Skills: ['python', 'sql', 'scala', 'azure', 'gcp', 'spark', 'pyspark']

Salary is $",175000.00
"What is the annual salary for this role to the nearest dollar?

Title: Senior Data Scientist

Description:
Company: Khan Academy
Schedule: Full-time
Required Skills: ['sql', 'r', 'python']

Salary is $",150000.00
"What is the annual salary for this role to the nearest dollar?

Title: Software Engineer (Remote)

Description:
Company: Fitsoftware OU
Schedule: Full-time
Required Skills: ['python', 'nosql', 'firebase', 'firebase', 'graphql', 'fastapi', 'docker']

Salary is $",75000.00
"What is the annual salary for this role to the nearest dollar?

Title: Senior Data Scientist

Description:
Company: SourceFly
Schedule: Full-time
Required Skills: ['python', 'r', 'sql', 'pandas', 'opencv', 'linux', 'sap']

Salary is $",165000.00
"What is the annual salary for this role to the nearest dollar?

Title: Data Engineer

Description:
Company: Noodles & Company
Schedule: Full-time
Required Skills: ['python', 'sql', 'bigquery', 'gcp', 'power bi', 'git']

Salary is $",125000.00
"What is the annual salary for this role to the nearest dollar?

Title: Data Engineer

Description:
Company: CVS Health
Schedule: Full-time
Required Skills: ['bash', 'python', 'sql', 'shell', 'nosql', 'mongodb', 'mongodb', 'mariadb', 'gcp', 'oracle', 'kafka', 'hadoop', 'pyspark', 'spark', 'airflow', 'angular', 'jenkins', 'git']

Salary is $",172500.00
"What is the annual salary for this role to the nearest dollar?

Title: Data Analyst

Description:
Company: HoYoverse
Schedule: Full-time
Required Skills: ['sql', 'python', 'sas', 'sas', 'excel', 'spss']

Salary is $",57500.00
"What is the annual salary for this role to the nearest dollar?

Title: Data Analyst

Description:
Company: Citi
Schedule: Full-time
Required Skills: ['nosql', 'oracle', 'hadoop', 'spark', 'kafka']

Salary is $",112690.00
"What is the annual salary for this role to the nearest dollar?

Title: Business Analyst

Description:
Company: Retail Data
Schedule: Part-time
Required Skills: Not specified

Salary is $",60000.00
"What is the annual salary for this role to the nearest dollar?

Title: Senior Data Engineer

Description:
Company: Accenture Federal Services
Schedule: Full-time
Required Skills: ['c']

Salary is $",136500.00
"What is the annual salary for this role to the nearest dollar?

Title: Data Engineer (Remote)

Description:
Company: Alldus
Schedule: Full-time
Required Skills: ['scala', 'python', 'docker']

Salary is $",205000.00
"What is the annual salary for this role to the nearest dollar?

Title: Data Scientist

Description:
Company: Entech Network Solutions, LLC.
Schedule: Full-time
Required Skills: ['r', 'python', 'sql', 'snowflake', 'tableau']

Salary is $",130000.00
"What is the annual salary for this role to the nearest dollar?

Title: Data Scientist

Description:
Company: Trinity Solar Careers
Schedule: Full-time
Required Skills: Not specified

Salary is $",130000.00
"What is the annual salary for this role to the nearest dollar?

Title: Data Scientist

Description:
Company: Excelity
Schedule: Full-time
Required Skills: ['c#', 'c++', 'python', 'hadoop', 'pandas', 'jupyter', 'windows']

Salary is $",157500.00
"What is the annual salary for this role to the nearest dollar?

Title: Senior Data Engineer

Description:
Company: Dun & Bradstreet
Schedule: Full-time
Required Skills: ['python', 'sql', 'aws', 'azure', 'react']

Salary is $",155904.00
"What is the annual salary for this role to the nearest dollar?

Title: Data Analyst (Remote)

Description:
Company: Redwood Strategy Group
Schedule: Full-time
Required Skills: ['r', 'python', 'sql', 'tableau', 'word', 'excel', 'powerpoint', 'outlook', 'visio']

Salary is $",85000.00
"What is the annual salary for this role to the nearest dollar?

Title: Data Engineer (Remote)

Description:
Company: Robert Half
Schedule: Full-time
Required Skills: ['sql', 'java', 'python', 'azure', 'aws', 'snowflake']

Salary is $",112500.00
"What is the annual salary for this role to the nearest dollar?

Title: Data Scientist

Description:
Company: JPMorgan Chase Bank, N.A.
Schedule: Full-time
Required Skills: ['python', 'sql', 'r', 'matlab', 'scala', 'spark', 'pandas', 'matplotlib']

Salary is $",119500.00
"What is the annual salary for this role to the nearest dollar?

Title: Business Analyst (Remote)

Description:
Company: Noom
Schedule: Full-time
Required Skills: ['sql', 'python', 'looker', 'tableau', 'excel', 'chef']

Salary is $",220000.00
"What is the annual salary for this role to the nearest dollar?

Title: Data Engineer (Remote)

Description:
Company: Atomic VC
Schedule: Full-time
Required Skills: ['python', 'sql', 'scala', 'nosql', 'postgresql', 'redshift', 'aws', 'azure', 'spark', 'hadoop', 'airflow']

Salary is $",137500.00
"What is the annual salary for this role to the nearest dollar?

Title: Data Analyst

Description:
Company: Pendulum
Schedule: Full-time
Required Skills: ['sql', 'tableau', 'excel']

Salary is $",111175.00
"What is the annual salary for this role to the nearest dollar?

Title: Senior Data Scientist

Description:
Company: Harnham
Schedule: Full-time
Required Skills: ['python', 'sql']

Salary is $",170000.00
"What is the annual salary for this role to the nearest dollar?

Title: Data Engineer

Description:
Company: Charger Logistics Inc
Schedule: Full-time
Required Skills: ['python', 'sql', 'r', 'snowflake', 'airflow', 'tableau']

Salary is $",96773.00
"What is the annual salary for this role to the nearest dollar?

Title: Data Analyst

Description:
Company: Dexian - DISYS
Schedule: Full-time
Required Skills: ['sas', 'sas', 'sql', 'python']

Salary is $",100000.00
"What is the annual salary for this role to the nearest dollar?

Title: Data Engineer

Description:
Company: Sun Life
Schedule: Full-time
Required Skills: ['sql', 'aws', 'pyspark']

Salary is $",115000.00
"What is the annual salary for this role to the nearest dollar?

Title: Senior Data Engineer (Remote)

Description:
Company: Intelletec
Schedule: Full-time
Required Skills: ['sql', 'nosql', 'aws', 'kafka']

Salary is $",172500.00
"What is the annual salary for this role to the nearest dollar?

Title: Data Analyst

Description:
Company: WNA Ltd
Schedule: Full-time
Required Skills: ['power bi', 'spreadsheet', 'powerpoint', 'excel', 'visio']

Salary is $",70000.00
"What is the annual salary for this role to the nearest dollar?

Title: Senior Data Scientist

Description:
Company: Matlen Silver
Schedule: Full-time
Required Skills: ['python', 'r', 'sql', 'aws', 'azure', 'databricks']

Salary is $",125000.00
"What is the annual salary for this role to the nearest dollar?

Title: Machine Learning Engineer

Description:
Company: Wolt
Schedule: Full-time
Required Skills: ['python', 'docker', 'kubernetes']

Salary is $",166000.00
"What is the annual salary for this role to the nearest dollar?

Title: Senior Data Analyst

Description:
Company: Get It Recruit - Information Technology
Schedule: Full-time
Required Skills: ['sql', 'python', 'ssis', 'tableau', 'ssrs', 'power bi', 'git']

Salary is $",91500.00
"What is the annual salary for this role to the nearest dollar?

Title: Data Engineer (Remote)

Description:
Company: Meta
Schedule: Full-time
Required Skills: ['sql', 'python', 'perl', 'java']

Salary is $",242000.00
"What is the annual salary for this role to the nearest dollar?

Title: Data Scientist (Remote)

Description:
Company: Get It Recruit - Marketing
Schedule: Full-time
Required Skills: ['python', 'aws']

Salary is $",85152.00
"What is the annual salary for this role to the nearest dollar?

Title: Software Engineer

Description:
Company: Gartner
Schedule: Full-time
Required Skills: ['python', 'sql', 'mysql', 'oracle', 'pandas', 'scikit-learn', 'numpy', 'nltk', 'airflow', 'datarobot', 'notion']

Salary is $",59400.00
"What is the annual salary for this role to the nearest dollar?

Title: Business Analyst (Remote)

Description:
Company: Stepped Care Solutions
Schedule: Full-time
Required Skills: ['excel', 'tableau']

Salary is $",100000.00
"What is the annual salary for this role to the nearest dollar?

Title: Data Analyst

Description:
Company: ALTEN
Schedule: Full-time
Required Skills: ['tableau', 'power bi']

Salary is $",45000.00
"What is the annual salary for this role to the nearest dollar?

Title: Data Engineer

Description:
Company: VISA
Schedule: Full-time
Required Skills: ['go', 'golang', 'java']

Salary is $",145000.00
"What is the annual salary for this role to the nearest dollar?

Title: Data Analyst

Description:
Company: LHH
Schedule: Full-time
Required Skills: ['python', 'sql', 'azure', 'aws', 'power bi', 'excel']

Salary is $",92500.00
"What is the annual salary for this role to the nearest dollar?

Title: Senior Data Engineer

Description:
Company: MasterCard
Schedule: Full-time
Required Skills: ['scala', 'java', 'python', 'spark', 'hadoop', 'kafka']

Salary is $",90000.00
"What is the annual salary for this role to the nearest dollar?

Title: Data Engineer

Description:
Company: SAIC
Schedule: Full-time
Required Skills: ['python', 'sql', 'c++', 'databricks', 'qlik']

Salary is $",125000.00
"What is the annual salary for this role to the nearest dollar?

Title: Data Analyst

Description:
Company: Insight Global
Schedule: Full-time
Required Skills: ['excel', 'word', 'powerpoint']

Salary is $",77500.00
"What is the annual salary for this role to the nearest dollar?

Title: Senior Data Engineer

Description:
Company: Lawrence Harvey
Schedule: Full-time
Required Skills: ['aws']

Salary is $",145000.00
"What is the annual salary for this role to the nearest dollar?

Title: Data Analyst

Description:
Company: Diversified Services Network
Schedule: Full-time
Required Skills: ['go', 'excel']

Salary is $",33500.00
"What is the annual salary for this role to the nearest dollar?

Title: Senior Data Scientist

Description:
Company: TIAA
Schedule: Full-time
Required Skills: ['sas', 'sas', 'sql', 'python', 'r']

Salary is $",131900.00
"What is the annual salary for this role to the nearest dollar?

Title: Data Scientist (Remote)

Description:
Company: Dollar General
Schedule: Full-time
Required Skills: ['node']

Salary is $",135000.00
"What is the annual salary for this role to the nearest dollar?

Title: Data Scientist

Description:
Company: Kane Partners LLC
Schedule: Full-time
Required Skills: ['python', 'azure']

Salary is $",110000.00
"What is the annual salary for this role to the nearest dollar?

Title: Data Scientist

Description:
Company: Ardent MC
Schedule: Full-time
Required Skills: ['python', 'sas', 'sas', 'r', 'power bi', 'tableau', 'git']

Salary is $",131867.00
"What is the annual salary for this role to the nearest dollar?

Title: Data Analyst

Description:
Company: Office of Inspector General
Schedule: Full-time
Required Skills: ['r', 'python', 'sql', 'mysql', 'oracle', 'tableau', 'spss', 'flow']

Salary is $",84000.00
"What is the annual salary for this role to the nearest dollar?

Title: Senior Data Scientist (Remote)

Description:
Company: Airbnb
Schedule: Full-time
Required Skills: ['python', 'sql', 'pytorch', 'tensorflow']

Salary is $",186500.00
"What is the annual salary for this role to the nearest dollar?

Title: Software Engineer (Remote)

Description:
Company: Insight Global
Schedule: Full-time
Required Skills: ['sql', 'sql server', 'azure', 'power bi']

Salary is $",130000.00
"What is the annual salary for this role to the nearest dollar?

Title: Data Engineer

Description:
Company: Clear Street
Schedule: Full-time
Required Skills: ['python', 'go', 'redis', 'kafka', 'docker', 'kubernetes']

Salary is $",90000.00
"What is the annual salary for this role to the nearest dollar?

Title: Machine Learning Engineer

Description:
Company: The Search Experience
Schedule: Full-time
Required Skills: ['python', 'excel']

Salary is $",220000.00
"What is the annual salary for this role to the nearest dollar?

Title: Data Analyst

Description:
Company: Health Care Service Corporation
Schedule: Full-time
Required Skills: ['word', 'excel']

Salary is $",69900.00
"What is the annual salary for this role to the nearest dollar?

Title: Data Engineer

Description:
Company: TeamViewer
Schedule: Full-time
Required Skills: ['sql', 'java', 'python', 'aws', 'gcp', 'spark', 'airflow', 'linux']

Salary is $",98283.00
"What is the annual salary for this role to the nearest dollar?

Title: Senior Data Scientist (Remote)

Description:
Company: Discord
Schedule: Full-time
Required Skills: ['sql', 'bigquery', 'tableau', 'looker']

Salary is $",185000.00
"What is the annual salary for this role to the nearest dollar?

Title: Data Engineer

Description:
Company: Fidelity Investments
Schedule: Full-time
Required Skills: ['go', 'aws', 'azure']

Salary is $",135000.00
"What is the annual salary for this role to the nearest dollar?

Title: Senior Data Scientist

Description:
Company: Ultimate Kronos Group
Schedule: Full-time
Required Skills: ['sql', 'python', 'scala', 'pandas']

Salary is $",200000.00
"What is the annual salary for this role to the nearest dollar?

Title: Senior Data Engineer

Description:
Company: Loam Bio
Schedule: Full-time
Required Skills: ['python', 'sql', 'java', 'ruby', 'ruby', 'golang', 'php', 'gcp', 'bigquery', 'dax', 'flow', 'github', 'atlassian', 'asana']

Salary is $",96773.00
"What is the annual salary for this role to the nearest dollar?

Title: Data Analyst

Description:
Company: Lyft
Schedule: Full-time
Required Skills: ['sql', 'excel']

Salary is $",111175.00
"What is the annual salary for this role to the nearest dollar?

Title: Data Scientist

Description:
Company: Stryker Corporation
Schedule: Full-time
Required Skills: ['sql', 'python', 'r', 'scala', 'sql server', 'azure', 'databricks', 'spark', 'power bi', 'git']

Salary is $",115000.00
"What is the annual salary for this role to the nearest dollar?

Title: Data Scientist

Description:
Company: TEKsystems
Schedule: Full-time
Required Skills: ['python', 'sql', 'databricks', 'azure']

Salary is $",142500.00
"What is the annual salary for this role to the nearest dollar?

Title: Data Scientist

Description:
Company: Snap Inc.
Schedule: Full-time
Required Skills: ['sql', 'python', 'r', 'c', 'express']

Salary is $",138500.00
"What is the annual salary for this role to the nearest dollar?

Title: Data Scientist

Description:
Company: Jobot
Schedule: Full-time
Required Skills: ['python', 'databricks', 'pyspark']

Salary is $",150000.00
"What is the annual salary for this role to the nearest dollar?

Title: Software Engineer

Description:
Company: Recruitment Room
Schedule: Full-time
Required Skills: ['nosql', 'sql', 'java', 'spring']

Salary is $",66000.00
"What is the annual salary for this role to the nearest dollar?

Title: Data Engineer

Description:
Company: Technical Source
Schedule: Full-time and Contractor
Required Skills: ['sql', 'python', 'azure', 'databricks']

Salary is $",100000.00
"What is the annual salary for this role to the nearest dollar?

Title: Data Analyst

Description:
Company: Research Foundation for Mental Hygiene, Inc.
Schedule: Full-time
Required Skills: ['sql', 'sas', 'sas', 'python', 'r']

Salary is $",88602.00
"What is the annual salary for this role to the nearest dollar?

Title: Data Engineer

Description:
Company: Associated Bank
Schedule: Full-time
Required Skills: ['python', 'powershell', 'sql', 'r', 'shell', 'ruby', 'ruby', 'sql server', 'oracle', 'aws', 'ssis', 'ssrs', 'flow']

Salary is $",90000.00
"What is the annual salary for this role to the nearest dollar?

Title: Data Scientist

Description:
Company: SoFi
Schedule: Full-time
Required Skills: ['sql', 'python', 'excel', 'tableau']

Salary is $",170000.00
"What is the annual salary for this role to the nearest dollar?

Title: Data Scientist

Description:
Company: Selby Jennings
Schedule: Full-time
Required Skills: Not specified

Salary is $",350000.00
"What is the annual salary for this role to the nearest dollar?

Title: Data Analyst (Remote)

Description:
Company: Get It Recruit - Information Technology
Schedule: Full-time
Required Skills: ['sql']

Salary is $",70500.00
"What is the annual salary for this role to the nearest dollar?

Title: Data Analyst

Description:
Company: Boston Children's Hospital
Schedule: Full-time
Required Skills: ['sql', 'tableau']

Salary is $",81312.00
"What is the annual salary for this role to the nearest dollar?

Title: Senior Data Engineer

Description:
Company: PlayStation Global
Schedule: Full-time
Required Skills: ['shell', 'java', 'scala', 'python', 'oracle', 'unix', 'linux']

Salary is $",147500.00
"What is the annual salary for this role to the nearest dollar?

Title: Data Analyst

Description:
Company: Singer Vehicle Design
Schedule: Full-time
Required Skills: ['assembly', 'express', 'excel']

Salary is $",78390.00
"What is the annual salary for this role to the nearest dollar?

Title: Data Scientist

Description:
Company: AUTO1 Group
Schedule: Full-time
Required Skills: ['python', 'aws', 'redshift', 'fastapi', 'linux', 'jenkins', 'terraform']

Salary is $",166420.00
"What is the annual salary for this role to the nearest dollar?

Title: Senior Data Scientist (Remote)

Description:
Company: Box
Schedule: Full-time
Required Skills: ['sql', 'python', 'r', 'scala']

Salary is $",174000.00
"What is the annual salary for this role to the nearest dollar?

Title: Data Analyst

Description:
Company: Marathon TS
Schedule: Full-time
Required Skills: ['sql', 'python', 'excel']

Salary is $",160000.00
"What is the annual salary for this role to the nearest dollar?

Title: Data Analyst

Description:
Company: Citi
Schedule: Full-time
Required Skills: Not specified

Salary is $",113580.00
"What is the annual salary for this role to the nearest dollar?

Title: Data Analyst

Description:
Company: Kaizen Gaming
Schedule: Full-time
Required Skills: Not specified

Salary is $",111175.00
"What is the annual salary for this role to the nearest dollar?

Title: Data Scientist

Description:
Company: Home Depot
Schedule: Full-time
Required Skills: ['python', 'bigquery', 'excel', 'tableau']

Salary is $",115000.00
"What is the annual salary for this role to the nearest dollar?

Title: Data Engineer

Description:
Company: Mavensoft Technologies, LLC
Schedule: Contractor
Required Skills: ['sql', 'nosql', 'mongodb', 'mongodb', 'python', 'java', 'scala', 'elasticsearch', 'aws', 'redshift', 'hadoop', 'spark', 'kafka']

Salary is $",50000.00
"What is the annual salary for this role to the nearest dollar?

Title: Senior Data Scientist

Description:
Company: Publicis Groupe
Schedule: Full-time
Required Skills: ['java', 'scala', 'python', 'nosql', 'mongodb', 'mongodb', 'sql', 'cassandra', 'mysql', 'sql server', 'aws', 'redshift', 'azure', 'gcp', 'bigquery', 'oracle', 'hadoop', 'kafka', 'spark', 'airflow']

Salary is $",64800.00
"What is the annual salary for this role to the nearest dollar?

Title: Data Analyst

Description:
Company: NEW YORK CITY HEALTH AND HOSPITALS CORPORATION
Schedule: Full-time
Required Skills: ['sql', 'oracle', 'ms access']

Salary is $",72500.00
"What is the annual salary for this role to the nearest dollar?

Title: Data Scientist

Description:
Company: Group W
Schedule: Full-time
Required Skills: ['r']

Salary is $",115000.00
"What is the annual salary for this role to the nearest dollar?

Title: Data Analyst

Description:
Company: Integrated Resources, Inc ( IRI )
Schedule: Temp work
Required Skills: ['excel']

Salary is $",65000.00
"What is the annual salary for this role to the nearest dollar?

Title: Data Engineer

Description:
Company: Intevity
Schedule: Full-time
Required Skills: ['typescript', 'python', 'sql', 'aws', 'redshift', 'node', 'node.js']

Salary is $",147500.00
"What is the annual salary for this role to the nearest dollar?

Title: Machine Learning Engineer

Description:
Company: IndSAfri
Schedule: Contractor
Required Skills: ['nosql']

Salary is $",69300.00
"What is the annual salary for this role to the nearest dollar?

Title: Senior Data Analyst

Description:
Company: CAREERXCHANGE, INC.
Schedule: Full-time
Required Skills: ['sql', 'excel', 'flow']

Salary is $",98910.00
"What is the annual salary for this role to the nearest dollar?

Title: Senior Data Engineer

Description:
Company: Turo
Schedule: Full-time
Required Skills: ['redshift', 'aws', 'azure', 'gcp', 'airflow', 'spark', 'jenkins', 'kubernetes', 'terraform']

Salary is $",180500.00
"What is the annual salary for this role to the nearest dollar?

Title: Data Engineer

Description:
Company: Meritis
Schedule: Full-time
Required Skills: ['python', 'scala', 'hadoop', 'spark']

Salary is $",89100.00
"What is the annual salary for this role to the nearest dollar?

Title: Senior Data Scientist

Description:
Company: Elementus
Schedule: Full-time
Required Skills: ['python', 'r', 'sql']

Salary is $",200000.00
"What is the annual salary for this role to the nearest dollar?

Title: Senior Data Scientist

Description:
Company: General Dynamics
Schedule: Full-time
Required Skills: ['python', 'sql', 'spark']

Salary is $",125000.00
"What is the annual salary for this role to the nearest dollar?

Title: Data Scientist

Description:
Company: Paragon Cyber Solutions
Schedule: Full-time
Required Skills: Not specified

Salary is $",109500.00
"What is the annual salary for this role to the nearest dollar?

Title: Machine Learning Engineer

Description:
Company: SoundCloud
Schedule: Full-time
Required Skills: Not specified

Salary is $",189297.00
"What is the annual salary for this role to the nearest dollar?

Title: Data Scientist

Description:
Company: Skyrocket Ventures
Schedule: Full-time
Required Skills: ['python']

Salary is $",250000.00
"What is the annual salary for this role to the nearest dollar?

Title: Data Analyst

Description:
Company: Contact Energy
Schedule: Full-time
Required Skills: ['r', 'python', 'sql', 'jupyter', 'dplyr', 'power bi']

Salary is $",50400.00
"What is the annual salary for this role to the nearest dollar?

Title: Data Scientist

Description:
Company: Deloitte
Schedule: Full-time
Required Skills: ['tableau']

Salary is $",138938.00
"What is the annual salary for this role to the nearest dollar?

Title: Business Analyst

Description:
Company: AARA TECHNOLOGIES INC.
Schedule: Contractor
Required Skills: Not specified

Salary is $",67500.00
"What is the annual salary for this role to the nearest dollar?

Title: Machine Learning Engineer

Description:
Company: C3.ai
Schedule: Full-time
Required Skills: Not specified

Salary is $",79200.00
"What is the annual salary for this role to the nearest dollar?

Title: Senior Data Scientist

Description:
Company: Northrop Grumman
Schedule: Full-time
Required Skills: ['r']

Salary is $",154000.00
"What is the annual salary for this role to the nearest dollar?

Title: Data Scientist

Description:
Company: Workday
Schedule: Full-time
Required Skills: ['r', 'python']

Salary is $",151500.00
"What is the annual salary for this role to the nearest dollar?

Title: Data Analyst

Description:
Company: Jobot
Schedule: Full-time
Required Skills: Not specified

Salary is $",77500.00
"What is the annual salary for this role to the nearest dollar?

Title: Business Analyst (Remote)

Description:
Company: Hausch & Company
Schedule: Full-time
Required Skills: ['sql', 'dax', 'power bi', 'flow']

Salary is $",82500.00
"What is the annual salary for this role to the nearest dollar?

Title: Data Analyst

Description:
Company: Royal Caribbean Group
Schedule: Full-time
Required Skills: ['python', 'go', 'oracle', 'azure', 'tableau', 'excel', 'visio', 'word', 'power bi', 'sharepoint']

Salary is $",89500.00
"What is the annual salary for this role to the nearest dollar?

Title: Data Analyst (Remote)

Description:
Company: SmartAsset
Schedule: Full-time
Required Skills: ['go', 'python', 'sql', 'snowflake', 'pandas', 'numpy', 'excel', 'tableau', 'gitlab']

Salary is $",186000.00
"What is the annual salary for this role to the nearest dollar?

Title: Data Analyst

Description:
Company: H&M Group
Schedule: Full-time
Required Skills: ['gdpr']

Salary is $",89100.00
"What is the annual salary for this role to the nearest dollar?

Title: Data Analyst

Description:
Company: Biogen
Schedule: Full-time
Required Skills: Not specified

Salary is $",89100.00
"What is the annual salary for this role to the nearest dollar?

Title: Data Analyst

Description:
Company: Arsenault Inc
Schedule: Full-time
Required Skills: ['sql', 'javascript', 'sas', 'sas', 'excel', 'spss']

Salary is $",48000.00
"What is the annual salary for this role to the nearest dollar?

Title: Senior Data Engineer

Description:
Company: Zoopla
Schedule: Full-time
Required Skills: ['python', 'sql', 'nosql', 'aws', 'redshift', 'databricks', 'snowflake', 'spark', 'airflow', 'terraform', 'docker']

Salary is $",147500.00
"What is the annual salary for this role to the nearest dollar?

Title: Senior Data Scientist

Description:
Company: Match Group
Schedule: Full-time
Required Skills: ['sql', 'python']

Salary is $",241500.00
"What is the annual salary for this role to the nearest dollar?

Title: Data Scientist

Description:
Company: Jones Lang LaSalle Incorporated
Schedule: Full-time
Required Skills: ['python', 'sql', 'sql server', 'azure', 'aws', 'kafka', 'spark', 'flow']

Salary is $",90000.00
"What is the annual salary for this role to the nearest dollar?

Title: Data Analyst

Description:
Company: EDWARD JONES
Schedule: Full-time
Required Skills: ['sql', 'sas', 'sas', 'r', 'python', 'snowflake', 'oracle', 'power bi', 'spss', 'excel']

Salary is $",103781.00
"What is the annual salary for this role to the nearest dollar?

Title: Data Analyst (Remote)

Description:
Company: Get It Recruit - Information Technology
Schedule: Full-time
Required Skills: ['sql', 'excel', 'alteryx', 'power bi', 'flow']

Salary is $",110000.00
"What is the annual salary for this role to the nearest dollar?

Title: Data Engineer (Remote)

Description:
Company: Insight Global
Schedule: Full-time
Required Skills: Not specified

Salary is $",120000.00
"What is the annual salary for this role to the nearest dollar?

Title: Data Engineer

Description:
Company: Apple
Schedule: Full-time
Required Skills: ['sql', 'nosql', 'r', 'python', 'snowflake', 'hadoop', 'tableau']

Salary is $",125000.00
"What is the annual salary for this role to the nearest dollar?

Title: Data Engineer

Description:
Company: Inivos
Schedule: Full-time
Required Skills: ['databricks', 'power bi']

Salary is $",96773.00
"What is the annual salary for this role to the nearest dollar?

Title: Senior Data Engineer

Description:
Company: TheResumeReview.com
Schedule: Full-time
Required Skills: ['nosql', 'python', 'java', 'aws', 'redshift', 'snowflake', 'kafka', 'qlik', 'kubernetes']

Salary is $",137458.00
"What is the annual salary for this role to the nearest dollar?

Title: Data Analyst (Remote)

Description:
Company: EL Education (Formerly Expeditionary Learning)
Schedule: Full-time
Required Skills: ['r', 'tableau', 'word']

Salary is $",105000.00
"What is the annual salary for this role to the nearest dollar?

Title: Machine Learning Engineer

Description:
Company: Talend
Schedule: Full-time
Required Skills: ['r', 'python', 'sas', 'sas', 'gdpr', 'git']

Salary is $",56700.00
"What is the annual salary for this role to the nearest dollar?

Title: Senior Data Analyst

Description:
Company: Theery
Schedule: Full-time
Required Skills: ['python', 'r']

Salary is $",170000.00
"What is the annual salary for this role to the nearest dollar?

Title: Data Scientist (Remote)

Description:
Company: Snaphyre
Schedule: Full-time
Required Skills: ['sql']

Salary is $",30750.00
"What is the annual salary for this role to the nearest dollar?

Title: Business Analyst (Remote)

Description:
Company: Forward
Schedule: Full-time
Required Skills: Not specified

Salary is $",16500.00
"What is the annual salary for this role to the nearest dollar?

Title: Senior Data Engineer (Remote)

Description:
Company: TEEMA
Schedule: Full-time
Required Skills: ['python', 'sql', 'aws', 'spark', 'gitlab']

Salary is $",152500.00
"What is the annual salary for this role to the nearest dollar?

Title: Data Engineer

Description:
Company: Ledgent Technology
Schedule: Full-time
Required Skills: ['python', 'bigquery', 'oracle', 'redshift', 'aws', 'airflow', 'linux', 'looker', 'docker', 'kubernetes']

Salary is $",65000.00
"What is the annual salary for this role to the nearest dollar?

Title: Data Scientist

Description:
Company: ByteDance
Schedule: Full-time
Required Skills: ['sql', 'python', 'r']

Salary is $",224500.00
"What is the annual salary for this role to the nearest dollar?

Title: Data Engineer

Description:
Company: Adyen
Schedule: Full-time
Required Skills: ['bash', 'python', 'linux', 'git']

Salary is $",89100.00
"What is the annual salary for this role to the nearest dollar?

Title: Senior Data Scientist

Description:
Company: New York Post
Schedule: Full-time
Required Skills: ['python', 'sql', 'go', 'gcp', 'looker']

Salary is $",125000.00
"What is the annual salary for this role to the nearest dollar?

Title: Senior Data Scientist

Description:
Company: NBCUniversal
Schedule: Full-time
Required Skills: ['python', 'java', 'scala', 'sql']

Salary is $",89100.00
"What is the annual salary for this role to the nearest dollar?

Title: Business Analyst

Description:
Company: Military Treatment Facilities under DHA
Schedule: Full-time
Required Skills: ['excel', 'powerpoint']

Salary is $",82830.00
"What is the annual salary for this role to the nearest dollar?

Title: Data Scientist

Description:
Company: ENGIE North America Inc.
Schedule: Full-time
Required Skills: ['sas', 'sas', 'sql', 'python', 'power bi']

Salary is $",164498.00
"What is the annual salary for this role to the nearest dollar?

Title: Data Analyst

Description:
Company: TIAA Bank
Schedule: Full-time
Required Skills: Not specified

Salary is $",131900.00
"What is the annual salary for this role to the nearest dollar?

Title: Data Engineer

Description:
Company: Spectrum
Schedule: Full-time
Required Skills: ['sql', 'python', 'r', 'shell', 'nosql', 'javascript', 'spark', 'matplotlib', 'plotly', 'tableau', 'ansible']

Salary is $",97600.00
"What is the annual salary for this role to the nearest dollar?

Title: Senior Data Scientist

Description:
Company: Realtor.com
Schedule: Full-time
Required Skills: ['sql']

Salary is $",165500.00
"What is the annual salary for this role to the nearest dollar?

Title: Data Scientist

Description:
Company: ECS Federal, Inc
Schedule: Full-time
Required Skills: ['python', 'sql', 'postgresql', 'aurora', 'aws']

Salary is $",140000.00
"What is the annual salary for this role to the nearest dollar?

Title: Data Scientist (Remote)

Description:
Company: X4 Life Sciences
Schedule: Full-time
Required Skills: ['python', 'r', 'java', 'sql']

Salary is $",180000.00
"What is the annual salary for this role to the nearest dollar?

Title: Senior Data Analyst

Description:
Company: Central New Mexico Community College
Schedule: Full-time
Required Skills: Not specified

Salary is $",80979.00
"What is the annual salary for this role to the nearest dollar?

Title: Data Scientist

Description:
Company: City and County of Denver
Schedule: Full-time
Required Skills: ['r', 'python', 'power bi']

Salary is $",144880.00
"What is the annual salary for this role to the nearest dollar?

Title: Data Engineer

Description:
Company: Capgemini
Schedule: Full-time
Required Skills: ['sql', 'azure', 'aws']

Salary is $",90000.00
"What is the annual salary for this role to the nearest dollar?

Title: Data Analyst

Description:
Company: Infinitus Systems
Schedule: Full-time
Required Skills: ['sql', 'python', 'r', 'bigquery', 'matplotlib', 'sheets', 'tableau', 'looker']

Salary is $",90000.00
"What is the annual salary for this role to the nearest dollar?

Title: Machine Learning Engineer

Description:
Company: EUROPEAN DYNAMICS
Schedule: Full-time
Required Skills: ['elasticsearch', 'neo4j', 'jira', 'confluence']

Salary is $",72900.00
"What is the annual salary for this role to the nearest dollar?

Title: Data Engineer

Description:
Company: Apple Bank for Savings
Schedule: Full-time
Required Skills: ['sql', 'c#', 'sql server', 'ssis', 'ssrs', 'tableau', 'power bi']

Salary is $",152500.00
"What is the annual salary for this role to the nearest dollar?

Title: Data Engineer

Description:
Company: Blackberry
Schedule: Full-time
Required Skills: ['aws', 'hadoop', 'kafka', 'yarn', 'flow']

Salary is $",125000.00
"What is the annual salary for this role to the nearest dollar?

Title: Data Engineer

Description:
Company: Montrose Management Group
Schedule: Full-time
Required Skills: Not specified

Salary is $",69300.00
"What is the annual salary for this role to the nearest dollar?

Title: Data Scientist

Description:
Company: FDA
Schedule: Full-time
Required Skills: ['r', 'python', 'sql', 'sas', 'sas', 'julia', 'tableau']

Salary is $",132368.00
"What is the annual salary for this role to the nearest dollar?

Title: Data Engineer

Description:
Company: Robert Half
Schedule: Full-time
Required Skills: ['sql', 'sql server', 'azure', 'power bi', 'git']

Salary is $",115000.00
"What is the annual salary for this role to the nearest dollar?

Title: Data Engineer

Description:
Company: ICF
Schedule: Full-time
Required Skills: ['sql', 't-sql', 'python', 'scala', 'java', 'snowflake', 'aws', 'gcp', 'azure', 'spark', 'tableau', 'power bi']

Salary is $",62859.00
"What is the annual salary for this role to the nearest dollar?

Title: Data Scientist

Description:
Company: Syngenta Group
Schedule: Full-time
Required Skills: ['nosql', 'qlik', 'tableau']

Salary is $",89100.00
"What is the annual salary for this role to the nearest dollar?

Title: Senior Data Scientist

Description:
Company: Apple
Schedule: Full-time
Required Skills: Not specified

Salary is $",173000.00
"What is the annual salary for this role to the nearest dollar?

Title: Data Engineer

Description:
Company: LHH
Schedule: Full-time
Required Skills: ['cassandra', 'aws', 'redshift', 'snowflake', 'spark', 'kafka', 'tableau']

Salary is $",142500.00
"What is the annual salary for this role to the nearest dollar?

Title: Senior Data Engineer

Description:
Company: AirDNA
Schedule: Full-time
Required Skills: ['scala', 'python', 'databricks', 'aws', 'gcp', 'snowflake', 'redshift', 'spark', 'kafka', 'kubernetes']

Salary is $",170000.00
"What is the annual salary for this role to the nearest dollar?

Title: Data Scientist

Description:
Company: PayPal
Schedule: Full-time
Required Skills: ['excel']

Salary is $",167508.00
"What is the annual salary for this role to the nearest dollar?

Title: Senior Data Analyst

Description:
Company: Allakos
Schedule: Full-time
Required Skills: ['sql', 'sas', 'sas', 'r', 'excel', 'powerpoint', 'tableau']

Salary is $",96000.00
"What is the annual salary for this role to the nearest dollar?

Title: Data Scientist

Description:
Company: Oxford Economics
Schedule: Full-time
Required Skills: ['r', 'tableau', 'powerpoint']

Salary is $",97500.00
"What is the annual salary for this role to the nearest dollar?

Title: Senior Data Engineer

Description:
Company: WorldLink US
Schedule: Full-time
Required Skills: ['java', 'scala', 'python', 'sql', 'shell', 'spark', 'hadoop', 'kafka', 'airflow', 'pyspark', 'cognos', 'tableau']

Salary is $",135000.00
"What is the annual salary for this role to the nearest dollar?

Title: Data Scientist

Description:
Company: Media.Monks
Schedule: Full-time
Required Skills: ['r', 'python', 'css', 'javascript', 'sql', 'azure', 'bigquery', 'scikit-learn', 'matplotlib', 'tidyverse', 'dplyr', 'express', 'tableau', 'looker']

Salary is $",64822.00
"What is the annual salary for this role to the nearest dollar?

Title: Data Scientist

Description:
Company: Cognizant Technology Solutions
Schedule: Full-time
Required Skills: Not specified

Salary is $",93050.00
"What is the annual salary for this role to the nearest dollar?

Title: Senior Data Scientist

Description:
Company: Citi
Schedule: Full-time
Required Skills: Not specified

Salary is $",105515.00
"What is the annual salary for this role to the nearest dollar?

Title: Data Analyst

Description:
Company: Hays
Schedule: Full-time
Required Skills: ['spss', 'excel', 'power bi', 'tableau']

Salary is $",100000.00
"What is the annual salary for this role to the nearest dollar?

Title: Data Engineer

Description:
Company: HireRising
Schedule: Full-time
Required Skills: ['nosql', 'sql', 'java', 'python', 'sql server', 'aws', 'snowflake', 'redshift', 'jira']

Salary is $",140000.00
"What is the annual salary for this role to the nearest dollar?

Title: Senior Data Scientist

Description:
Company: Parkopedia
Schedule: Full-time
Required Skills: ['python', 'aws', 'pandas', 'numpy', 'scikit-learn', 'pyspark', 'excel']

Salary is $",90670.00
"What is the annual salary for this role to the nearest dollar?

Title: Machine Learning Engineer

Description:
Company: Allegro
Schedule: Full-time
Required Skills: ['scala', 'python', 'spark', 'angular', 'windows', 'github']

Salary is $",89100.00
"What is the annual salary for this role to the nearest dollar?

Title: Data Analyst

Description:
Company: Visa
Schedule: Full-time
Required Skills: ['python', 'r', 'excel', 'sharepoint', 'tableau', 'microsoft teams']

Salary is $",90000.00
"What is the annual salary for this role to the nearest dollar?

Title: Data Engineer

Description:
Company: Socium - Teams Done Differently
Schedule: Full-time
Required Skills: ['python', 'sql', 'databricks', 'azure', 'pyspark']

Salary is $",107500.00
"What is the annual salary for this role to the nearest dollar?

Title: Data Engineer

Description:
Company: MassMutual
Schedule: Full-time
Required Skills: ['python', 'sql', 'nosql', 'mongo', 'aws', 'tableau', 'looker', 'git']

Salary is $",100000.00
"What is the annual salary for this role to the nearest dollar?

Title: Data Scientist

Description:
Company: Fanatics Inc.
Schedule: Full-time
Required Skills: Not specified

Salary is $",192189.00
"What is the annual salary for this role to the nearest dollar?

Title: Data Engineer

Description:
Company: Engage Partners, Inc.
Schedule: Full-time
Required Skills: Not specified

Salary is $",150000.00
"What is the annual salary for this role to the nearest dollar?

Title: Data Engineer (Remote)

Description:
Company: greenville triumph
Schedule: Full-time
Required Skills: ['sql', 'aws', 'redshift', 'databricks', 'spark', 'kafka', 'airflow', 'github']

Salary is $",137320.00
"What is the annual salary for this role to the nearest dollar?

Title: Data Scientist

Description:
Company: SAIC
Schedule: Full-time
Required Skills: ['python', 'r', 'sql', 'nosql', 'azure', 'hadoop', 'spark', 'docker', 'kubernetes', 'terraform', 'github']

Salary is $",125000.00
"What is the annual salary for this role to the nearest dollar?

Title: Senior Data Engineer (Remote)

Description:
Company: Motion Recruitment
Schedule: Full-time
Required Skills: ['python', 'aws', 'docker', 'kubernetes']

Salary is $",157500.00
"What is the annual salary for this role to the nearest dollar?

Title: Cloud Engineer

Description:
Company: Datadog
Schedule: Full-time
Required Skills: ['python', 'go', 'javascript']

Salary is $",105968.00
"What is the annual salary for this role to the nearest dollar?

Title: Data Engineer

Description:
Company: hackajob
Schedule: Full-time
Required Skills: ['scala', 'gcp', 'azure', 'spark', 'kafka', 'hadoop', 'terraform', 'git', 'jenkins', 'gitlab']

Salary is $",168500.00
"What is the annual salary for this role to the nearest dollar?

Title: Data Engineer (Remote)

Description:
Company: TEKtalent Inc
Schedule: Full-time
Required Skills: Not specified

Salary is $",90000.00
"What is the annual salary for this role to the nearest dollar?

Title: Senior Data Analyst

Description:
Company: LTI - Larsen & Toubro Infotech
Schedule: Full-time
Required Skills: ['sql', 'sql server', 'oracle', 'excel', 'cognos', 'tableau']

Salary is $",90000.00
"What is the annual salary for this role to the nearest dollar?

Title: Data Engineer

Description:
Company: CI&T
Schedule: Full-time
Required Skills: ['python', 'sql', 'aws', 'redshift', 'gdpr']

Salary is $",147500.00
"What is the annual salary for this role to the nearest dollar?

Title: Data Scientist

Description:
Company: DoorDash
Schedule: Full-time
Required Skills: ['python', 'sql', 'go', 'excel']

Salary is $",245000.00
"What is the annual salary for this role to the nearest dollar?

Title: Senior Data Analyst

Description:
Company: SIXT
Schedule: Full-time
Required Skills: ['sql', 'looker']

Salary is $",111175.00
"What is the annual salary for this role to the nearest dollar?

Title: Data Analyst (Remote)

Description:
Company: Get It Recruit - Technology
Schedule: Full-time
Required Skills: ['sql', 'excel']

Salary is $",99000.00
"What is the annual salary for this role to the nearest dollar?

Title: Data Scientist

Description:
Company: Teva Pharmaceuticals
Schedule: Full-time
Required Skills: ['python', 'sql', 'aws', 'azure', 'oracle', 'numpy', 'pandas', 'scikit-learn', 'tensorflow', 'sap']

Salary is $",170500.00
"What is the annual salary for this role to the nearest dollar?

Title: Data Analyst

Description:
Company: Achieve
Schedule: Full-time
Required Skills: ['sql', 'excel', 'sheets']

Salary is $",130000.00
"What is the annual salary for this role to the nearest dollar?

Title: Senior Data Analyst

Description:
Company: Cognizant
Schedule: Full-time
Required Skills: ['tableau']

Salary is $",90000.00
"What is the annual salary for this role to the nearest dollar?

Title: Data Scientist (Remote)

Description:
Company: BOLD
Schedule: Full-time
Required Skills: ['sql', 'tableau', 'looker']

Salary is $",116000.00
"What is the annual salary for this role to the nearest dollar?

Title: Business Analyst

Description:
Company: Prestige Staffing
Schedule: Full-time
Required Skills: ['sql', 'sql server', 'word', 'excel', 'powerpoint', 'tableau']

Salary is $",80000.00
"What is the annual salary for this role to the nearest dollar?

Title: Senior Data Engineer (Remote)

Description:
Company: Alldus
Schedule: Full-time
Required Skills: ['python', 'aws', 'databricks']

Salary is $",170000.00
"What is the annual salary for this role to the nearest dollar?

Title: Senior Data Engineer

Description:
Company: Coupang
Schedule: Full-time
Required Skills: ['python', 'sql', 'aws', 'spark', 'airflow']

Salary is $",147500.00
"What is the annual salary for this role to the nearest dollar?

Title: Data Scientist

Description:
Company: Meta
Schedule: Full-time
Required Skills: ['sql', 'python', 'r']

Salary is $",164000.00
"What is the annual salary for this role to the nearest dollar?

Title: Senior Data Scientist

Description:
Company: Grammarly
Schedule: Full-time
Required Skills: ['sql', 'python', 'r', 'scala']

Salary is $",231000.00
"What is the annual salary for this role to the nearest dollar?

Title: Data Scientist

Description:
Company: Pure Storage
Schedule: Full-time
Required Skills: ['go', 'sql', 'javascript', 'python', 'windows', 'tableau']

Salary is $",79200.00
"What is the annual salary for this role to the nearest dollar?

Title: Machine Learning Engineer

Description:
Company: Roosh
Schedule: Full-time
Required Skills: ['c#', 'python', 'aws', 'unity', 'unreal']

Salary is $",80850.00
"What is the annual salary for this role to the nearest dollar?

Title: Data Engineer

Description:
Company: WiredHive
Schedule: Full-time
Required Skills: ['sql', 'nosql', 'python', 'scala', 'c#', 'aws', 'azure', 'redshift', 'databricks', 'spark', 'kafka', 'power bi', 'tableau', 'git']

Salary is $",130000.00
"What is the annual salary for this role to the nearest dollar?

Title: Data Analyst

Description:
Company: SGS
Schedule: Full-time
Required Skills: Not specified

Salary is $",102500.00
"What is the annual salary for this role to the nearest dollar?

Title: Data Engineer (Remote)

Description:
Company: Compri Consulting
Schedule: Full-time
Required Skills: ['sql', 'mongodb', 'mongodb', 'shell', 'bash', 'mysql', 'azure', 'snowflake', 'spark', 'flow', 'jira']

Salary is $",130000.00
"What is the annual salary for this role to the nearest dollar?

Title: Business Analyst

Description:
Company: THE ICONIC
Schedule: Full-time
Required Skills: ['sql', 'python', 'r', 'bigquery', 'snowflake', 'redshift', 'looker', 'tableau', 'power bi']

Salary is $",63000.00
"What is the annual salary for this role to the nearest dollar?

Title: Machine Learning Engineer

Description:
Company: DRW
Schedule: Full-time
Required Skills: ['c++', 'python']

Salary is $",166000.00
"What is the annual salary for this role to the nearest dollar?

Title: Data Scientist

Description:
Company: Hunter Bond
Schedule: Full-time
Required Skills: ['python']

Salary is $",120000.00
"What is the annual salary for this role to the nearest dollar?

Title: Data Scientist

Description:
Company: SAIC
Schedule: Full-time
Required Skills: ['python', 'r', 'sql']

Salary is $",140452.00
"What is the annual salary for this role to the nearest dollar?

Title: Machine Learning Engineer

Description:
Company: Shield
Schedule: Full-time
Required Skills: ['nosql', 'c++', 'c', 'python', 'mysql']

Salary is $",104668.00
"What is the annual salary for this role to the nearest dollar?

Title: Senior Data Scientist (Remote)

Description:
Company: Chartboost
Schedule: Full-time
Required Skills: ['sql', 'python', 'spark']

Salary is $",134000.00
"What is the annual salary for this role to the nearest dollar?

Title: Data Engineer (Remote)

Description:
Company: Gateway Professional Network
Schedule: Full-time
Required Skills: ['sql', 'r', 'c#', 't-sql', 'sql server', 'azure', 'databricks', 'kafka', 'power bi']

Salary is $",120000.00
"What is the annual salary for this role to the nearest dollar?

Title: Data Scientist

Description:
Company: WWC Global
Schedule: Full-time
Required Skills: ['sql', 'python', 'r', 'java', 'c++', 'databricks', 'ibm cloud', 'snowflake', 'spark', 'hadoop', 'numpy', 'pandas', 'tableau', 'power bi', 'terminal', 'git']

Salary is $",69962.00
"What is the annual salary for this role to the nearest dollar?

Title: Data Scientist

Description:
Company: Tookitaki
Schedule: Full-time
Required Skills: ['python', 'r', 'sql', 'nosql', 'hadoop', 'spark']

Salary is $",79200.00
"What is the annual salary for this role to the nearest dollar?

Title: Data Scientist

Description:
Company: Burtch Works
Schedule: Full-time
Required Skills: ['python', 'pytorch', 'tensorflow']

Salary is $",220000.00
"What is the annual salary for this role to the nearest dollar?

Title: Data Analyst

Description:
Company: New York Psychotherapy and Counseling Center
Schedule: Full-time
Required Skills: ['sql', 'r', 'python', 'sharepoint', 'outlook', 'word', 'excel']

Salary is $",75000.00
"What is the annual salary for this role to the nearest dollar?

Title: Data Engineer

Description:
Company: Sia Partners
Schedule: Full-time
Required Skills: ['python', 'postgresql', 'gcp', 'aws', 'hadoop', 'spark', 'tensorflow']

Salary is $",97444.00
"What is the annual salary for this role to the nearest dollar?

Title: Data Analyst

Description:
Company: Universal Service Administrative Company
Schedule: Full-time
Required Skills: ['sql', 'r', 'python', 'tableau', 'excel']

Salary is $",65501.00
"What is the annual salary for this role to the nearest dollar?

Title: Data Scientist

Description:
Company: Zoox
Schedule: Full-time
Required Skills: ['c++', 'scala', 'r', 'sql', 'git']

Salary is $",255000.00
"What is the annual salary for this role to the nearest dollar?

Title: Senior Data Engineer (Remote)

Description:
Company: Grindr
Schedule: Full-time
Required Skills: ['python', 'sql', 'snowflake', 'kafka', 'spark', 'airflow', 'pyspark', 'kubernetes', 'docker']

Salary is $",177500.00
"What is the annual salary for this role to the nearest dollar?

Title: Data Engineer

Description:
Company: OZ
Schedule: Full-time
Required Skills: ['sql', 'python', 'powershell', 'azure', 'databricks', 'spark', 'hadoop']

Salary is $",80850.00
"What is the annual salary for this role to the nearest dollar?

Title: Data Engineer

Description:
Company: Capital One
Schedule: Full-time
Required Skills: ['python', 'java', 'scala', 'nosql', 'sql', 'mongo', 'shell', 'cassandra', 'aws', 'redshift', 'snowflake', 'pyspark', 'jenkins', 'git']

Salary is $",173500.00
"What is the annual salary for this role to the nearest dollar?

Title: Data Analyst

Description:
Company: Anduril Industries
Schedule: Full-time
Required Skills: ['sql', 'python', 'tableau']

Salary is $",111175.00
"What is the annual salary for this role to the nearest dollar?

Title: Data Analyst

Description:
Company: AlphaSense
Schedule: Full-time
Required Skills: ['python', 'pytorch', 'tensorflow']

Salary is $",79200.00
"What is the annual salary for this role to the nearest dollar?

Title: Data Analyst

Description:
Company: CEI
Schedule: Full-time
Required Skills: ['python', 'sql', 'scala', 'databricks', 'pandas', 'linux', 'powerpoint', 'excel']

Salary is $",50000.00
"What is the annual salary for this role to the nearest dollar?

Title: Business Analyst (Remote)

Description:
Company: Get It Recruit - Transportation
Schedule: Full-time
Required Skills: Not specified

Salary is $",72000.00
"What is the annual salary for this role to the nearest dollar?

Title: Data Engineer

Description:
Company: Worldgate LLC
Schedule: Full-time
Required Skills: ['nosql', 'sql', 'no-sql', 'git']

Salary is $",140000.00
"What is the annual salary for this role to the nearest dollar?

Title: Data Analyst

Description:
Company: Citi
Schedule: Full-time
Required Skills: Not specified

Salary is $",137610.00
"What is the annual salary for this role to the nearest dollar?

Title: Data Scientist (Remote)

Description:
Company: CyberCoders
Schedule: Full-time
Required Skills: ['python', 'java', 'scala', 'sql', 'aws', 'hadoop', 'spark', 'kafka']

Salary is $",202500.00
"What is the annual salary for this role to the nearest dollar?

Title: Senior Data Scientist

Description:
Company: Harnham
Schedule: Full-time
Required Skills: ['python', 'sql']

Salary is $",170000.00
"What is the annual salary for this role to the nearest dollar?

Title: Data Scientist

Description:
Company: Dun & Bradstreet
Schedule: Full-time
Required Skills: ['r', 'python', 'julia', 'redshift', 'databricks', 'tableau', 'power bi']

Salary is $",157500.00
"What is the annual salary for this role to the nearest dollar?

Title: Data Scientist

Description:
Company: Helix Tech IT solution
Schedule: Full-time
Required Skills: ['python', 'r', 'sql', 'hadoop', 'spark', 'tableau', 'power bi']

Salary is $",147840.00
"What is the annual salary for this role to the nearest dollar?

Title: Data Scientist

Description:
Company: U.S. Department of Labor
Schedule: Full-time
Required Skills: Not specified

Salary is $",92660.00
"What is the annual salary for this role to the nearest dollar?

Title: Data Analyst

Description:
Company: Amadeus
Schedule: Full-time
Required Skills: ['qlik', 'power bi']

Salary is $",89204.00
"What is the annual salary for this role to the nearest dollar?

Title: Data Scientist (Remote)

Description:
Company: Dataiku
Schedule: Full-time
Required Skills: ['python', 'r', 'sql', 'javascript', 'pyspark', 'spark', 'rshiny']

Salary is $",150000.00
"What is the annual salary for this role to the nearest dollar?

Title: Data Scientist (Remote)

Description:
Company: Get It Recruit - Transportation
Schedule: Full-time
Required Skills: ['sql', 'gcp']

Salary is $",123000.00
"What is the annual salary for this role to the nearest dollar?

Title: Data Scientist

Description:
Company: Insight Global
Schedule: Full-time
Required Skills: ['r', 'python', 'sql']

Salary is $",125000.00
"What is the annual salary for this role to the nearest dollar?

Title: Data Scientist

Description:
Company: TikTok
Schedule: Full-time
Required Skills: ['python', 'r', 'sql']

Salary is $",192000.00
"What is the annual salary for this role to the nearest dollar?

Title: Data Engineer

Description:
Company: Motion Recruitment
Schedule: Full-time
Required Skills: ['java', 'aws']

Salary is $",145000.00
"What is the annual salary for this role to the nearest dollar?

Title: Data Analyst

Description:
Company: Lucid Motors
Schedule: Full-time
Required Skills: ['sap', 'excel', 'word', 'outlook']

Salary is $",111175.00
"What is the annual salary for this role to the nearest dollar?

Title: Data Scientist

Description:
Company: Airtable
Schedule: Full-time
Required Skills: ['sql', 'r', 'python', 'airtable']

Salary is $",233500.00
"What is the annual salary for this role to the nearest dollar?

Title: Data Analyst

Description:
Company: Capgemini
Schedule: Full-time
Required Skills: ['python', 'smartsheet']

Salary is $",155000.00
"What is the annual salary for this role to the nearest dollar?

Title: Data Analyst (Remote)

Description:
Company: ALTA IT Services
Schedule: Full-time
Required Skills: ['r', 'python', 'sas', 'sas', 'sql', 'power bi', 'tableau', 'excel']

Salary is $",145000.00
"What is the annual salary for this role to the nearest dollar?

Title: Data Analyst

Description:
Company: Walmart
Schedule: Full-time and Part-time
Required Skills: ['sql', 'python', 'scala', 'r', 'spark', 'power bi', 'tableau']

Salary is $",117500.00
"What is the annual salary for this role to the nearest dollar?

Title: Data Engineer

Description:
Company: Pearson
Schedule: Full-time
Required Skills: ['sql', 'nosql', 'python', 'java', 'c++', 'scala', 'azure', 'databricks', 'flow']

Salary is $",125000.00
"What is the annual salary for this role to the nearest dollar?

Title: Data Scientist

Description:
Company: Target
Schedule: Full-time
Required Skills: ['sql', 'r', 'python', 'c', 'javascript', 'scala', 'html', 'matlab', 'java', 'shell', 'sas', 'sas', 'spark', 'hadoop']

Salary is $",176274.00
"What is the annual salary for this role to the nearest dollar?

Title: Senior Data Analyst

Description:
Company: Canva
Schedule: Full-time
Required Skills: ['sql', 'snowflake', 'redshift', 'bigquery']

Salary is $",71280.00
"What is the annual salary for this role to the nearest dollar?

Title: Data Engineer

Description:
Company: Infosys
Schedule: Full-time
Required Skills: ['scala', 'sql', 'python', 'aws', 'snowflake', 'spark', 'kafka']

Salary is $",125000.00
"What is the annual salary for this role to the nearest dollar?

Title: Data Analyst

Description:
Company: DSJ Global
Schedule: Full-time
Required Skills: ['excel', 'word', 'powerpoint']

Salary is $",95000.00
"What is the annual salary for this role to the nearest dollar?

Title: Data Scientist

Description:
Company: Riverside Staffing, LLC
Schedule: Full-time
Required Skills: ['python', 'numpy', 'pandas', 'scikit-learn', 'pyspark', 'matplotlib', 'seaborn']

Salary is $",200000.00
"What is the annual salary for this role to the nearest dollar?

Title: Data Scientist

Description:
Company: PayPal
Schedule: Full-time
Required Skills: ['python']

Salary is $",124350.00
"What is the annual salary for this role to the nearest dollar?

Title: Data Scientist

Description:
Company: Motorola Solutions
Schedule: Full-time
Required Skills: ['python', 'sql', 'azure', 'databricks', 'tableau', 'power bi', 'kubernetes', 'jira']

Salary is $",90000.00
"What is the annual salary for this role to the nearest dollar?

Title: Business Analyst

Description:
Company: Franklin Fitch
Schedule: Full-time
Required Skills: ['sql', 'tableau', 'power bi', 'excel', 'ssrs', 'powerpoint']

Salary is $",87500.00
"What is the annual salary for this role to the nearest dollar?

Title: Data Analyst

Description:
Company: Northwell Health
Schedule: Full-time
Required Skills: Not specified

Salary is $",68900.00
"What is the annual salary for this role to the nearest dollar?

Title: Data Engineer

Description:
Company: Block
Schedule: Full-time
Required Skills: ['sql', 'python', 'java', 'c', 'go', 'snowflake', 'bigquery', 'aws', 'gcp', 'azure', 'databricks', 'airflow', 'hadoop', 'spark', 'flow', 'docker', 'git']

Salary is $",157500.00
"What is the annual salary for this role to the nearest dollar?

Title: Data Analyst

Description:
Company: Pilmico Foods Corporation
Schedule: Full-time
Required Skills: Not specified

Salary is $",50400.00
"What is the annual salary for this role to the nearest dollar?

Title: Data Scientist

Description:
Company: PeopleTec
Schedule: Full-time
Required Skills: ['sql', 'javascript', 'sas', 'sas', 'sql server', 'excel', 'spss']

Salary is $",175000.00
"What is the annual salary for this role to the nearest dollar?

Title: Data Analyst

Description:
Company: Smith Arnold Partners
Schedule: Full-time
Required Skills: ['sql', 'sql server', 'excel']

Salary is $",85000.00
"What is the annual salary for this role to the nearest dollar?

Title: Data Engineer

Description:
Company: Lemon.io
Schedule: Full-time
Required Skills: ['python', 'nosql', 'ruby', 'ruby', 'react', 'ruby on rails', 'react.js']

Salary is $",87500.00
"What is the annual salary for this role to the nearest dollar?

Title: Data Scientist

Description:
Company: Icahn School of Medicine at Mount Sinai
Schedule: Full-time
Required Skills: ['outlook']

Salary is $",150000.00
"What is the annual salary for this role to the nearest dollar?

Title: Business Analyst

Description:
Company: NielsenIQ
Schedule: Full-time
Required Skills: ['excel', 'powerpoint']

Salary is $",56700.00
"What is the annual salary for this role to the nearest dollar?

Title: Data Scientist

Description:
Company: Comcast
Schedule: Full-time
Required Skills: ['elixir', 'python', 'r', 'mongodb', 'mongodb', 'mysql', 'postgresql', 'oracle', 'aws', 'azure', 'spark', 'centos']

Salary is $",189971.00
"What is the annual salary for this role to the nearest dollar?

Title: Senior Data Engineer

Description:
Company: Thomson Reuters
Schedule: Full-time
Required Skills: ['sql', 'sql server', 'postgresql', 'snowflake', 'aws', 'oracle', 'redshift', 'bigquery', 'tableau', 'power bi', 'qlik']

Salary is $",90000.00
"What is the annual salary for this role to the nearest dollar?

Title: Data Analyst

Description:
Company: Discover Financial Services
Schedule: Full-time
Required Skills: ['sql', 'python', 'sql server', 'oracle', 'aws', 'unix', 'tableau', 'visio', 'flow']

Salary is $",124000.00
"What is the annual salary for this role to the nearest dollar?

Title: Data Scientist

Description:
Company: National General Insurance
Schedule: Full-time
Required Skills: ['sas', 'sas', 'sql', 'r', 'python']

Salary is $",81400.00
"What is the annual salary for this role to the nearest dollar?

Title: Senior Data Scientist

Description:
Company: Exadel
Schedule: Full-time
Required Skills: ['python', 'r', 'aws', 'jupyter', 'hugging face', 'docker']

Salary is $",157500.00
"What is the annual salary for this role to the nearest dollar?

Title: Data Analyst

Description:
Company: HolonIQ
Schedule: Full-time
Required Skills: Not specified

Salary is $",98500.00
"What is the annual salary for this role to the nearest dollar?

Title: Machine Learning Engineer

Description:
Company: Greenhouse
Schedule: Full-time
Required Skills: ['python', 'aws', 'pytorch', 'docker']

Salary is $",166000.00
"What is the annual salary for this role to the nearest dollar?

Title: Business Analyst

Description:
Company: Publicis Groupe
Schedule: Full-time
Required Skills: ['sql', 'spark', 'excel', 'cognos']

Salary is $",63000.00
"What is the annual salary for this role to the nearest dollar?

Title: Data Scientist (Remote)

Description:
Company: Harnham
Schedule: Full-time
Required Skills: ['python', 'sql', 'aws', 'azure', 'gcp', 'pytorch', 'tensorflow', 'spark', 'theano', 'scikit-learn', 'keras', 'jupyter', 'gitlab', 'github']

Salary is $",190000.00
"What is the annual salary for this role to the nearest dollar?

Title: Data Analyst (Remote)

Description:
Company: Get It Recruit - Transportation
Schedule: Full-time
Required Skills: ['excel', 'word', 'outlook', 'powerpoint']

Salary is $",88000.00
"What is the annual salary for this role to the nearest dollar?

Title: Senior Data Scientist

Description:
Company: Rokt
Schedule: Full-time
Required Skills: ['sql', 'aws', 'spark']

Salary is $",202500.00
"What is the annual salary for this role to the nearest dollar?

Title: Data Engineer

Description:
Company: Robert Half
Schedule: Full-time
Required Skills: ['python', 'sql', 'nosql', 'azure', 'oracle', 'databricks']

Salary is $",145000.00
"What is the annual salary for this role to the nearest dollar?

Title: Senior Data Scientist

Description:
Company: Microsoft
Schedule: Full-time
Required Skills: Not specified

Salary is $",91800.00
"What is the annual salary for this role to the nearest dollar?

Title: Senior Data Engineer

Description:
Company: Sertis
Schedule: Full-time
Required Skills: ['python', 'java', 'scala', 'sql', 'aws', 'gcp', 'azure', 'redshift', 'bigquery', 'hadoop', 'spark', 'airflow', 'sap', 'terraform', 'github', 'gitlab', 'docker']

Salary is $",147500.00
"What is the annual salary for this role to the nearest dollar?

Title: Data Engineer

Description:
Company: BEUMER Group
Schedule: Full-time
Required Skills: ['go', 'windows', 'linux']

Salary is $",97444.00
"What is the annual salary for this role to the nearest dollar?

Title: Software Engineer

Description:
Company: Fivetran
Schedule: Full-time
Required Skills: ['java', 'aws', 'gcp', 'azure', 'kubernetes']

Salary is $",33455.00
"What is the annual salary for this role to the nearest dollar?

Title: Senior Data Engineer

Description:
Company: Riverside Staffing, LLC
Schedule: Full-time
Required Skills: ['python', 'numpy', 'pandas', 'scikit-learn', 'pyspark', 'matplotlib', 'seaborn']

Salary is $",200000.00
"What is the annual salary for this role to the nearest dollar?

Title: Data Analyst

Description:
Company: Orchestra Technology
Schedule: Contractor
Required Skills: ['sql', 'tableau', 'excel']

Salary is $",90000.00
"What is the annual salary for this role to the nearest dollar?

Title: Data Engineer (Remote)

Description:
Company: e-Business International Inc
Schedule: Full-time
Required Skills: ['sql', 'powershell', 'python', 'bash', 'ruby', 'ruby', 'perl', 'sas', 'sas', 'aws', 'redshift', 'alteryx', 'terraform']

Salary is $",130000.00
"What is the annual salary for this role to the nearest dollar?

Title: Data Analyst

Description:
Company: Scholastic
Schedule: Full-time
Required Skills: ['sql', 'python', 'power bi', 'excel', 'powerpoint']

Salary is $",100000.00
"What is the annual salary for this role to the nearest dollar?

Title: Senior Data Scientist

Description:
Company: Ankura
Schedule: Full-time
Required Skills: ['r', 'python', 'sql']

Salary is $",175000.00
"What is the annual salary for this role to the nearest dollar?

Title: Data Engineer

Description:
Company: Robert Half
Schedule: Full-time
Required Skills: ['python', 'sql', 'go', 'aws', 'databricks', 'spark', 'pyspark', 'airflow', 'alteryx', 'tableau']

Salary is $",105000.00
"What is the annual salary for this role to the nearest dollar?

Title: Data Engineer

Description:
Company: Leidos
Schedule: Full-time
Required Skills: ['r', 'java', 'python', 'scala', 'sas', 'sas', 'elasticsearch', 'neo4j', 'aws', 'jupyter', 'kafka', 'spark', 'tensorflow', 'keras', 'spss', 'splunk']

Salary is $",115000.00
"What is the annual salary for this role to the nearest dollar?

Title: Data Scientist

Description:
Company: CACI International Inc.
Schedule: Full-time
Required Skills: ['sql', 'java', 'python', 'azure']

Salary is $",150000.00
"What is the annual salary for this role to the nearest dollar?

Title: Data Scientist

Description:
Company: Jobot
Schedule: Full-time
Required Skills: ['python', 'scala', 'java', 'aws', 'azure']

Salary is $",107500.00
"What is the annual salary for this role to the nearest dollar?

Title: Data Analyst

Description:
Company: IMS People
Schedule: Full-time
Required Skills: ['python', 'sas', 'sas', 'excel', 'tableau', 'power bi', 'spreadsheet', 'word']

Salary is $",95000.00
"What is the annual salary for this role to the nearest dollar?

Title: Data Scientist

Description:
Company: U.S. Army Intelligence and Security Command
Schedule: Full-time
Required Skills: Not specified

Salary is $",112015.00
"What is the annual salary for this role to the nearest dollar?

Title: Data Scientist

Description:
Company: Motion Recruitment
Schedule: Full-time
Required Skills: ['python', 'aws']

Salary is $",170000.00
"What is the annual salary for this role to the nearest dollar?

Title: Data Analyst

Description:
Company: Ryder System, Inc
Schedule: Full-time
Required Skills: ['python', 'azure', 'express', 'power bi', 'tableau', 'alteryx']

Salary is $",115000.00
"What is the annual salary for this role to the nearest dollar?

Title: Data Scientist (Remote)

Description:
Company: AAA-Auto Club Enterprises
Schedule: Full-time
Required Skills: ['sql', 'python', 'r', 'tableau', 'excel']

Salary is $",129500.00
"What is the annual salary for this role to the nearest dollar?

Title: Data Scientist

Description:
Company: Everi Holdings Inc
Schedule: Full-time
Required Skills: ['python', 'sql', 'go', 'databricks', 'azure', 'aws']

Salary is $",125000.00
"What is the annual salary for this role to the nearest dollar?

Title: Data Engineer

Description:
Company: URSI Technologies Inc.
Schedule: Full-time
Required Skills: ['python', 'sql', 'databricks', 'azure', 'spark']

Salary is $",100000.00
"What is the annual salary for this role to the nearest dollar?

Title: Data Analyst

Description:
Company: H+K International
Schedule: Full-time
Required Skills: ['sql', 'excel', 'tableau', 'power bi']

Salary is $",50000.00
"What is the annual salary for this role to the nearest dollar?

Title: Data Engineer

Description:
Company: Liberty Mutual Insurance
Schedule: Full-time
Required Skills: ['python', 'sql', 'aws', 'azure', 'gcp', 'snowflake', 'power bi']

Salary is $",162500.00
"What is the annual salary for this role to the nearest dollar?

Title: Data Engineer

Description:
Company: Reliance Standard Life Insurance Company
Schedule: Full-time
Required Skills: ['scala', 'sql', 'python', 'shell', 'sql server', 'oracle', 'spark', 'kafka', 'linux', 'flow']

Salary is $",90000.00
"What is the annual salary for this role to the nearest dollar?

Title: Data Scientist

Description:
Company: GoodRx
Schedule: Full-time
Required Skills: ['python', 'aws', 'pandas', 'numpy', 'spark', 'excel']

Salary is $",150000.00
"What is the annual salary for this role to the nearest dollar?

Title: Senior Data Scientist

Description:
Company: Lyft
Schedule: Full-time
Required Skills: ['python']

Salary is $",171000.00
"What is the annual salary for this role to the nearest dollar?

Title: Data Analyst

Description:
Company: Visionaire Partners
Schedule: Full-time
Required Skills: ['sql', 'sql server', 'oracle', 'ssrs', 'tableau', 'power bi']

Salary is $",85000.00
"What is the annual salary for this role to the nearest dollar?

Title: Data Scientist (Remote)

Description:
Company: Discord
Schedule: Full-time
Required Skills: ['sql', 'python', 'git']

Salary is $",105300.00
"What is the annual salary for this role to the nearest dollar?

Title: Senior Data Scientist (Remote)

Description:
Company: Filevine
Schedule: Full-time
Required Skills: ['python', 'java', 'aws', 'azure', 'gcp', 'spark', 'nltk', 'scikit-learn', 'tensorflow', 'pytorch', 'pandas', 'numpy', 'matplotlib']

Salary is $",190000.00
"What is the annual salary for this role to the nearest dollar?

Title: Data Analyst

Description:
Company: PCS Globaltech
Schedule: Full-time
Required Skills: ['sql', 'sql server', 'ssis', 'ssrs', 'power bi', 'tableau']

Salary is $",65000.00
"What is the annual salary for this role to the nearest dollar?

Title: Data Analyst (Remote)

Description:
Company: Rhino
Schedule: Full-time
Required Skills: ['sql', 'bigquery', 'excel']

Salary is $",107500.00
"What is the annual salary for this role to the nearest dollar?

Title: Data Analyst

Description:
Company: Stax - a global strategy consulting firm
Schedule: Full-time
Required Skills: ['python', 'r', 'excel', 'powerpoint', 'power bi', 'tableau', 'alteryx']

Salary is $",115000.00
"What is the annual salary for this role to the nearest dollar?

Title: Data Analyst

Description:
Company: Cherokee Federal
Schedule: Full-time
Required Skills: ['excel', 'word', 'powerpoint', 'sharepoint']

Salary is $",70000.00
"What is the annual salary for this role to the nearest dollar?

Title: Data Engineer

Description:
Company: Citi
Schedule: Full-time
Required Skills: Not specified

Salary is $",146100.00
"What is the annual salary for this role to the nearest dollar?

Title: Data Analyst

Description:
Company: Place Services, Inc.
Schedule: Full-time
Required Skills: ['sql', 'vba', 'excel', 'power bi']

Salary is $",72500.00
"What is the annual salary for this role to the nearest dollar?

Title: Data Scientist

Description:
Company: OREDATA
Schedule: Full-time
Required Skills: ['hadoop', 'spark', 'tensorflow', 'pytorch', 'scikit-learn']

Salary is $",79200.00
"What is the annual salary for this role to the nearest dollar?

Title: Data Scientist

Description:
Company: University of Florida
Schedule: Full-time
Required Skills: ['python', 'r', 'sas', 'sas', 'sql', 'pandas', 'numpy', 'pytorch', 'sap', 'git']

Salary is $",105000.00
"What is the annual salary for this role to the nearest dollar?

Title: Data Scientist

Description:
Company: CyberCoders
Schedule: Full-time
Required Skills: ['python', 'sql', 'mysql', 'postgresql', 'django', 'tableau', 'word']

Salary is $",105000.00
"What is the annual salary for this role to the nearest dollar?

Title: Data Scientist

Description:
Company: Lynx Analytics
Schedule: Full-time
Required Skills: ['python', 'r', 'sas', 'sas', 'c', 'java', 'sap']

Salary is $",157500.00
"What is the annual salary for this role to the nearest dollar?

Title: Data Scientist

Description:
Company: Schonfeld
Schedule: Full-time
Required Skills: ['python', 'sql', 'redis', 'aws', 'spark', 'kafka', 'airflow', 'docker']

Salary is $",200000.00
"What is the annual salary for this role to the nearest dollar?

Title: Data Engineer

Description:
Company: Tata Consultancy Services
Schedule: Full-time
Required Skills: ['azure', 'snowflake', 'spark', 'jenkins', 'terraform', 'docker']

Salary is $",125000.00
"What is the annual salary for this role to the nearest dollar?

Title: Senior Data Engineer

Description:
Company: Capital One
Schedule: Full-time and Part-time
Required Skills: ['java', 'scala', 'python', 'nosql', 'sql', 'mongo', 'shell', 'mysql', 'cassandra', 'redshift', 'snowflake', 'aws', 'azure', 'hadoop', 'kafka', 'spark']

Salary is $",173500.00
"What is the annual salary for this role to the nearest dollar?

Title: Software Engineer (Remote)

Description:
Company: Blockscope
Schedule: Full-time
Required Skills: ['python', 'javascript', 'mongodb', 'mongodb', 'cassandra', 'bigquery', 'react.js', 'word']

Salary is $",115000.00
"What is the annual salary for this role to the nearest dollar?

Title: Data Analyst

Description:
Company: Kaiser Permanente
Schedule: Full-time
Required Skills: ['sas', 'sas', 'r', 'python', 'sql', 'excel']

Salary is $",90490.00
"What is the annual salary for this role to the nearest dollar?

Title: Data Analyst

Description:
Company: StateJobsNY
Schedule: Full-time
Required Skills: ['sas', 'sas', 'sql', 'spss']

Salary is $",71678.00
"What is the annual salary for this role to the nearest dollar?

Title: Machine Learning Engineer

Description:
Company: PicCollage
Schedule: Full-time
Required Skills: ['gcp', 'aws', 'airflow', 'pytorch', 'docker']

Salary is $",166000.00
"What is the annual salary for this role to the nearest dollar?

Title: Business Analyst

Description:
Company: AEG - Application Engineering Group
Schedule: Full-time
Required Skills: ['sql']

Salary is $",95000.00
"What is the annual salary for this role to the nearest dollar?

Title: Senior Data Scientist

Description:
Company: CoinFlip
Schedule: Full-time
Required Skills: ['python', 'r', 'sql', 'aws', 'redshift', 'gcp', 'pandas', 'tensorflow', 'pytorch', 'express', 'excel', 'gitlab']

Salary is $",157500.00
"What is the annual salary for this role to the nearest dollar?

Title: Senior Data Analyst

Description:
Company: New Bath Today
Schedule: Full-time
Required Skills: ['python', 'sql', 'vba', 'r', 'sas', 'sas', 'excel', 'power bi', 'tableau', 'powerpoint']

Salary is $",100000.00
"What is the annual salary for this role to the nearest dollar?

Title: Senior Data Scientist

Description:
Company: Caterpillar, Inc
Schedule: Full-time
Required Skills: ['sql', 'python', 'nosql', 'dynamodb', 'aws', 'snowflake', 'tableau', 'power bi']

Salary is $",125000.00
"What is the annual salary for this role to the nearest dollar?

Title: Data Analyst

Description:
Company: WNA-LTD.com
Schedule: Full-time
Required Skills: ['power bi', 'spreadsheet', 'powerpoint', 'excel', 'visio']

Salary is $",90000.00
"What is the annual salary for this role to the nearest dollar?

Title: Data Scientist

Description:
Company: Booz Allen Hamilton
Schedule: Full-time
Required Skills: ['python', 'r', 'c++', 'java', 'sql', 'sas', 'sas', 'matlab', 'hadoop', 'spark', 'excel', 'sharepoint', 'spss', 'word']

Salary is $",119500.00
"What is the annual salary for this role to the nearest dollar?

Title: Data Engineer

Description:
Company: Capital One
Schedule: Full-time
Required Skills: ['java', 'scala', 'python', 'snowflake', 'aws', 'spark', 'kafka', 'jenkins']

Salary is $",244500.00
"What is the annual salary for this role to the nearest dollar?

Title: Data Scientist

Description:
Company: National Oceanic and Atmospheric Administration
Schedule: Full-time
Required Skills: ['r', 'python', 'sas', 'sas', 'spring', 'tableau']

Salary is $",69107.00
"What is the annual salary for this role to the nearest dollar?

Title: Data Scientist

Description:
Company: TD Bank
Schedule: Full-time
Required Skills: ['go', 'sql', 'alteryx']

Salary is $",90000.00
"What is the annual salary for this role to the nearest dollar?

Title: Data Analyst

Description:
Company: Tzumi Electronics
Schedule: Full-time
Required Skills: ['sql', 'tableau', 'excel']

Salary is $",50000.00
"What is the annual salary for this role to the nearest dollar?

Title: Data Scientist

Description:
Company: Lowe’s
Schedule: Full-time
Required Skills: ['python', 'java', 'scala', 'rust', 'sql', 'hadoop', 'spark']

Salary is $",125000.00
"What is the annual salary for this role to the nearest dollar?

Title: Data Engineer

Description:
Company: Capital One
Schedule: Full-time
Required Skills: ['java', 'scala', 'python', 'nosql', 'shell', 'mongo', 'cassandra', 'redshift', 'snowflake', 'aws', 'azure', 'databricks', 'hadoop', 'kafka', 'spark']

Salary is $",58926.00
"What is the annual salary for this role to the nearest dollar?

Title: Senior Data Scientist

Description:
Company: TikTok
Schedule: Full-time
Required Skills: ['python', 'sql', 'spark']

Salary is $",252844.00
"What is the annual salary for this role to the nearest dollar?

Title: Data Engineer

Description:
Company: Harnham
Schedule: Full-time
Required Skills: ['python', 'sql', 'aws', 'databricks', 'spark', 'kafka', 'pyspark']

Salary is $",240000.00
"What is the annual salary for this role to the nearest dollar?

Title: Software Engineer

Description:
Company: Vattenfall
Schedule: Full-time
Required Skills: ['java', 'c', 'c++', 'c#', 'python', 'azure', 'kubernetes']

Salary is $",80850.00
"What is the annual salary for this role to the nearest dollar?

Title: Data Engineer (Remote)

Description:
Company: Robert Half
Schedule: Full-time
Required Skills: ['sql', 'python', 'java', 'azure', 'aws', 'snowflake']

Salary is $",112500.00
"What is the annual salary for this role to the nearest dollar?

Title: Senior Data Engineer

Description:
Company: Twitch
Schedule: Full-time
Required Skills: ['sql', 'redshift']

Salary is $",182000.00
"What is the annual salary for this role to the nearest dollar?

Title: Data Analyst

Description:
Company: Publicis Groupe
Schedule: Full-time
Required Skills: ['spark', 'excel', 'jira']

Salary is $",45000.00
"What is the annual salary for this role to the nearest dollar?

Title: Data Engineer

Description:
Company: Creative Capital Solutions
Schedule: Full-time
Required Skills: Not specified

Salary is $",80000.00
"What is the annual salary for this role to the nearest dollar?

Title: Data Analyst

Description:
Company: AccorCorpo
Schedule: Full-time
Required Skills: ['windows']

Salary is $",105300.00
"What is the annual salary for this role to the nearest dollar?

Title: Data Analyst

Description:
Company: Santa Clarita
Schedule: Full-time
Required Skills: Not specified

Salary is $",51232.00
"What is the annual salary for this role to the nearest dollar?

Title: Senior Data Analyst (Remote)

Description:
Company: Mercury Insurance
Schedule: Full-time
Required Skills: ['sas', 'sas', 'python', 'r', 'sql']

Salary is $",115698.00
"What is the annual salary for this role to the nearest dollar?

Title: Data Analyst

Description:
Company: Hearst Media Services
Schedule: Full-time
Required Skills: Not specified

Salary is $",110297.00
"What is the annual salary for this role to the nearest dollar?

Title: Data Analyst

Description:
Company: Insight Global
Schedule: Full-time
Required Skills: ['python', 'sql', 'r', 'power bi', 'excel', 'tableau', 'flow']

Salary is $",117500.00
"What is the annual salary for this role to the nearest dollar?

Title: Data Engineer (Remote)

Description:
Company: Storm3
Schedule: Full-time
Required Skills: ['c', 'elasticsearch', 'postgresql', 'snowflake', 'aws', 'databricks', 'airflow', 'spark']

Salary is $",215000.00
"What is the annual salary for this role to the nearest dollar?

Title: Data Engineer

Description:
Company: Deutsche Telekom IT Solutions
Schedule: Full-time
Required Skills: Not specified

Salary is $",147500.00
"What is the annual salary for this role to the nearest dollar?

Title: Data Analyst

Description:
Company: Coalition for Responsible Community Development
Schedule: Full-time
Required Skills: ['excel', 'tableau', 'word', 'powerpoint', 'outlook', 'sharepoint']

Salary is $",51000.00
"What is the annual salary for this role to the nearest dollar?

Title: Data Analyst

Description:
Company: Hornblower Inc
Schedule: Full-time
Required Skills: ['sql', 'python', 'r', 'sas', 'sas', 'tableau', 'power bi', 'spss', 'excel']

Salary is $",90000.00
"What is the annual salary for this role to the nearest dollar?

Title: Data Analyst

Description:
Company: Hornblower Inc
Schedule: Full-time
Required Skills: ['sql', 'javascript', 'tableau']

Salary is $",80000.00
"What is the annual salary for this role to the nearest dollar?

Title: Data Analyst

Description:
Company: TOTO USA, Inc.
Schedule: Full-time
Required Skills: ['excel', 'sap', 'powerpoint']

Salary is $",61500.00
"What is the annual salary for this role to the nearest dollar?

Title: Data Scientist

Description:
Company: Chicago Trading Company (CTC)
Schedule: Full-time
Required Skills: ['python', 'sql', 'linux']

Salary is $",185000.00
"What is the annual salary for this role to the nearest dollar?

Title: Data Scientist

Description:
Company: FirstParty
Schedule: Full-time
Required Skills: ['python', 'sql', 'azure', 'databricks', 'snowflake', 'pandas', 'pyspark']

Salary is $",150000.00
"What is the annual salary for this role to the nearest dollar?

Title: Data Scientist

Description:
Company: Peritus Inc.
Schedule: Full-time
Required Skills: ['sql']

Salary is $",120000.00
"What is the annual salary for this role to the nearest dollar?

Title: Business Analyst

Description:
Company: Jobot
Schedule: Full-time
Required Skills: ['crystal', 'sql', 'excel', 'tableau']

Salary is $",85000.00
"What is the annual salary for this role to the nearest dollar?

Title: Business Analyst

Description:
Company: Deliveroo
Schedule: Full-time
Required Skills: ['sql', 'snowflake', 'looker']

Salary is $",139216.00
"What is the annual salary for this role to the nearest dollar?

Title: Data Analyst

Description:
Company: Mitchell Martin, Inc
Schedule: Full-time
Required Skills: ['sql', 'r', 'python', 'excel', 'alteryx', 'power bi']

Salary is $",80000.00
"What is the annual salary for this role to the nearest dollar?

Title: Data Analyst

Description:
Company: TripAdvisor
Schedule: Full-time
Required Skills: ['sql', 'python', 'snowflake', 'tableau', 'looker']

Salary is $",111175.00
"What is the annual salary for this role to the nearest dollar?

Title: Data Scientist (Remote)

Description:
Company: Health Advocate
Schedule: Full-time
Required Skills: ['python', 'r', 'scala']

Salary is $",160000.00
"What is the annual salary for this role to the nearest dollar?

Title: Data Analyst (Remote)

Description:
Company: Get It Recruit - Information Technology
Schedule: Full-time
Required Skills: ['python', 'jupyter']

Salary is $",77500.00
"What is the annual salary for this role to the nearest dollar?

Title: Data Scientist

Description:
Company: Booz Allen Hamilton
Schedule: Full-time
Required Skills: ['python']

Salary is $",126650.00
"What is the annual salary for this role to the nearest dollar?

Title: Senior Data Scientist

Description:
Company: TikTok
Schedule: Full-time
Required Skills: ['sql', 'python', 'r', 'express']

Salary is $",271526.00
"What is the annual salary for this role to the nearest dollar?

Title: Data Engineer (Remote)

Description:
Company: Averity
Schedule: Full-time
Required Skills: ['python', 'sql', 'bash', 'aws', 'jupyter', 'linux', 'jenkins', 'bitbucket', 'terraform', 'docker']

Salary is $",155000.00
"What is the annual salary for this role to the nearest dollar?

Title: Data Scientist

Description:
Company: Michael Page International Inc
Schedule: Full-time
Required Skills: ['python', 'r', 'matlab', 'tensorflow', 'pytorch', 'keras']

Salary is $",165000.00
"What is the annual salary for this role to the nearest dollar?

Title: Data Scientist (Remote)

Description:
Company: Harnham
Schedule: Full-time
Required Skills: ['sql', 'python', 'sas', 'sas', 'excel']

Salary is $",132500.00
"What is the annual salary for this role to the nearest dollar?

Title: Data Analyst

Description:
Company: Publicis Groupe
Schedule: Full-time
Required Skills: Not specified

Salary is $",132500.00
"What is the annual salary for this role to the nearest dollar?

Title: Data Analyst

Description:
Company: Office of the Chief Human Capital Officer
Schedule: Full-time and Part-time
Required Skills: Not specified

Salary is $",116393.00
"What is the annual salary for this role to the nearest dollar?

Title: Data Analyst

Description:
Company: Intuit Inc
Schedule: Full-time
Required Skills: Not specified

Salary is $",200000.00
"What is the annual salary for this role to the nearest dollar?

Title: Data Scientist

Description:
Company: Constellation
Schedule: Full-time
Required Skills: ['python', 'r', 'scala', 'sql', 'spark', 'hadoop']

Salary is $",114000.00
"What is the annual salary for this role to the nearest dollar?

Title: Data Scientist

Description:
Company: Leidos
Schedule: Full-time
Required Skills: ['python', 'aws', 'hadoop', 'spark', 'git']

Salary is $",109500.00
"What is the annual salary for this role to the nearest dollar?

Title: Data Scientist

Description:
Company: USAA
Schedule: Full-time
Required Skills: ['python', 'r', 'sql', 'nosql', 'snowflake', 'tensorflow', 'pytorch', 'phoenix']

Salary is $",121115.00
"What is the annual salary for this role to the nearest dollar?

Title: Data Analyst

Description:
Company: Citi
Schedule: Full-time
Required Skills: ['sql']

Salary is $",95640.00
"What is the annual salary for this role to the nearest dollar?

Title: Data Scientist

Description:
Company: Booz Allen Hamilton
Schedule: Full-time
Required Skills: ['python', 'java', 'nosql', 'aws', 'hadoop']

Salary is $",115000.00
"What is the annual salary for this role to the nearest dollar?

Title: Senior Data Scientist (Remote)

Description:
Company: Harnham
Schedule: Full-time
Required Skills: ['python', 'c++', 'java', 'c#', 'neo4j', 'aws']

Salary is $",190000.00
"What is the annual salary for this role to the nearest dollar?

Title: Senior Data Engineer

Description:
Company: Capital One
Schedule: Full-time
Required Skills: ['java', 'scala', 'python', 'nosql', 'sql', 'mongo', 'shell', 'mysql', 'cassandra', 'redshift', 'snowflake', 'aws', 'azure', 'hadoop', 'kafka', 'spark']

Salary is $",170672.00
"What is the annual salary for this role to the nearest dollar?

Title: Senior Data Scientist

Description:
Company: Etsy
Schedule: Full-time
Required Skills: ['sql', 'hadoop', 'looker', 'tableau']

Salary is $",150000.00
"What is the annual salary for this role to the nearest dollar?

Title: Senior Data Engineer

Description:
Company: ZipRecruiter
Schedule: Full-time
Required Skills: ['java', 'python', 'scala', 'sql', 'dynamodb', 'mysql', 'redshift', 'aws', 'azure', 'spark', 'airflow', 'kafka']

Salary is $",147500.00
"What is the annual salary for this role to the nearest dollar?

Title: Data Engineer

Description:
Company: National Geospatial-Intelligence Agency
Schedule: Full-time
Required Skills: ['go', 'python', 'r', 'java', 'c', 'nosql', 'mongodb', 'mongodb', 'elasticsearch', 'mysql', 'postgresql', 'neo4j', 'oracle', 'aws', 'sap', 'terraform', 'ansible']

Salary is $",115000.00
"What is the annual salary for this role to the nearest dollar?

Title: Data Scientist

Description:
Company: The Placement Gurus
Schedule: Full-time
Required Skills: ['python', 'sql', 'azure', 'power bi']

Salary is $",92500.00
"What is the annual salary for this role to the nearest dollar?

Title: Data Scientist

Description:
Company: KeyBank
Schedule: Full-time
Required Skills: ['word', 'excel', 'powerpoint']

Salary is $",150000.00
"What is the annual salary for this role to the nearest dollar?

Title: Senior Data Engineer (Remote)

Description:
Company: GlobalLogic
Schedule: Full-time
Required Skills: ['scala', 'sql', 'python', 'databricks', 'spark', 'kafka']

Salary is $",137500.00
"What is the annual salary for this role to the nearest dollar?

Title: Senior Data Engineer

Description:
Company: Wells Fargo
Schedule: Full-time
Required Skills: ['sql', 'mongo', 'sql server', 'azure', 'hadoop', 'spark', 'unix', 'power bi', 'jira']

Salary is $",90000.00
"What is the annual salary for this role to the nearest dollar?

Title: Senior Data Scientist

Description:
Company: Causaly
Schedule: Full-time
Required Skills: ['go']

Salary is $",72900.00
"What is the annual salary for this role to the nearest dollar?

Title: Data Analyst

Description:
Company: RTB House
Schedule: Full-time
Required Skills: ['sql', 'python', 'bigquery', 'tableau', 'excel', 'powerpoint', 'looker']

Salary is $",88000.00
"What is the annual salary for this role to the nearest dollar?

Title: Data Scientist (Remote)

Description:
Company: Your Finance
Schedule: Full-time
Required Skills: ['typescript', 'react', 'next.js']

Salary is $",80000.00
"What is the annual salary for this role to the nearest dollar?

Title: Data Engineer

Description:
Company: Clemson University
Schedule: Full-time
Required Skills: ['sas', 'sas', 'oracle', 'express', 'sap']

Salary is $",72112.00
"What is the annual salary for this role to the nearest dollar?

Title: Senior Data Engineer

Description:
Company: Savills North America
Schedule: Full-time
Required Skills: ['sql', 't-sql', 'azure', 'hadoop', 'spark', 'alteryx']

Salary is $",165000.00
"What is the annual salary for this role to the nearest dollar?

Title: Business Analyst

Description:
Company: CVS Health
Schedule: Full-time
Required Skills: ['python', 'sql', 'r', 'azure', 'gcp', 'aws', 'snowflake', 'tableau', 'power bi']

Salary is $",95150.00
"What is the annual salary for this role to the nearest dollar?

Title: Data Analyst

Description:
Company: Interactive Resources - iR
Schedule: Full-time
Required Skills: ['sql', 'excel', 'tableau', 'power bi']

Salary is $",95000.00
"What is the annual salary for this role to the nearest dollar?

Title: Data Engineer (Remote)

Description:
Company: Consensus Cloud Solutions
Schedule: Full-time
Required Skills: ['python', 'java', 'scala', 'sql', 'oracle', 'aws', 'spark', 'pandas', 'airflow', 'jira', 'unify']

Salary is $",162000.00
"What is the annual salary for this role to the nearest dollar?

Title: Data Engineer

Description:
Company: PinnacleTek
Schedule: Full-time
Required Skills: ['sql', 'c#', 'python', 'java', 'snowflake', 'azure']

Salary is $",87500.00
"What is the annual salary for this role to the nearest dollar?

Title: Data Scientist

Description:
Company: The Josef Group Inc.
Schedule: Full-time
Required Skills: ['python', 'elasticsearch', 'neo4j', 'mariadb', 'pandas', 'numpy', 'scikit-learn', 'spark', 'pyspark', 'hadoop', 'kafka', 'fastapi', 'linux', 'docker', 'puppet']

Salary is $",205000.00
"What is the annual salary for this role to the nearest dollar?

Title: Data Analyst

Description:
Company: TikTok
Schedule: Full-time
Required Skills: ['sql', 'express']

Salary is $",149508.00
"What is the annual salary for this role to the nearest dollar?

Title: Data Analyst (Remote)

Description:
Company: Cava Connect
Schedule: Full-time
Required Skills: ['sql', 'python', 'vba', 'power bi', 'excel', 'ssis', 'ssrs', 'dax']

Salary is $",110000.00
"What is the annual salary for this role to the nearest dollar?

Title: Senior Data Scientist

Description:
Company: Elevance Health
Schedule: Full-time
Required Skills: ['go', 'python', 'sql', 'hadoop', 'spark']

Salary is $",125000.00
"What is the annual salary for this role to the nearest dollar?

Title: Machine Learning Engineer

Description:
Company: Airbus
Schedule: Full-time
Required Skills: Not specified

Salary is $",43200.00
"What is the annual salary for this role to the nearest dollar?

Title: Data Scientist

Description:
Company: Travelers Insurance
Schedule: Full-time
Required Skills: Not specified

Salary is $",216500.00
"What is the annual salary for this role to the nearest dollar?

Title: Data Engineer

Description:
Company: Capco
Schedule: Full-time
Required Skills: ['scala', 'sql', 'python', 'gcp', 'bigquery', 'hadoop', 'spark']

Salary is $",133500.00
"What is the annual salary for this role to the nearest dollar?

Title: Data Scientist

Description:
Company: Stripe
Schedule: Full-time
Required Skills: ['sql', 'r', 'python', 'spark']

Salary is $",171121.00
"What is the annual salary for this role to the nearest dollar?

Title: Data Scientist

Description:
Company: US Department of the Air Force - Agency Wide
Schedule: Full-time and Part-time
Required Skills: ['c', 'sap']

Salary is $",141952.00
"What is the annual salary for this role to the nearest dollar?

Title: Data Engineer (Remote)

Description:
Company: Concero
Schedule: Full-time
Required Skills: ['sql', 'c#', 'python', 'sql server', 'postgresql', 'mysql', 'azure', 'aws', 'kafka', 'spark', 'ssis', 'power bi', 'tableau', 'dax', 'ssrs']

Salary is $",122500.00
"What is the annual salary for this role to the nearest dollar?

Title: Data Scientist

Description:
Company: Patterned Learning AI
Schedule: Full-time
Required Skills: ['r', 'python', 'sas', 'sas', 'matlab', 'vba', 'sql', 'javascript', 'html', 'oracle']

Salary is $",65000.00
"What is the annual salary for this role to the nearest dollar?

Title: Data Analyst

Description:
Company: IT Trailblazers, LLC
Schedule: Full-time
Required Skills: ['sql', 'power bi']

Salary is $",90000.00
"What is the annual salary for this role to the nearest dollar?

Title: Data Engineer

Description:
Company: NielsenIQ
Schedule: Full-time
Required Skills: ['python', 'r', 'mongo', 'sql', 'azure', 'databricks', 'snowflake', 'kafka', 'spark', 'airflow', 'docker', 'kubernetes']

Salary is $",79200.00
"What is the annual salary for this role to the nearest dollar?

Title: Data Analyst

Description:
Company: Kyndryl
Schedule: Full-time
Required Skills: ['go', 'nosql', 'python', 'java', 'scala', 'sql', 'databricks', 'aws', 'hadoop', 'spark']

Salary is $",156500.00
"What is the annual salary for this role to the nearest dollar?

Title: Data Analyst

Description:
Company: WhiteCrow
Schedule: Full-time
Required Skills: Not specified

Salary is $",133000.00
"What is the annual salary for this role to the nearest dollar?

Title: Senior Data Engineer

Description:
Company: PlayStation Global
Schedule: Full-time
Required Skills: ['python', 'go', 'aws', 'gcp', 'azure', 'spark']

Salary is $",45000.00
"What is the annual salary for this role to the nearest dollar?

Title: Data Analyst

Description:
Company: CDR Fundraising Group
Schedule: Full-time
Required Skills: ['r', 'sql', 'power bi', 'excel', 'ms access', 'dax']

Salary is $",80000.00
"What is the annual salary for this role to the nearest dollar?

Title: Data Scientist (Remote)

Description:
Company: Forge Group, LLC
Schedule: Full-time
Required Skills: ['python', 'power bi', 'cognos', 'tableau', 'jira']

Salary is $",120000.00
"What is the annual salary for this role to the nearest dollar?

Title: Data Scientist (Remote)

Description:
Company: Storm6
Schedule: Full-time
Required Skills: ['python', 'opencv']

Salary is $",265000.00
"What is the annual salary for this role to the nearest dollar?

Title: Data Analyst (Remote)

Description:
Company: EUCON AMERICAS LLC
Schedule: Full-time
Required Skills: ['sql', 'sas', 'sas', 'excel', 'powerpoint', 'spss']

Salary is $",80000.00
"What is the annual salary for this role to the nearest dollar?

Title: Senior Data Engineer

Description:
Company: Riverside Staffing, LLC
Schedule: Full-time
Required Skills: ['python', 'javascript', 'aws', 'kafka', 'node']

Salary is $",162500.00
"What is the annual salary for this role to the nearest dollar?

Title: Data Engineer

Description:
Company: HP
Schedule: Full-time
Required Skills: ['python', 'java', 'scala', 'sql', 'aws', 'gcp', 'spark', 'airflow', 'jupyter', 'flow']

Salary is $",156500.00
"What is the annual salary for this role to the nearest dollar?

Title: Data Engineer

Description:
Company: Navy Federal Credit Union
Schedule: Full-time
Required Skills: ['sql', 'powershell', 'python', 'r', 'sql server', 'azure', 'databricks', 'pyspark', 'spark', 'windows', 'word', 'ssis', 'power bi']

Salary is $",101000.00
"What is the annual salary for this role to the nearest dollar?

Title: Business Analyst

Description:
Company: Ascendo Resources
Schedule: Full-time
Required Skills: ['word', 'excel', 'powerpoint']

Salary is $",60000.00
"What is the annual salary for this role to the nearest dollar?

Title: Data Scientist

Description:
Company: Nextdoor
Schedule: Full-time
Required Skills: Not specified

Salary is $",222000.00
"What is the annual salary for this role to the nearest dollar?

Title: Data Scientist

Description:
Company: Piper Companies
Schedule: Full-time
Required Skills: ['c#', 'sql', 'python', 'golang', 'javascript', 'aws', 'pytorch', 'angular', 'asp.net', 'kubernetes']

Salary is $",175000.00
"What is the annual salary for this role to the nearest dollar?

Title: Senior Data Scientist

Description:
Company: GEICO
Schedule: Full-time
Required Skills: ['python', 'r', 'shell', 'snowflake', 'aws', 'azure', 'gcp', 'spark', 'tensorflow', 'pytorch']

Salary is $",152000.00
"What is the annual salary for this role to the nearest dollar?

Title: Data Scientist

Description:
Company: TikTok
Schedule: Full-time
Required Skills: ['sql', 'python']

Salary is $",236666.00
"What is the annual salary for this role to the nearest dollar?

Title: Data Analyst

Description:
Company: The Vets
Schedule: Full-time
Required Skills: ['sql', 'excel', 'tableau']

Salary is $",85000.00
"What is the annual salary for this role to the nearest dollar?

Title: Software Engineer

Description:
Company: NewLimit
Schedule: Full-time
Required Skills: Not specified

Salary is $",152500.00
"What is the annual salary for this role to the nearest dollar?

Title: Data Scientist

Description:
Company: Cruise Automation
Schedule: Full-time
Required Skills: Not specified

Salary is $",200000.00
"What is the annual salary for this role to the nearest dollar?

Title: Data Engineer

Description:
Company: Bosch Group
Schedule: Full-time
Required Skills: ['sql', 'azure', 'spark']

Salary is $",147500.00
"What is the annual salary for this role to the nearest dollar?

Title: Data Scientist

Description:
Company: Consumer Cellular
Schedule: Full-time
Required Skills: ['python', 'sql', 'r', 'azure', 'spark', 'power bi']

Salary is $",100000.00
"What is the annual salary for this role to the nearest dollar?

Title: Data Analyst

Description:
Company: Airbus
Schedule: Full-time
Required Skills: ['sql', 'python', 'qlik', 'github']

Salary is $",89204.00
"What is the annual salary for this role to the nearest dollar?

Title: Data Scientist

Description:
Company: Booz Allen Hamilton
Schedule: Full-time and Part-time
Required Skills: ['r', 'sas', 'sas', 'python', 'jupyter', 'excel', 'github']

Salary is $",115000.00
"What is the annual salary for this role to the nearest dollar?

Title: Data Scientist

Description:
Company: ARHS
Schedule: Full-time
Required Skills: ['python', 'aws', 'azure', 'scikit-learn', 'pytorch']

Salary is $",157500.00
"What is the annual salary for this role to the nearest dollar?

Title: Data Scientist

Description:
Company: Syngenta Group
Schedule: Full-time
Required Skills: ['python', 'r', 'sql', 'java', 'c++', 'matplotlib', 'tableau', 'flow']

Salary is $",131193.00
"What is the annual salary for this role to the nearest dollar?

Title: Data Scientist (Remote)

Description:
Company: Storm3
Schedule: Full-time
Required Skills: ['go']

Salary is $",200000.00
"What is the annual salary for this role to the nearest dollar?

Title: Data Analyst

Description:
Company: Infinity Marketing Solutions Inc
Schedule: Full-time
Required Skills: ['python', 'sql', 'tableau', 'excel']

Salary is $",60000.00
"What is the annual salary for this role to the nearest dollar?

Title: Data Analyst

Description:
Company: TF Cornerstone
Schedule: Full-time
Required Skills: ['python', 'sql', 'excel', 'power bi']

Salary is $",80000.00
"What is the annual salary for this role to the nearest dollar?

Title: Data Scientist

Description:
Company: Amgen
Schedule: Full-time
Required Skills: ['python', 'pytorch']

Salary is $",149602.00
"What is the annual salary for this role to the nearest dollar?

Title: Data Engineer

Description:
Company: Moody's
Schedule: Full-time
Required Skills: ['sql', 'alteryx', 'tableau']

Salary is $",110000.00
"What is the annual salary for this role to the nearest dollar?

Title: Senior Data Scientist

Description:
Company: Roblox
Schedule: Full-time
Required Skills: ['sql', 'python', 'r', 'go', 'spark']

Salary is $",327330.00
"What is the annual salary for this role to the nearest dollar?

Title: Data Analyst

Description:
Company: Catch22
Schedule: Full-time
Required Skills: ['excel', 'word', 'outlook']

Salary is $",51014.00
"What is the annual salary for this role to the nearest dollar?

Title: Data Scientist

Description:
Company: CIDIS LLC
Schedule: Full-time
Required Skills: ['python', 'r', 'sql', 'cognos', 'alteryx', 'tableau', 'spss']

Salary is $",100000.00
"What is the annual salary for this role to the nearest dollar?

Title: Data Analyst

Description:
Company: Acadia Technologies, Inc.
Schedule: Full-time
Required Skills: ['sql', 'python', 'sheets', 'flow']

Salary is $",70000.00
"What is the annual salary for this role to the nearest dollar?

Title: Data Scientist (Remote)

Description:
Company: Intelletec
Schedule: Full-time
Required Skills: ['python']

Salary is $",197500.00
"What is the annual salary for this role to the nearest dollar?

Title: Senior Data Analyst (Remote)

Description:
Company: CURO Financial Technologies Corporation
Schedule: Full-time
Required Skills: ['sql', 'sas', 'sas', 'python', 'r', 'snowflake', 'tableau', 'power bi', 'flow']

Salary is $",97500.00
"What is the annual salary for this role to the nearest dollar?

Title: Machine Learning Engineer (Remote)

Description:
Company: Neo Cybernetica
Schedule: Full-time
Required Skills: ['python', 'scikit-learn', 'pytorch', 'keras', 'datarobot']

Salary is $",85000.00
"What is the annual salary for this role to the nearest dollar?

Title: Data Engineer

Description:
Company: Western Digital
Schedule: Full-time
Required Skills: ['python', 'sql']

Salary is $",79200.00
"What is the annual salary for this role to the nearest dollar?

Title: Machine Learning Engineer

Description:
Company: Amazon.com
Schedule: Full-time
Required Skills: ['java', 'c++', 'python']

Salary is $",179000.00
"What is the annual salary for this role to the nearest dollar?

Title: Data Scientist

Description:
Company: Sia Partners
Schedule: Full-time
Required Skills: Not specified

Salary is $",245000.00
"What is the annual salary for this role to the nearest dollar?

Title: Data Engineer

Description:
Company: Harnham
Schedule: Full-time
Required Skills: ['python', 'redshift', 'airflow', 'spring']

Salary is $",205000.00
"What is the annual salary for this role to the nearest dollar?

Title: Data Scientist

Description:
Company: SumUp
Schedule: Full-time
Required Skills: ['python', 'sql', 'snowflake', 'aws', 'airflow', 'tableau']

Salary is $",89100.00
"What is the annual salary for this role to the nearest dollar?

Title: Data Engineer (Remote)

Description:
Company: Imprint Payments
Schedule: Full-time
Required Skills: ['sql', 'python', 'snowflake', 'airflow', 'pyspark', 'terraform', 'github']

Salary is $",150000.00
"What is the annual salary for this role to the nearest dollar?

Title: Senior Data Analyst (Remote)

Description:
Company: General Dynamics Information Technology
Schedule: Full-time
Required Skills: ['sql', 'tableau', 'power bi']

Salary is $",105000.00
"What is the annual salary for this role to the nearest dollar?

Title: Data Engineer

Description:
Company: Pilmico Foods Corporation
Schedule: Full-time
Required Skills: ['r', 'python', 'sql', 'aws', 'hadoop', 'spark']

Salary is $",97444.00
"What is the annual salary for this role to the nearest dollar?

Title: Data Analyst

Description:
Company: Netcompany
Schedule: Full-time
Required Skills: ['sql', 'python', 'sql server', 'azure', 'snowflake', 'databricks', 'ssis', 'power bi']

Salary is $",89100.00
"What is the annual salary for this role to the nearest dollar?

Title: Data Scientist

Description:
Company: The Clorox Company
Schedule: Full-time
Required Skills: ['sql', 'python', 'r', 'scala', 'c', 'databricks', 'tensorflow', 'pytorch', 'scikit-learn', 'pandas', 'pyspark', 'spark', 'power bi', 'tableau']

Salary is $",150000.00
"What is the annual salary for this role to the nearest dollar?

Title: Data Scientist

Description:
Company: NT Concepts
Schedule: Full-time
Required Skills: ['python', 'java', 'sql', 'r', 'go', 'julia', 'git']

Salary is $",157500.00
"What is the annual salary for this role to the nearest dollar?

Title: Senior Data Scientist

Description:
Company: Elasticsearch
Schedule: Full-time
Required Skills: ['python', 'aws', 'gcp', 'bigquery', 'airflow', 'kubernetes']

Salary is $",54907.00
"What is the annual salary for this role to the nearest dollar?

Title: Data Scientist

Description:
Company: Facebook App
Schedule: Full-time
Required Skills: ['sql', 'python', 'r', 'pandas', 'scikit-learn', 'tidyverse', 'dplyr', 'ggplot2']

Salary is $",198500.00
"What is the annual salary for this role to the nearest dollar?

Title: Data Engineer

Description:
Company: CGI Inc.
Schedule: Full-time
Required Skills: ['sql', 'python', 'scala', 'azure', 'aws', 'databricks', 'snowflake', 'hadoop', 'spark', 'kafka']

Salary is $",100000.00
"What is the annual salary for this role to the nearest dollar?

Title: Data Scientist

Description:
Company: Talan
Schedule: Full-time
Required Skills: ['sql']

Salary is $",89100.00
"What is the annual salary for this role to the nearest dollar?

Title: Data Analyst

Description:
Company: Sony Pictures
Schedule: Full-time
Required Skills: ['sql', 'python', 'excel']

Salary is $",69000.00
"What is the annual salary for this role to the nearest dollar?

Title: Data Engineer

Description:
Company: Auto Plus Auto Parts
Schedule: Full-time
Required Skills: ['sql', 'sql server', 'aws', 'snowflake', 'oracle', 'redshift', 'sap', 'power bi']

Salary is $",131000.00
"What is the annual salary for this role to the nearest dollar?

Title: Senior Data Engineer (Remote)

Description:
Company: Keyrus
Schedule: Full-time
Required Skills: ['python', 'java', 'sql', 'postgresql', 'snowflake', 'aws', 'azure', 'redshift', 'gcp', 'hadoop', 'spark']

Salary is $",130000.00
"What is the annual salary for this role to the nearest dollar?

Title: Senior Data Scientist (Remote)

Description:
Company: Flatiron Health
Schedule: Full-time
Required Skills: ['python', 'sql', 'tableau', 'looker']

Salary is $",190000.00
"What is the annual salary for this role to the nearest dollar?

Title: Senior Data Scientist

Description:
Company: SIXT
Schedule: Full-time
Required Skills: ['python', 'r', 'sql', 'flow']

Salary is $",157500.00
"What is the annual salary for this role to the nearest dollar?

Title: Data Scientist

Description:
Company: Oakridge Staffing
Schedule: Full-time
Required Skills: ['python', 'r', 'c++', 'spark']

Salary is $",275000.00
"What is the annual salary for this role to the nearest dollar?

Title: Senior Data Analyst

Description:
Company: Citi
Schedule: Full-time
Required Skills: ['sas', 'sas', 'scala', 'java', 'python', 'snowflake', 'aws', 'hadoop', 'pyspark', 'spark', 'kafka', 'docker', 'kubernetes']

Salary is $",116600.00
"What is the annual salary for this role to the nearest dollar?

Title: Data Engineer

Description:
Company: Intel
Schedule: Full-time
Required Skills: ['python', 'c++', 'azure', 'windows', 'linux', 'sap', 'sharepoint']

Salary is $",90000.00
"What is the annual salary for this role to the nearest dollar?

Title: Data Scientist

Description:
Company: Lyft
Schedule: Full-time
Required Skills: ['sql', 'python', 'r']

Salary is $",147500.00
"What is the annual salary for this role to the nearest dollar?

Title: Data Analyst

Description:
Company: TikTok
Schedule: Full-time
Required Skills: ['sql', 'flow']

Salary is $",215500.00
"What is the annual salary for this role to the nearest dollar?

Title: Data Scientist (Remote)

Description:
Company: Storm3
Schedule: Full-time
Required Skills: ['python', 'aws', 'tensorflow', 'pytorch']

Salary is $",200000.00
"What is the annual salary for this role to the nearest dollar?

Title: Senior Data Engineer (Remote)

Description:
Company: TheResumeReview.com
Schedule: Full-time
Required Skills: ['python', 'aws', 'redshift', 'snowflake', 'kafka', 'qlik']

Salary is $",160000.00
"What is the annual salary for this role to the nearest dollar?

Title: Data Analyst

Description:
Company: Booz Allen Hamilton
Schedule: Full-time and Part-time
Required Skills: ['r', 'python', 'excel']

Salary is $",152650.00
"What is the annual salary for this role to the nearest dollar?

Title: Data Scientist

Description:
Company: Jobot
Schedule: Full-time
Required Skills: ['python', 'scala', 'java', 'aws', 'azure']

Salary is $",107500.00
"What is the annual salary for this role to the nearest dollar?

Title: Data Engineer

Description:
Company: Stytch
Schedule: Full-time
Required Skills: ['go', 'elasticsearch', 'mysql', 'snowflake', 'redshift', 'aws', 'node', 'kubernetes']

Salary is $",200000.00
"What is the annual salary for this role to the nearest dollar?

Title: Data Scientist

Description:
Company: Sandia National Laboratories
Schedule: Full-time
Required Skills: ['python', 'java', 'c', 'c++', 'r']

Salary is $",125000.00
"What is the annual salary for this role to the nearest dollar?

Title: Data Scientist

Description:
Company: esure Group
Schedule: Full-time
Required Skills: ['sql', 'nosql', 'tableau']

Salary is $",89100.00
"What is the annual salary for this role to the nearest dollar?

Title: Senior Data Engineer

Description:
Company: FILD Search, LLC
Schedule: Full-time
Required Skills: ['python', 'sql', 'bigquery', 'aws', 'gcp', 'docker', 'kubernetes', 'jenkins', 'ansible', 'terraform']

Salary is $",185000.00
"What is the annual salary for this role to the nearest dollar?

Title: Data Engineer

Description:
Company: Bosch Group
Schedule: Full-time
Required Skills: ['java', 'hadoop', 'spark', 'unix', 'sap', 'yarn']

Salary is $",79200.00
"What is the annual salary for this role to the nearest dollar?

Title: Business Analyst

Description:
Company: CVS Health
Schedule: Full-time
Required Skills: ['sql', 'python', 'excel']

Salary is $",74350.00
"What is the annual salary for this role to the nearest dollar?

Title: Data Scientist

Description:
Company: 3Red Partners
Schedule: Full-time
Required Skills: ['python', 'c++']

Salary is $",100000.00
"What is the annual salary for this role to the nearest dollar?

Title: Data Analyst

Description:
Company: Resources For Human Development, Inc.
Schedule: Full-time
Required Skills: ['r', 'python', 'sql', 'spss', 'excel']

Salary is $",57594.00
"What is the annual salary for this role to the nearest dollar?

Title: Data Analyst

Description:
Company: Insight Global
Schedule: Contractor and Temp work
Required Skills: ['sql', 'excel', 'microstrategy', 'powerpoint', 'tableau']

Salary is $",90000.00
"What is the annual salary for this role to the nearest dollar?

Title: Data Analyst

Description:
Company: Incedo Inc
Schedule: Full-time
Required Skills: Not specified

Salary is $",110000.00
"What is the annual salary for this role to the nearest dollar?

Title: Data Engineer

Description:
Company: Citi
Schedule: Full-time
Required Skills: ['mongodb', 'mongodb', 'sas', 'sas', 'snowflake', 'spring', 'hadoop', 'spark', 'kafka']

Salary is $",172015.00
"What is the annual salary for this role to the nearest dollar?

Title: Senior Data Engineer (Remote)

Description:
Company: Elsdon Consulting ltd
Schedule: Full-time
Required Skills: ['sql', 'python', 'c#', 'java', 'snowflake', 'redshift', 'bigquery', 'airflow', 'alteryx', 'tableau', 'unify']

Salary is $",135000.00
"What is the annual salary for this role to the nearest dollar?

Title: Data Analyst

Description:
Company: Citi
Schedule: Full-time
Required Skills: ['sas', 'sas', 'sql', 'sql server', 'oracle', 'sharepoint']

Salary is $",138615.00
"What is the annual salary for this role to the nearest dollar?

Title: Data Analyst

Description:
Company: Meta
Schedule: Full-time
Required Skills: ['sql', 'python', 'tableau']

Salary is $",179500.00
"What is the annual salary for this role to the nearest dollar?

Title: Business Analyst

Description:
Company: Apex Systems
Schedule: Contractor and Temp work
Required Skills: ['sql', 'python', 'swift', 'jira', 'confluence']

Salary is $",75000.00
"What is the annual salary for this role to the nearest dollar?

Title: Data Scientist

Description:
Company: Ethos
Schedule: Full-time
Required Skills: ['r', 'python']

Salary is $",157500.00
"What is the annual salary for this role to the nearest dollar?

Title: Data Analyst

Description:
Company: WorldFish
Schedule: Full-time
Required Skills: ['python', 'r', 'excel', 'spss', 'power bi', 'flow']

Salary is $",64800.00
"What is the annual salary for this role to the nearest dollar?

Title: Data Analyst

Description:
Company: iCapital
Schedule: Full-time
Required Skills: Not specified

Salary is $",72900.00
"What is the annual salary for this role to the nearest dollar?

Title: Senior Data Engineer (Remote)

Description:
Company: Charlton Morris
Schedule: Full-time
Required Skills: ['kotlin', 'java', 'sql', 'nosql', 'azure', 'splunk', 'atlassian', 'kubernetes', 'terraform', 'gitlab']

Salary is $",150000.00
"What is the annual salary for this role to the nearest dollar?

Title: Data Analyst

Description:
Company: CareFirst BlueCross BlueShield
Schedule: Full-time
Required Skills: ['c', 'excel']

Salary is $",115000.00
"What is the annual salary for this role to the nearest dollar?

Title: Data Scientist

Description:
Company: Information Resources, Inc
Schedule: Full-time
Required Skills: ['sql', 'r', 'python', 'c']

Salary is $",140122.00
"What is the annual salary for this role to the nearest dollar?

Title: Data Engineer

Description:
Company: National Grid (UK)
Schedule: Full-time
Required Skills: ['oracle']

Salary is $",96500.00
"What is the annual salary for this role to the nearest dollar?

Title: Senior Data Engineer

Description:
Company: TD Bank
Schedule: Full-time
Required Skills: ['go', 'python', 'sql', 'azure', 'databricks', 'pyspark', 'spark', 'flow', 'git']

Salary is $",125000.00
"What is the annual salary for this role to the nearest dollar?

Title: Data Analyst (Remote)

Description:
Company: Get It Recruit - Administrative
Schedule: Full-time
Required Skills: ['flow']

Salary is $",65000.00
"What is the annual salary for this role to the nearest dollar?

Title: Data Analyst

Description:
Company: UKG - Ultimate Kronos Group
Schedule: Full-time
Required Skills: ['sql', 'sql server', 'mysql', 'azure', 'sharepoint', 'power bi', 'visio', 'excel', 'ms access', 'cognos', 'smartsheet']

Salary is $",98038.00
"What is the annual salary for this role to the nearest dollar?

Title: Data Analyst (Remote)

Description:
Company: Driscoll's
Schedule: Full-time
Required Skills: ['sql', 'flow']

Salary is $",97000.00
"What is the annual salary for this role to the nearest dollar?

Title: Data Scientist (Remote)

Description:
Company: McKesson
Schedule: Full-time
Required Skills: ['sql', 'matlab', 'r', 'python', 'sas', 'sas', 'excel']

Salary is $",135000.00
"What is the annual salary for this role to the nearest dollar?

Title: Senior Data Engineer (Remote)

Description:
Company: hackajob
Schedule: Full-time
Required Skills: ['azure', 'kafka', 'kubernetes']

Salary is $",135000.00
"What is the annual salary for this role to the nearest dollar?

Title: Data Engineer

Description:
Company: NBCUniversal
Schedule: Full-time
Required Skills: ['scala', 'java', 'sql', 'nosql', 'spark', 'kafka', 'kubernetes']

Salary is $",180000.00
"What is the annual salary for this role to the nearest dollar?

Title: Data Scientist

Description:
Company: HTC Global Services
Schedule: Full-time
Required Skills: ['python', 'r', 'scala', 'java', 'sql', 'bigquery', 'gcp', 'hadoop', 'spark', 'qlik', 'looker']

Salary is $",90000.00
"What is the annual salary for this role to the nearest dollar?

Title: Senior Data Scientist

Description:
Company: HHS Careers
Schedule: Full-time and Part-time
Required Skills: ['sas', 'sas', 'r', 'tableau', 'spss']

Salary is $",135144.00
"What is the annual salary for this role to the nearest dollar?

Title: Data Scientist (Remote)

Description:
Company: Affinaquest Technologies, LLC
Schedule: Full-time
Required Skills: ['sql', 'python', 'sql server', 'azure', 'snowflake', 'airflow', 'pandas', 'numpy', 'scikit-learn', 'tableau']

Salary is $",187500.00
"What is the annual salary for this role to the nearest dollar?

Title: Data Analyst (Remote)

Description:
Company: LHH
Schedule: Full-time
Required Skills: ['sql', 'excel', 'tableau']

Salary is $",100000.00
"What is the annual salary for this role to the nearest dollar?

Title: Senior Data Engineer

Description:
Company: Zenput
Schedule: Full-time
Required Skills: ['sql', 'python', 'aws', 'linux']

Salary is $",90000.00
"What is the annual salary for this role to the nearest dollar?

Title: Data Engineer (Remote)

Description:
Company: Harnham
Schedule: Full-time
Required Skills: ['python', 'sql', 'snowflake', 'kafka', 'kubernetes']

Salary is $",205000.00
"What is the annual salary for this role to the nearest dollar?

Title: Data Analyst

Description:
Company: Tria Federal
Schedule: Full-time
Required Skills: ['sas', 'sas', 'r', 'python', 'javascript', 'sql', 'sqlite', 'excel', 'spss', 'tableau']

Salary is $",139000.00
"What is the annual salary for this role to the nearest dollar?

Title: Data Analyst

Description:
Company: Upward Health
Schedule: Full-time
Required Skills: ['sql', 'tableau', 'visio', 'jira']

Salary is $",115000.00
"What is the annual salary for this role to the nearest dollar?

Title: Software Engineer (Remote)

Description:
Company: Livedocs
Schedule: Full-time
Required Skills: ['typescript', 'sql', 'gcp', 'node']

Salary is $",140000.00
"What is the annual salary for this role to the nearest dollar?

Title: Data Engineer

Description:
Company: TIFIN
Schedule: Full-time
Required Skills: ['sql', 'python', 'mongodb', 'mongodb', 'aws', 'redshift', 'pyspark', 'airflow']

Salary is $",140000.00
"What is the annual salary for this role to the nearest dollar?

Title: Data Scientist

Description:
Company: Gameloft
Schedule: Full-time
Required Skills: ['python', 'sql', 'matplotlib', 'seaborn', 'tableau', 'power bi', 'svn']

Salary is $",132500.00
"What is the annual salary for this role to the nearest dollar?

Title: Senior Data Engineer

Description:
Company: Capital One
Schedule: Full-time
Required Skills: ['python', 'java', 'scala', 'nosql', 'sql', 'mongo', 'shell', 'mysql', 'cassandra', 'aws', 'snowflake', 'redshift', 'azure', 'hadoop', 'kafka', 'spark']

Salary is $",173500.00
"What is the annual salary for this role to the nearest dollar?

Title: Data Analyst

Description:
Company: Arkane Studios
Schedule: Full-time
Required Skills: ['sql', 'tableau', 'looker']

Salary is $",80000.00
"What is the annual salary for this role to the nearest dollar?

Title: Senior Data Scientist

Description:
Company: Thyme
Schedule: Full-time
Required Skills: ['python', 'scala', 'sql', 'swift', 'bigquery', 'spark', 'jupyter', 'git']

Salary is $",175000.00
"What is the annual salary for this role to the nearest dollar?

Title: Data Analyst (Remote)

Description:
Company: Scaleai
Schedule: Full-time
Required Skills: ['sql', 'python', 'tableau']

Salary is $",100000.00
"What is the annual salary for this role to the nearest dollar?

Title: Machine Learning Engineer (Remote)

Description:
Company: Altimate AI
Schedule: Full-time
Required Skills: ['typescript', 'sql', 'react', 'vue']

Salary is $",70000.00
"What is the annual salary for this role to the nearest dollar?

Title: Data Analyst

Description:
Company: Optomi
Schedule: Full-time
Required Skills: ['sql', 'power bi']

Salary is $",85000.00
"What is the annual salary for this role to the nearest dollar?

Title: Data Analyst

Description:
Company: Nesco Resource
Schedule: Full-time
Required Skills: ['cobol', 'db2', 'unix']

Salary is $",77500.00
"What is the annual salary for this role to the nearest dollar?

Title: Data Scientist

Description:
Company: Fingercheck
Schedule: Full-time
Required Skills: ['python', 'sql', 'tableau']

Salary is $",140000.00
"What is the annual salary for this role to the nearest dollar?

Title: Data Analyst (Remote)

Description:
Company: Jobot
Schedule: Full-time
Required Skills: ['sql', 'python', 'tableau']

Salary is $",117500.00
"What is the annual salary for this role to the nearest dollar?

Title: Data Scientist

Description:
Company: Brooksource
Schedule: Contractor
Required Skills: ['python', 'c#', 'sharepoint', 'zoom']

Salary is $",190000.00
"What is the annual salary for this role to the nearest dollar?

Title: Data Analyst

Description:
Company: Teradyne
Schedule: Full-time
Required Skills: ['sql', 'oracle', 'excel', 'flow']

Salary is $",90000.00
"What is the annual salary for this role to the nearest dollar?

Title: Data Engineer

Description:
Company: Wells Fargo
Schedule: Full-time
Required Skills: ['sql', 'sql server', 'jira']

Salary is $",90000.00
"What is the annual salary for this role to the nearest dollar?

Title: Machine Learning Engineer (Remote)

Description:
Company: MongoDB
Schedule: Full-time
Required Skills: ['mongodb', 'mongodb', 'python']

Salary is $",222000.00
"What is the annual salary for this role to the nearest dollar?

Title: Senior Data Engineer

Description:
Company: Supernal
Schedule: Full-time
Required Skills: ['sql', 'python', 'java', 'scala', 'snowflake', 'databricks', 'azure', 'docker']

Salary is $",166000.00
"What is the annual salary for this role to the nearest dollar?

Title: Machine Learning Engineer

Description:
Company: BigCommerce
Schedule: Full-time
Required Skills: ['sql', 'python', 'r', 'azure']

Salary is $",137388.00
"What is the annual salary for this role to the nearest dollar?

Title: Data Analyst

Description:
Company: New Hampshire Judicial Branch
Schedule: Full-time
Required Skills: ['sql', 'excel']

Salary is $",92460.00
"What is the annual salary for this role to the nearest dollar?

Title: Data Scientist

Description:
Company: Sia Partners
Schedule: Full-time
Required Skills: ['r', 'sql', 'python', 'tableau']

Salary is $",103000.00
"What is the annual salary for this role to the nearest dollar?

Title: Data Scientist

Description:
Company: Boeing
Schedule: Full-time
Required Skills: ['sql', 'python', 'azure', 'gcp']

Salary is $",157375.00
"What is the annual salary for this role to the nearest dollar?

Title: Data Analyst (Remote)

Description:
Company: Ascendo Resources
Schedule: Full-time
Required Skills: ['sas', 'sas', 'word', 'excel']

Salary is $",57300.00
"What is the annual salary for this role to the nearest dollar?

Title: Data Scientist

Description:
Company: Leidos
Schedule: Full-time
Required Skills: ['sql', 'python', 'r', 'aws', 'tidyverse', 'matplotlib', 'tableau', 'git']

Salary is $",150000.00
"What is the annual salary for this role to the nearest dollar?

Title: Data Engineer

Description:
Company: Alter Solutions
Schedule: Full-time
Required Skills: ['sas', 'sas', 'sql', 'sql server', 'alteryx']

Salary is $",134241.00
"What is the annual salary for this role to the nearest dollar?

Title: Data Scientist

Description:
Company: US Department of the Treasury
Schedule: Full-time
Required Skills: Not specified

Salary is $",82830.00
"What is the annual salary for this role to the nearest dollar?

Title: Data Scientist

Description:
Company: CCRi
Schedule: Full-time
Required Skills: ['aws', 'azure', 'jira']

Salary is $",141500.00
"What is the annual salary for this role to the nearest dollar?

Title: Data Analyst

Description:
Company: Harvard Strategic Data Project
Schedule: Full-time
Required Skills: ['word', 'slack']

Salary is $",82500.00
"What is the annual salary for this role to the nearest dollar?

Title: Data Engineer

Description:
Company: Travelers
Schedule: Full-time
Required Skills: ['sql', 'aws', 'ssis']

Salary is $",109100.00
"What is the annual salary for this role to the nearest dollar?

Title: Senior Data Scientist

Description:
Company: Burtch Works
Schedule: Full-time
Required Skills: ['python', 'pytorch']

Salary is $",180000.00
"What is the annual salary for this role to the nearest dollar?

Title: Data Engineer (Remote)

Description:
Company: Union Home Mortgage Corp.
Schedule: Full-time
Required Skills: ['sql', 'excel', 'flow']

Salary is $",125000.00
"What is the annual salary for this role to the nearest dollar?

Title: Data Scientist

Description:
Company: Citizens Bank
Schedule: Full-time
Required Skills: ['sas', 'sas', 'r']

Salary is $",135519.00
"What is the annual salary for this role to the nearest dollar?

Title: Machine Learning Engineer

Description:
Company: Aisera
Schedule: Full-time
Required Skills: ['python', 'r', 'java', 'nosql', 'tensorflow', 'pytorch', 'scikit-learn', 'hadoop', 'kafka', 'spark']

Salary is $",89100.00
"What is the annual salary for this role to the nearest dollar?

Title: Data Scientist

Description:
Company: Meta
Schedule: Full-time
Required Skills: ['sql', 'python', 'r']

Salary is $",167500.00
"What is the annual salary for this role to the nearest dollar?

Title: Data Analyst

Description:
Company: UKG (Ultimate Kronos Group)
Schedule: Full-time
Required Skills: ['r', 'python', 'sql', 'alteryx', 'power bi', 'dax']

Salary is $",133142.00
"What is the annual salary for this role to the nearest dollar?

Title: Data Engineer

Description:
Company: FoundIT
Schedule: Full-time
Required Skills: ['python', 'nosql', 'sql', 'mysql', 'oracle', 'hadoop', 'spark', 'kafka']

Salary is $",200000.00
"What is the annual salary for this role to the nearest dollar?

Title: Senior Data Engineer

Description:
Company: OneGlobe
Schedule: Full-time
Required Skills: ['sql', 'python', 'java', 'postgresql', 'sql server', 'aws', 'oracle', 'node.js']

Salary is $",147500.00
"What is the annual salary for this role to the nearest dollar?

Title: Data Engineer

Description:
Company: Rappi
Schedule: Full-time
Required Skills: ['sql', 'python', 'aws', 'snowflake', 'azure', 'airflow', 'kubernetes']

Salary is $",156500.00
"What is the annual salary for this role to the nearest dollar?

Title: Data Scientist (Remote)

Description:
Company: Robert Half
Schedule: Full-time
Required Skills: ['python', 'r', 'sql', 'tableau', 'power bi']

Salary is $",145000.00
"What is the annual salary for this role to the nearest dollar?

Title: Data Scientist

Description:
Company: Glocomms
Schedule: Full-time
Required Skills: ['python', 'r', 'aws', 'azure', 'hadoop', 'spark']

Salary is $",337500.00
"What is the annual salary for this role to the nearest dollar?

Title: Data Scientist

Description:
Company: Tinder
Schedule: Full-time
Required Skills: ['sql', 'python', 'r', 'databricks', 'spark', 'tableau']

Salary is $",122500.00
"What is the annual salary for this role to the nearest dollar?

Title: Senior Data Engineer

Description:
Company: Ubiety
Schedule: Full-time
Required Skills: ['sql', 'nosql', 'redis', 'cassandra', 'snowflake', 'aws', 'gcp', 'kafka', 'git']

Salary is $",162500.00
"What is the annual salary for this role to the nearest dollar?

Title: Data Analyst

Description:
Company: California State University
Schedule: Full-time
Required Skills: Not specified

Salary is $",67500.00
"What is the annual salary for this role to the nearest dollar?

Title: Business Analyst

Description:
Company: RFA
Schedule: Full-time
Required Skills: ['sql', 'python', 'r', 'snowflake', 'aws', 'azure', 'tableau', 'excel', 'power bi']

Salary is $",105000.00
"What is the annual salary for this role to the nearest dollar?

Title: Data Analyst

Description:
Company: Unacast
Schedule: Full-time
Required Skills: ['python', 'sql', 'go', 'bigquery', 'gcp', 'matplotlib', 'git']

Salary is $",98500.00
"What is the annual salary for this role to the nearest dollar?

Title: Data Engineer (Remote)

Description:
Company: Get It Recruit - Information Technology
Schedule: Full-time
Required Skills: ['python', 'java', 'elasticsearch', 'aws', 'kafka', 'flow']

Salary is $",116000.00
"What is the annual salary for this role to the nearest dollar?

Title: Senior Data Scientist

Description:
Company: TikTok
Schedule: Full-time
Required Skills: ['sql', 'flow']

Salary is $",349500.00
"What is the annual salary for this role to the nearest dollar?

Title: Data Engineer

Description:
Company: Capital One
Schedule: Full-time
Required Skills: ['sql', 'java', 'scala', 'python', 'nosql', 'shell', 'mongo', 'cassandra', 'databricks', 'redshift', 'snowflake', 'aws', 'azure', 'hadoop', 'kafka', 'spark']

Salary is $",211000.00
"What is the annual salary for this role to the nearest dollar?

Title: Data Analyst

Description:
Company: Semper Home Loans
Schedule: Full-time
Required Skills: Not specified

Salary is $",45000.00
"What is the annual salary for this role to the nearest dollar?

Title: Data Analyst (Remote)

Description:
Company: Insight Global
Schedule: Contractor
Required Skills: ['colocation']

Salary is $",67500.00
"What is the annual salary for this role to the nearest dollar?

Title: Data Scientist

Description:
Company: INTEL
Schedule: Full-time
Required Skills: Not specified

Salary is $",114500.00
"What is the annual salary for this role to the nearest dollar?

Title: Data Analyst

Description:
Company: SNC-Lavalin
Schedule: Full-time
Required Skills: ['sql', 'python', 'word', 'powerpoint', 'excel', 'outlook', 'visio', 'sharepoint']

Salary is $",90000.00
"What is the annual salary for this role to the nearest dollar?

Title: Data Analyst

Description:
Company: ULTA Salon, Cosmetics & Fragrance, Inc
Schedule: Full-time
Required Skills: ['sql']

Salary is $",90000.00
"What is the annual salary for this role to the nearest dollar?

Title: Data Analyst

Description:
Company: Robert Half
Schedule: Full-time
Required Skills: ['sql', 'python', 'tableau']

Salary is $",105000.00
"What is the annual salary for this role to the nearest dollar?

Title: Data Scientist

Description:
Company: Leidos
Schedule: Full-time
Required Skills: ['sas', 'sas', 'r', 'spss']

Salary is $",80025.00
"What is the annual salary for this role to the nearest dollar?

Title: Senior Data Engineer

Description:
Company: Hill Search
Schedule: Full-time
Required Skills: ['python', 'sql', 'snowflake', 'azure', 'docker', 'terraform']

Salary is $",165000.00
"What is the annual salary for this role to the nearest dollar?

Title: Data Scientist

Description:
Company: FARM
Schedule: Full-time
Required Skills: ['react', 'excel', 'word', 'powerpoint', 'spss']

Salary is $",67500.00
"What is the annual salary for this role to the nearest dollar?

Title: Data Engineer

Description:
Company: MassMutual
Schedule: Full-time
Required Skills: ['python', 'java', 'scala', 'sql', 'shell', 'oracle', 'aws', 'redshift', 'kafka', 'unix']

Salary is $",121500.00
"What is the annual salary for this role to the nearest dollar?

Title: Senior Data Scientist

Description:
Company: Oracle
Schedule: Full-time
Required Skills: ['python', 'go', 'mysql', 'oracle']

Salary is $",186000.00
"What is the annual salary for this role to the nearest dollar?

Title: Data Analyst (Remote)

Description:
Company: Get It Recruit - Information Technology
Schedule: Full-time
Required Skills: ['sql', 'excel', 'tableau', 'flow']

Salary is $",84000.00
"What is the annual salary for this role to the nearest dollar?

Title: Data Analyst

Description:
Company: Boston Hire
Schedule: Full-time
Required Skills: ['sql', 'excel']

Salary is $",70000.00
"What is the annual salary for this role to the nearest dollar?

Title: Software Engineer

Description:
Company: Insight Global
Schedule: Full-time
Required Skills: ['snowflake', 'power bi']

Salary is $",100000.00
"What is the annual salary for this role to the nearest dollar?

Title: Data Engineer

Description:
Company: Ledgent Technology
Schedule: Full-time
Required Skills: ['sql', 'nosql', 'mongodb', 'mongodb', 'python', 'golang', 'java', 'c++', 'scala', 'databricks', 'aws', 'redshift', 'snowflake', 'spark', 'airflow', 'kafka', 'flow']

Salary is $",125000.00
"What is the annual salary for this role to the nearest dollar?

Title: Data Analyst

Description:
Company: Discover Financial Services
Schedule: Full-time
Required Skills: ['sas', 'sas', 'r', 'python', 'sql', 'nosql', 'aws', 'snowflake', 'unix']

Salary is $",74000.00
"What is the annual salary for this role to the nearest dollar?

Title: Data Scientist

Description:
Company: Veritaz IT Tech
Schedule: Full-time
Required Skills: ['python', 'sql', 'aws']

Salary is $",165000.00
"What is the annual salary for this role to the nearest dollar?

Title: Data Analyst

Description:
Company: Bosch Group
Schedule: Full-time
Required Skills: ['sap']

Salary is $",79200.00
"What is the annual salary for this role to the nearest dollar?

Title: Senior Data Analyst (Remote)

Description:
Company: Caterpillar
Schedule: Full-time
Required Skills: ['sql', 'java', 'html', 'power bi', 'tableau', 'excel']

Salary is $",148290.00
"What is the annual salary for this role to the nearest dollar?

Title: Senior Data Engineer (Remote)

Description:
Company: KP Recruiting Group
Schedule: Full-time
Required Skills: ['go', 'sql', 'scala', 'python', 'mysql', 'redshift', 'oracle', 'react', 'kafka', 'spark', 'sharepoint', 'github', 'kubernetes']

Salary is $",165000.00
"What is the annual salary for this role to the nearest dollar?

Title: Data Analyst (Remote)

Description:
Company: Acosta, Inc.
Schedule: Full-time
Required Skills: ['windows', 'excel', 'word', 'powerpoint', 'power bi']

Salary is $",52500.00
"What is the annual salary for this role to the nearest dollar?

Title: Senior Data Engineer

Description:
Company: Vattenfall
Schedule: Full-time
Required Skills: ['sql', 'azure', 'power bi']

Salary is $",147500.00
"What is the annual salary for this role to the nearest dollar?

Title: Data Engineer

Description:
Company: The Walt Disney Company
Schedule: Full-time
Required Skills: ['sql', 'python', 'dynamodb', 'snowflake', 'redshift', 'databricks', 'spark', 'airflow', 'pyspark']

Salary is $",201500.00
"What is the annual salary for this role to the nearest dollar?

Title: Data Scientist

Description:
Company: WinWire
Schedule: Full-time
Required Skills: Not specified

Salary is $",99486.00
"What is the annual salary for this role to the nearest dollar?

Title: Data Scientist

Description:
Company: Booz Allen Hamilton
Schedule: Full-time
Required Skills: ['r', 'python', 'sql', 'nosql', 'sas', 'sas', 'excel', 'github']

Salary is $",119550.00
"What is the annual salary for this role to the nearest dollar?

Title: Senior Data Engineer

Description:
Company: Harnham
Schedule: Full-time
Required Skills: ['python', 'aws', 'azure', 'gcp', 'docker', 'kubernetes']

Salary is $",150000.00
"What is the annual salary for this role to the nearest dollar?

Title: Data Analyst

Description:
Company: Citi
Schedule: Full-time
Required Skills: ['outlook']

Salary is $",82430.00
"What is the annual salary for this role to the nearest dollar?

Title: Senior Data Analyst

Description:
Company: Capco
Schedule: Full-time
Required Skills: Not specified

Salary is $",89100.00
"What is the annual salary for this role to the nearest dollar?

Title: Data Analyst

Description:
Company: Intercontinental Exchange
Schedule: Full-time
Required Skills: ['excel', 'tableau']

Salary is $",75000.00
"What is the annual salary for this role to the nearest dollar?

Title: Data Scientist

Description:
Company: CVS Health
Schedule: Full-time
Required Skills: ['r', 'python', 'sql']

Salary is $",105000.00
"What is the annual salary for this role to the nearest dollar?

Title: Machine Learning Engineer

Description:
Company: Toast
Schedule: Full-time
Required Skills: ['python', 'shell', 'dynamodb', 'aws', 'scikit-learn', 'tensorflow', 'pytorch', 'spark', 'airflow', 'git', 'terraform']

Salary is $",166000.00
"What is the annual salary for this role to the nearest dollar?

Title: Data Analyst

Description:
Company: Catholic Guardian Services
Schedule: Full-time
Required Skills: ['tableau', 'excel']

Salary is $",57500.00
"What is the annual salary for this role to the nearest dollar?

Title: Data Engineer

Description:
Company: Frost Bank
Schedule: Full-time
Required Skills: ['python', 'java', 'sql', 'nosql', 'spark', 'hadoop']

Salary is $",90000.00
"What is the annual salary for this role to the nearest dollar?

Title: Data Analyst

Description:
Company: Columbia University
Schedule: Full-time
Required Skills: ['sas', 'sas']

Salary is $",60500.00
"What is the annual salary for this role to the nearest dollar?

Title: Data Engineer

Description:
Company: Booz Allen Hamilton
Schedule: Full-time
Required Skills: ['scala', 'java', 'shell', 'nosql', 'mongodb', 'mongodb', 'cassandra', 'mysql', 'databricks', 'aws', 'redshift', 'azure', 'snowflake', 'spark', 'hadoop', 'kafka']

Salary is $",119500.00
"What is the annual salary for this role to the nearest dollar?

Title: Senior Data Scientist

Description:
Company: Wells Fargo
Schedule: Full-time
Required Skills: Not specified

Salary is $",222000.00
"What is the annual salary for this role to the nearest dollar?

Title: Data Scientist

Description:
Company: Insight Global
Schedule: Full-time
Required Skills: ['python', 'sql', 'r', 'scala', 'java', 'c++', 'sas', 'sas', 'aws', 'pandas', 'numpy', 'scikit-learn', 'spark', 'ggplot2', 'tableau', 'power bi']

Salary is $",125000.00
"What is the annual salary for this role to the nearest dollar?

Title: Senior Data Analyst

Description:
Company: GrayHawk Health
Schedule: Full-time
Required Skills: ['python', 'sas', 'sas', 'sql', 'power bi']

Salary is $",95000.00
"What is the annual salary for this role to the nearest dollar?

Title: Data Analyst

Description:
Company: Sutherland
Schedule: Full-time
Required Skills: ['sql', 'sql server', 'oracle', 'azure', 'ssis']

Salary is $",79200.00
"What is the annual salary for this role to the nearest dollar?

Title: Data Scientist (Remote)

Description:
Company: Marriott
Schedule: Full-time
Required Skills: ['python', 'r', 'sql', 'aws', 'azure', 'gcp', 'spark', 'git']

Salary is $",184875.00
"What is the annual salary for this role to the nearest dollar?

Title: Senior Data Engineer

Description:
Company: Capital One
Schedule: Full-time
Required Skills: ['python', 'java', 'scala', 'nosql', 'sql', 'mongo', 'shell', 'mysql', 'cassandra', 'redshift', 'snowflake', 'aws', 'azure', 'spark', 'pyspark', 'airflow', 'hadoop', 'kafka']

Salary is $",173500.00
"What is the annual salary for this role to the nearest dollar?

Title: Senior Data Scientist

Description:
Company: HHS Careers
Schedule: Full-time and Part-time
Required Skills: ['sas', 'sas', 'r', 'tableau', 'spss']

Salary is $",135144.00
"What is the annual salary for this role to the nearest dollar?

Title: Data Analyst

Description:
Company: Acadia Technologies, Inc.
Schedule: Full-time
Required Skills: ['sql']

Salary is $",80000.00
"What is the annual salary for this role to the nearest dollar?

Title: Data Scientist

Description:
Company: Citi
Schedule: Full-time
Required Skills: ['sas', 'sas', 'r', 'python']

Salary is $",151950.00
"What is the annual salary for this role to the nearest dollar?

Title: Senior Data Analyst

Description:
Company: SCAN Health Plan
Schedule: Full-time and Part-time
Required Skills: ['sas', 'sas', 'sql', 'excel']

Salary is $",120200.00
"What is the annual salary for this role to the nearest dollar?

Title: Software Engineer

Description:
Company: TikTok
Schedule: Full-time
Required Skills: ['go']

Salary is $",260775.00
"What is the annual salary for this role to the nearest dollar?

Title: Data Analyst

Description:
Company: Harnham
Schedule: Full-time
Required Skills: ['sql', 'tableau', 'looker']

Salary is $",85000.00
"What is the annual salary for this role to the nearest dollar?

Title: Senior Data Analyst

Description:
Company: National Grid
Schedule: Full-time
Required Skills: ['sql', 'sql server', 'snowflake', 'power bi', 'ssis', 'excel', 'word', 'powerpoint', 'visio']

Salary is $",95500.00
"What is the annual salary for this role to the nearest dollar?

Title: Data Engineer

Description:
Company: Torc Robotics
Schedule: Full-time
Required Skills: ['python', 'javascript', 'aws', 'gcp', 'azure', 'linux', 'terraform', 'zoom', 'slack']

Salary is $",97444.00
"What is the annual salary for this role to the nearest dollar?

Title: Data Scientist

Description:
Company: Skillz
Schedule: Full-time
Required Skills: ['python', 'r', 'sql']

Salary is $",135000.00
"What is the annual salary for this role to the nearest dollar?

Title: Data Scientist

Description:
Company: Wal-Mart
Schedule: Full-time
Required Skills: Not specified

Salary is $",144000.00
"What is the annual salary for this role to the nearest dollar?

Title: Data Scientist

Description:
Company: Conquest Consulting
Schedule: Full-time
Required Skills: ['sql', 'python', 'r', 'julia', 'matlab', 'c++', 'java', 'word', 'excel', 'outlook', 'tableau']

Salary is $",90000.00
"What is the annual salary for this role to the nearest dollar?

Title: Data Scientist

Description:
Company: Direct Auto Insurance
Schedule: Full-time
Required Skills: Not specified

Salary is $",83750.00
"What is the annual salary for this role to the nearest dollar?

Title: Machine Learning Engineer

Description:
Company: TripAdvisor
Schedule: Full-time
Required Skills: ['python', 'sql', 'spark']

Salary is $",185000.00
"What is the annual salary for this role to the nearest dollar?

Title: Senior Data Analyst

Description:
Company: Uber
Schedule: Full-time
Required Skills: ['python', 'sql', 'hadoop', 'spark', 'looker', 'tableau']

Salary is $",120000.00
"What is the annual salary for this role to the nearest dollar?

Title: Senior Data Analyst

Description:
Company: PatientPoint
Schedule: Full-time
Required Skills: ['sql', 'html', 'css', 'javascript', 'python', 'tableau', 'cognos']

Salary is $",99150.00
"What is the annual salary for this role to the nearest dollar?

Title: Senior Data Analyst

Description:
Company: Stryker Corporation
Schedule: Full-time
Required Skills: ['go', 'sql', 'power bi', 'excel', 'dax']

Salary is $",115000.00
"What is the annual salary for this role to the nearest dollar?

Title: Data Analyst

Description:
Company: SAIC
Schedule: Full-time
Required Skills: ['r', 'python', 'sql', 'vba', 'power bi', 'tableau', 'excel']

Salary is $",75000.00
"What is the annual salary for this role to the nearest dollar?

Title: Data Analyst

Description:
Company: EARLY LEARNING COALITION OF HILLSBOROUGH COUNTY
Schedule: Full-time
Required Skills: ['tableau']

Salary is $",50388.00
"What is the annual salary for this role to the nearest dollar?

Title: Data Engineer

Description:
Company: Skywalk Global
Schedule: Full-time
Required Skills: ['python', 'scala', 'java', 'c#', 'azure']

Salary is $",130000.00
"What is the annual salary for this role to the nearest dollar?

Title: Data Scientist

Description:
Company: TikTok
Schedule: Full-time
Required Skills: ['sql', 'r', 'python', 'express']

Salary is $",228222.00
"What is the annual salary for this role to the nearest dollar?

Title: Senior Data Analyst

Description:
Company: Citi
Schedule: Full-time
Required Skills: ['sql']

Salary is $",170875.00
"What is the annual salary for this role to the nearest dollar?

Title: Senior Data Scientist

Description:
Company: Fidelity Investments
Schedule: Full-time
Required Skills: ['python', 'sql', 'r', 'go', 'aws', 'spark', 'tensorflow', 'pytorch']

Salary is $",143000.00
"What is the annual salary for this role to the nearest dollar?

Title: Data Scientist (Remote)

Description:
Company: Northrop Grumman Federal Credit Union (NGFCU)
Schedule: Full-time
Required Skills: ['python', 'sql', 'azure', 'aws', 'tableau']

Salary is $",123984.00
"What is the annual salary for this role to the nearest dollar?

Title: Data Engineer

Description:
Company: proit-inc
Schedule: Full-time
Required Skills: ['nosql', 'sql', 'dynamodb', 'redshift', 'gcp', 'aws', 'hadoop', 'spark', 'kafka', 'splunk', 'git', 'jira']

Salary is $",95377.00
"What is the annual salary for this role to the nearest dollar?

Title: Data Scientist

Description:
Company: IBM
Schedule: Full-time
Required Skills: ['go', 'java', 'python', 'ibm cloud', 'express']

Salary is $",150000.00
"What is the annual salary for this role to the nearest dollar?

Title: Data Engineer

Description:
Company: CGI
Schedule: Full-time
Required Skills: ['sql', 'python', 'c', 'sql server', 'mysql', 'postgresql', 'oracle', 'redshift', 'snowflake', 'bigquery', 'azure', 'aws', 'databricks', 'kafka', 'tableau', 'power bi', 'looker', 'jenkins']

Salary is $",135000.00
"What is the annual salary for this role to the nearest dollar?

Title: Senior Data Scientist

Description:
Company: iLoF - Intelligent Lab on Fiber
Schedule: Full-time
Required Skills: ['go', 'python', 'matlab', 'julia']

Salary is $",149653.00
"What is the annual salary for this role to the nearest dollar?

Title: Business Analyst

Description:
Company: KORE1
Schedule: Full-time
Required Skills: ['vba', 'sql', 'visio', 'flow']

Salary is $",110000.00
"What is the annual salary for this role to the nearest dollar?

Title: Data Analyst

Description:
Company: Eclaro
Schedule: Full-time
Required Skills: ['react']

Salary is $",117500.00
"What is the annual salary for this role to the nearest dollar?

Title: Senior Data Scientist

Description:
Company: Guidehouse
Schedule: Full-time
Required Skills: ['python', 'r', 'sas', 'sas', 'sql', 'azure', 'gcp', 'aws', 'excel', 'power bi', 'looker', 'git', 'docker', 'kubernetes']

Salary is $",112450.00
"What is the annual salary for this role to the nearest dollar?

Title: Data Scientist (Remote)

Description:
Company: Averity
Schedule: Full-time
Required Skills: ['sas', 'sas']

Salary is $",250000.00
"What is the annual salary for this role to the nearest dollar?

Title: Data Engineer

Description:
Company: Global Tech Staffing
Schedule: Full-time
Required Skills: ['sql', 'python', 'java', 'scala', 'aws', 'hadoop', 'spark']

Salary is $",140000.00
"What is the annual salary for this role to the nearest dollar?

Title: Senior Data Engineer

Description:
Company: Capgemini
Schedule: Full-time
Required Skills: ['python', 'scala', 'azure', 'aws', 'gcp', 'databricks', 'spark', 'airflow']

Salary is $",154000.00
"What is the annual salary for this role to the nearest dollar?

Title: Data Analyst

Description:
Company: Robert Half
Schedule: Full-time
Required Skills: ['sql', 'excel', 'sheets', 'tableau']

Salary is $",100000.00
"What is the annual salary for this role to the nearest dollar?

Title: Data Engineer

Description:
Company: Suvida Healthcare
Schedule: Full-time
Required Skills: ['python', 'java', 'scala', 'sql', 'azure', 'redshift', 'snowflake', 'oracle', 'hadoop', 'spark']

Salary is $",123117.00
"What is the annual salary for this role to the nearest dollar?

Title: Senior Data Analyst

Description:
Company: Tesla, Inc
Schedule: Full-time
Required Skills: ['tableau', 'power bi']

Salary is $",115000.00
"What is the annual salary for this role to the nearest dollar?

Title: Data Engineer

Description:
Company: National Geospatial-Intelligence Agency
Schedule: Full-time
Required Skills: ['python', 'r', 'java', 'c', 'bash', 'powershell', 'nosql', 'mongodb', 'mongodb', 'elasticsearch', 'mysql', 'postgresql', 'aws', 'oracle', 'kubernetes', 'terraform', 'ansible']

Salary is $",100694.00
"What is the annual salary for this role to the nearest dollar?

Title: Data Scientist

Description:
Company: Datadog
Schedule: Full-time
Required Skills: ['typescript', 'react']

Salary is $",200000.00
"What is the annual salary for this role to the nearest dollar?

Title: Data Analyst

Description:
Company: Addepar
Schedule: Full-time
Required Skills: ['vba', 'sql', 'python', 'excel', 'jira']

Salary is $",89100.00
"What is the annual salary for this role to the nearest dollar?

Title: Data Analyst

Description:
Company: PayPal
Schedule: Full-time
Required Skills: ['sql', 'python', 'hadoop', 'excel', 'powerpoint', 'flow']

Salary is $",167508.00
"What is the annual salary for this role to the nearest dollar?

Title: Data Scientist

Description:
Company: Blackpoint Cyber
Schedule: Full-time
Required Skills: ['python', 'r', 'java']

Salary is $",90000.00
"What is the annual salary for this role to the nearest dollar?

Title: Senior Data Scientist

Description:
Company: Northrop Grumman
Schedule: Full-time
Required Skills: ['sql', 'python', 'r', 'aws', 'oracle', 'sap', 'tableau']

Salary is $",150000.00
"What is the annual salary for this role to the nearest dollar?

Title: Machine Learning Engineer

Description:
Company: Constellation Technologies
Schedule: Full-time
Required Skills: ['aws', 'tensorflow', 'linux', 'docker', 'kubernetes']

Salary is $",80850.00
"What is the annual salary for this role to the nearest dollar?

Title: Data Scientist

Description:
Company: UnitedHealth Group
Schedule: Full-time
Required Skills: ['python', 'scala', 'sql', 'snowflake', 'azure', 'tensorflow', 'keras', 'scikit-learn', 'spark', 'pyspark', 'unix', 'tableau', 'power bi', 'github']

Salary is $",126000.00
"What is the annual salary for this role to the nearest dollar?

Title: Data Engineer

Description:
Company: Metyis
Schedule: Full-time
Required Skills: ['r', 'python', 'java', 'sql', 'bash', 'azure', 'databricks', 'aws', 'pyspark', 'hadoop', 'spark', 'unix', 'terraform', 'git', 'gitlab']

Salary is $",249000.00
"What is the annual salary for this role to the nearest dollar?

Title: Senior Data Analyst (Remote)

Description:
Company: Ryder System
Schedule: Full-time
Required Skills: ['sql', 'python', 'r', 'bigquery', 'gcp', 'tableau']

Salary is $",87500.00
"What is the annual salary for this role to the nearest dollar?

Title: Data Analyst

Description:
Company: AppFolio
Schedule: Full-time
Required Skills: ['aws']

Salary is $",115000.00
"What is the annual salary for this role to the nearest dollar?

Title: Data Scientist

Description:
Company: UGN, Inc.
Schedule: Full-time
Required Skills: ['c', 'oracle']

Salary is $",75000.00
"What is the annual salary for this role to the nearest dollar?

Title: Data Scientist

Description:
Company: Booz Allen Hamilton
Schedule: Full-time and Part-time
Required Skills: ['python', 'sql', 'r', 'scala', 'power bi', 'tableau', 'qlik']

Salary is $",152650.00
"What is the annual salary for this role to the nearest dollar?

Title: Data Engineer (Remote)

Description:
Company: AtomicJar, Inc.
Schedule: Full-time
Required Skills: ['sql', 'postgresql', 'redhat', 'excel', 'flow']

Salary is $",100000.00
"What is the annual salary for this role to the nearest dollar?

Title: Data Engineer

Description:
Company: Allstate Insurance Company
Schedule: Full-time
Required Skills: ['r', 'python', 'sql', 'bash', 'spark', 'linux', 'excel', 'docker']

Salary is $",134775.00
"What is the annual salary for this role to the nearest dollar?

Title: Data Analyst

Description:
Company: Nationwide IT Services, Inc
Schedule: Full-time
Required Skills: ['r', 'sas', 'sas']

Salary is $",116000.00
"What is the annual salary for this role to the nearest dollar?

Title: Data Analyst

Description:
Company: Frontier Communications
Schedule: Full-time
Required Skills: ['python', 'pandas', 'excel', 'alteryx']

Salary is $",118965.00
"What is the annual salary for this role to the nearest dollar?

Title: Software Engineer

Description:
Company: ServiceNow
Schedule: Full-time
Required Skills: ['javascript', 'java', 'sql', 'hadoop']

Salary is $",99150.00
"What is the annual salary for this role to the nearest dollar?

Title: Senior Data Scientist

Description:
Company: Hippo Insurance
Schedule: Full-time
Required Skills: ['python', 'sql']

Salary is $",212000.00
"What is the annual salary for this role to the nearest dollar?

Title: Data Scientist

Description:
Company: Facebook App
Schedule: Full-time
Required Skills: ['sql', 'python', 'r', 'go', 'c++']

Salary is $",198500.00
"What is the annual salary for this role to the nearest dollar?

Title: Senior Data Analyst

Description:
Company: Publicis Groupe
Schedule: Full-time
Required Skills: Not specified

Salary is $",111175.00
"What is the annual salary for this role to the nearest dollar?

Title: Data Engineer

Description:
Company: Kiss Products, Inc.
Schedule: Full-time
Required Skills: ['sql', 'python', 'r', 'java', 'c', 'c++', 'aws', 'azure', 'snowflake', 'bigquery', 'hadoop', 'power bi', 'flow']

Salary is $",125000.00
"What is the annual salary for this role to the nearest dollar?

Title: Data Analyst

Description:
Company: LHH
Schedule: Full-time
Required Skills: ['python', 'azure', 'aws', 'power bi', 'excel']

Salary is $",92500.00
"What is the annual salary for this role to the nearest dollar?

Title: Data Scientist

Description:
Company: Syngenta Group
Schedule: Contractor
Required Skills: ['no-sql', 'mongodb', 'mongodb', 'neo4j', 'airflow', 'linux']

Salary is $",69962.00
"What is the annual salary for this role to the nearest dollar?

Title: Data Scientist

Description:
Company: DIRECTV
Schedule: Full-time
Required Skills: ['sql', 'windows', 'excel']

Salary is $",75000.00
"What is the annual salary for this role to the nearest dollar?

Title: Data Scientist

Description:
Company: LexisNexis Group
Schedule: Full-time
Required Skills: ['python', 'r', 'scala', 'sql', 'sql server', 'pandas', 'scikit-learn', 'numpy', 'pytorch', 'pyspark']

Salary is $",90000.00
"What is the annual salary for this role to the nearest dollar?

Title: Senior Data Engineer

Description:
Company: NYC Careers
Schedule: Full-time
Required Skills: ['python', 'scala', 'java', 'sql', 'go', 'kafka', 'spark', 'linux', 'flow']

Salary is $",140000.00
"What is the annual salary for this role to the nearest dollar?

Title: Data Scientist

Description:
Company: Visa
Schedule: Full-time
Required Skills: ['sas', 'sas', 'python', 'sql', 'spark', 'hadoop']

Salary is $",132500.00
"What is the annual salary for this role to the nearest dollar?

Title: Data Scientist

Description:
Company: CVS Health
Schedule: Full-time
Required Skills: ['r', 'python', 'sql']

Salary is $",105000.00
"What is the annual salary for this role to the nearest dollar?

Title: Data Scientist

Description:
Company: Uni Systems
Schedule: Full-time
Required Skills: ['python', 'sql', 'nosql', 'selenium', 'gitlab']

Salary is $",88128.00
"What is the annual salary for this role to the nearest dollar?

Title: Data Analyst

Description:
Company: Health, Department of
Schedule: Full-time
Required Skills: ['r', 'excel']

Salary is $",69591.00
"What is the annual salary for this role to the nearest dollar?

Title: Data Scientist

Description:
Company: T-Mobile
Schedule: Full-time
Required Skills: ['python', 'sql', 'r', 'azure', 'aws', 'pyspark', 'pandas', 'numpy', 'scikit-learn', 'hadoop', 'spark', 'kafka']

Salary is $",169500.00
"What is the annual salary for this role to the nearest dollar?

Title: Data Scientist

Description:
Company: Exelon Corporation
Schedule: Full-time
Required Skills: ['python', 'r', 'scala', 'azure', 'hadoop', 'unix']

Salary is $",125000.00
"What is the annual salary for this role to the nearest dollar?

Title: Data Scientist

Description:
Company: Federal Aviation Administration
Schedule: Full-time
Required Skills: Not specified

Salary is $",33488.00
"What is the annual salary for this role to the nearest dollar?

Title: Senior Data Engineer

Description:
Company: Visa
Schedule: Full-time
Required Skills: ['go', 'golang', 'java', 'scala', 'python', 'rust', 'mysql', 'redis', 'kafka', 'spark', 'git', 'jenkins']

Salary is $",147500.00
"What is the annual salary for this role to the nearest dollar?

Title: Senior Data Analyst

Description:
Company: National Technical Information Service
Schedule: Full-time
Required Skills: Not specified

Salary is $",156000.00
"What is the annual salary for this role to the nearest dollar?

Title: Data Analyst (Remote)

Description:
Company: Zscaler
Schedule: Full-time
Required Skills: ['sql', 'hadoop', 'tableau', 'looker', 'excel']

Salary is $",152625.00
"What is the annual salary for this role to the nearest dollar?

Title: Data Scientist

Description:
Company: IBM
Schedule: Full-time and Part-time
Required Skills: ['python', 'aws', 'gcp', 'azure', 'bigquery', 'redshift', 'ibm cloud', 'tensorflow', 'pytorch', 'scikit-learn', 'nltk']

Salary is $",210000.00
"What is the annual salary for this role to the nearest dollar?

Title: Data Analyst

Description:
Company: Binance
Schedule: Full-time
Required Skills: Not specified

Salary is $",93600.00
"What is the annual salary for this role to the nearest dollar?

Title: Data Engineer

Description:
Company: Activision
Schedule: Full-time
Required Skills: Not specified

Salary is $",173190.00
"What is the annual salary for this role to the nearest dollar?

Title: Senior Data Analyst

Description:
Company: JP Morgan Chase & Co.
Schedule: Full-time
Required Skills: ['sql', 'python', 'excel']

Salary is $",115000.00
"What is the annual salary for this role to the nearest dollar?

Title: Data Analyst

Description:
Company: Eurofins
Schedule: Full-time
Required Skills: ['sql', 'power bi', 'excel', 'dax', 'ssis']

Salary is $",48598.00
"What is the annual salary for this role to the nearest dollar?

Title: Data Scientist

Description:
Company: Booz Allen Hamilton
Schedule: Full-time
Required Skills: ['r', 'perl', 'python', 'sas', 'sas', 'java', 'c++', 'c#', 'spss']

Salary is $",115000.00
"What is the annual salary for this role to the nearest dollar?

Title: Senior Data Analyst

Description:
Company: Square
Schedule: Full-time
Required Skills: ['sql', 'python', 'c', 'go', 'snowflake', 'databricks', 'flow']

Salary is $",135500.00
"What is the annual salary for this role to the nearest dollar?

Title: Senior Data Scientist (Remote)

Description:
Company: CyberCoders
Schedule: Full-time
Required Skills: ['python', 'sql', 'r', 'pandas', 'git']

Salary is $",140000.00
"What is the annual salary for this role to the nearest dollar?

Title: Data Engineer

Description:
Company: Hack The Box
Schedule: Full-time
Required Skills: ['python', 'sql', 'snowflake', 'docker', 'kubernetes']

Salary is $",96773.00
"What is the annual salary for this role to the nearest dollar?

Title: Senior Data Scientist (Remote)

Description:
Company: 605
Schedule: Full-time
Required Skills: ['r', 'python', 'spark']

Salary is $",137500.00
"What is the annual salary for this role to the nearest dollar?

Title: Data Analyst

Description:
Company: Centene Corporation
Schedule: Full-time
Required Skills: ['sql', 'python', 'r', 'sas', 'sas']

Salary is $",115800.00
"What is the annual salary for this role to the nearest dollar?

Title: Data Analyst (Remote)

Description:
Company: Get It Recruit - Information Technology
Schedule: Full-time
Required Skills: ['sql', 'python', 'sql server']

Salary is $",117500.00
"What is the annual salary for this role to the nearest dollar?

Title: Data Analyst

Description:
Company: PartnerRe
Schedule: Full-time
Required Skills: ['excel']

Salary is $",80850.00
"What is the annual salary for this role to the nearest dollar?

Title: Data Engineer (Remote)

Description:
Company: Robert Half
Schedule: Full-time
Required Skills: ['sql', 't-sql', 'java', 'c#', 'sas', 'sas', 'sql server', 'hadoop', 'asp.net', 'ssis', 'ssrs', 'sharepoint', 'tableau', 'cognos']

Salary is $",88500.00
"What is the annual salary for this role to the nearest dollar?

Title: Data Scientist

Description:
Company: Harnham
Schedule: Contractor
Required Skills: ['sql', 'r', 'python']

Salary is $",125000.00
"What is the annual salary for this role to the nearest dollar?

Title: Data Analyst

Description:
Company: Ball
Schedule: Full-time
Required Skills: ['go', 'matlab', 'r', 'python']

Salary is $",218500.00
"What is the annual salary for this role to the nearest dollar?

Title: Senior Data Analyst

Description:
Company: Leidos
Schedule: Full-time
Required Skills: ['python', 'r', 'aws', 'git']

Salary is $",123750.00
"What is the annual salary for this role to the nearest dollar?

Title: Data Analyst

Description:
Company: Harry Chapin Food Bank of Southwest Florida
Schedule: Full-time
Required Skills: ['word', 'excel', 'powerpoint', 'outlook']

Salary is $",48750.00
"What is the annual salary for this role to the nearest dollar?

Title: Data Analyst

Description:
Company: SIGNA Sports United
Schedule: Full-time
Required Skills: ['sql', 'aws', 'tableau']

Salary is $",100500.00
"What is the annual salary for this role to the nearest dollar?

Title: Data Scientist

Description:
Company: Guidehouse
Schedule: Full-time
Required Skills: ['sql', 'azure', 'aws', 'power bi', 'tableau', 'qlik', 'docker', 'kubernetes']

Salary is $",90000.00
"What is the annual salary for this role to the nearest dollar?

Title: Data Scientist (Remote)

Description:
Company: Motion Recruitment
Schedule: Full-time
Required Skills: ['python', 'sql', 'aws', 'azure', 'tensorflow', 'pytorch']

Salary is $",105000.00
"What is the annual salary for this role to the nearest dollar?

Title: Data Engineer

Description:
Company: mCubed Staffing
Schedule: Full-time
Required Skills: ['sql', 'sql server', 'aws', 'ssis']

Salary is $",105000.00
"What is the annual salary for this role to the nearest dollar?

Title: Data Scientist

Description:
Company: The Associated Press
Schedule: Full-time
Required Skills: ['python', 'r', 'aws', 'pandas', 'numpy']

Salary is $",112500.00
"What is the annual salary for this role to the nearest dollar?

Title: Senior Data Scientist

Description:
Company: Travelers
Schedule: Full-time
Required Skills: Not specified

Salary is $",204000.00
"What is the annual salary for this role to the nearest dollar?

Title: Senior Data Scientist

Description:
Company: Publicis Groupe
Schedule: Full-time
Required Skills: ['github', 'svn']

Salary is $",72900.00
"What is the annual salary for this role to the nearest dollar?

Title: Data Analyst (Remote)

Description:
Company: Get It Recruit - Information Technology
Schedule: Full-time
Required Skills: ['sql', 'python']

Salary is $",83000.00
"What is the annual salary for this role to the nearest dollar?

Title: Data Scientist

Description:
Company: Robinhood
Schedule: Full-time
Required Skills: ['sql', 'python', 'r', 'looker']

Salary is $",153500.00
"What is the annual salary for this role to the nearest dollar?

Title: Data Scientist

Description:
Company: Booz Allen Hamilton
Schedule: Full-time
Required Skills: ['python', 'tableau', 'qlik', 'power bi', 'splunk', 'github', 'docker']

Salary is $",115000.00
"What is the annual salary for this role to the nearest dollar?

Title: Senior Data Engineer

Description:
Company: Datadog
Schedule: Full-time
Required Skills: ['aws', 'azure', 'gcp', 'spark', 'kubernetes']

Salary is $",213500.00
"What is the annual salary for this role to the nearest dollar?

Title: Data Scientist

Description:
Company: Parsons
Schedule: Full-time
Required Skills: ['python']

Salary is $",112250.00
"What is the annual salary for this role to the nearest dollar?

Title: Data Engineer

Description:
Company: Bayut | dubizzle
Schedule: Full-time
Required Skills: ['sql', 'python', 'redshift', 'aws', 'bigquery', 'snowflake', 'linux', 'terminal']

Salary is $",96760.00
"What is the annual salary for this role to the nearest dollar?

Title: Data Analyst

Description:
Company: RepRisk AG
Schedule: Contractor
Required Skills: ['sql', 'python', 'r', 'power bi']

Salary is $",69900.00
"What is the annual salary for this role to the nearest dollar?

Title: Data Engineer (Remote)

Description:
Company: ECOM
Schedule: Full-time
Required Skills: ['sql']

Salary is $",122500.00
"What is the annual salary for this role to the nearest dollar?

Title: Data Engineer (Remote)

Description:
Company: FinThrive
Schedule: Full-time
Required Skills: ['python', 'r', 'sql', 'azure', 'pyspark', 'excel']

Salary is $",95500.00
"What is the annual salary for this role to the nearest dollar?

Title: Data Scientist

Description:
Company: Cox Communications
Schedule: Full-time
Required Skills: ['sql', 'python', 'aws', 'pandas', 'numpy', 'scikit-learn', 'pyspark', 'tableau']

Salary is $",105800.00
"What is the annual salary for this role to the nearest dollar?

Title: Data Scientist

Description:
Company: Northrop Grumman
Schedule: Full-time
Required Skills: Not specified

Salary is $",99500.00
"What is the annual salary for this role to the nearest dollar?

Title: Machine Learning Engineer

Description:
Company: Kaizen Gaming
Schedule: Full-time
Required Skills: ['python', 'scala', 'sql', 'azure', 'databricks', 'spark', 'pyspark']

Salary is $",166000.00
"What is the annual salary for this role to the nearest dollar?

Title: Data Scientist

Description:
Company: Leidos
Schedule: Full-time
Required Skills: ['power bi', 'tableau', 'excel', 'sharepoint']

Salary is $",88512.00
"What is the annual salary for this role to the nearest dollar?

Title: Senior Data Engineer

Description:
Company: Bosch Group
Schedule: Full-time
Required Skills: Not specified

Salary is $",56700.00
"What is the annual salary for this role to the nearest dollar?

Title: Data Analyst

Description:
Company: EDWARD JONES
Schedule: Full-time
Required Skills: Not specified

Salary is $",148238.00
"What is the annual salary for this role to the nearest dollar?

Title: Data Engineer (Remote)

Description:
Company: Basis Technologies
Schedule: Full-time
Required Skills: ['sql', 'python', 'scala', 'mysql', 'snowflake', 'oracle', 'aws', 'hadoop', 'spark', 'kafka', 'airflow', 'power bi', 'looker', 'kubernetes', 'docker', 'jenkins', 'github']

Salary is $",130500.00
"What is the annual salary for this role to the nearest dollar?

Title: Data Analyst

Description:
Company: Insticator
Schedule: Full-time
Required Skills: ['r', 'python', 'tableau']

Salary is $",115000.00
"What is the annual salary for this role to the nearest dollar?

Title: Software Engineer

Description:
Company: Fivetran
Schedule: Full-time
Required Skills: ['java', 'sql', 'nosql', 'sql server', 'mysql', 'oracle', 'aws', 'gcp', 'kubernetes', 'docker']

Salary is $",33455.00
"What is the annual salary for this role to the nearest dollar?

Title: Data Engineer

Description:
Company: Edutek, Ltd.
Schedule: Full-time
Required Skills: ['sql', 'excel']

Salary is $",50000.00
"What is the annual salary for this role to the nearest dollar?

Title: Data Analyst

Description:
Company: SMG Swiss Marketplace Group
Schedule: Full-time
Required Skills: ['r', 'windows', 'linux', 'looker']

Salary is $",57500.00
"What is the annual salary for this role to the nearest dollar?

Title: Data Analyst

Description:
Company: Coda Search│Staffing
Schedule: Full-time
Required Skills: ['excel']

Salary is $",170000.00
"What is the annual salary for this role to the nearest dollar?

Title: Data Engineer

Description:
Company: Block
Schedule: Full-time
Required Skills: Not specified

Salary is $",140000.00
"What is the annual salary for this role to the nearest dollar?

Title: Data Scientist

Description:
Company: Tesla, Inc
Schedule: Full-time
Required Skills: ['r', 'sql', 'python', 'express', 'excel', 'tableau']

Salary is $",150000.00
"What is the annual salary for this role to the nearest dollar?

Title: Data Scientist

Description:
Company: ZFX
Schedule: Full-time
Required Skills: ['python', 'sql', 'tableau', 'power bi']

Salary is $",192000.00
"What is the annual salary for this role to the nearest dollar?

Title: Data Engineer

Description:
Company: Meta
Schedule: Full-time
Required Skills: ['sql', 'python', 'c++', 'c#', 'scala']

Salary is $",134000.00
"What is the annual salary for this role to the nearest dollar?

Title: Data Scientist

Description:
Company: Pragmatics, Inc.
Schedule: Full-time
Required Skills: ['r', 'python', 'java', 'spark', 'hadoop']

Salary is $",115000.00
"What is the annual salary for this role to the nearest dollar?

Title: Data Analyst

Description:
Company: Airbnb
Schedule: Full-time
Required Skills: ['sql', 'python', 'scala', 'spark', 'airflow', 'tableau']

Salary is $",200000.00
"What is the annual salary for this role to the nearest dollar?

Title: Data Analyst

Description:
Company: COVE Behavioral Health
Schedule: Full-time
Required Skills: ['sql', 'sas', 'sas', 'excel', 'spss', 'power bi']

Salary is $",80000.00
"What is the annual salary for this role to the nearest dollar?

Title: Data Scientist

Description:
Company: EVERSOURCE
Schedule: Full-time
Required Skills: ['python', 'sas', 'sas', 'r', 'sql', 'azure', 'excel']

Salary is $",145500.00
"What is the annual salary for this role to the nearest dollar?

Title: Data Engineer

Description:
Company: Booz Allen Hamilton
Schedule: Full-time
Required Skills: ['sql', 'nosql']

Salary is $",115000.00
"What is the annual salary for this role to the nearest dollar?

Title: Data Scientist

Description:
Company: Lawrence Harvey
Schedule: Full-time
Required Skills: Not specified

Salary is $",162500.00
"What is the annual salary for this role to the nearest dollar?

Title: Data Engineer

Description:
Company: NBCUniversal
Schedule: Full-time
Required Skills: ['snowflake', 'airflow', 'spark', 'sap']

Salary is $",130000.00
"What is the annual salary for this role to the nearest dollar?

Title: Data Engineer

Description:
Company: Applaudo Studios
Schedule: Full-time
Required Skills: ['sql', 'azure', 'powerpoint', 'power bi', 'flow']

Salary is $",147500.00
"What is the annual salary for this role to the nearest dollar?

Title: Senior Data Scientist

Description:
Company: Teads
Schedule: Full-time
Required Skills: ['scala', 'aws', 'spark', 'kafka', 'jupyter']

Salary is $",157500.00
"What is the annual salary for this role to the nearest dollar?

Title: Data Engineer

Description:
Company: SAIC
Schedule: Full-time
Required Skills: ['python', 'sql', 'c++', 'databricks', 'qlik']

Salary is $",125000.00
"What is the annual salary for this role to the nearest dollar?

Title: Data Analyst

Description:
Company: Tesla, Inc
Schedule: Full-time
Required Skills: ['sql', 'python', 'pandas', 'numpy', 'plotly', 'matplotlib', 'tableau', 'excel', 'powerpoint']

Salary is $",115000.00
"What is the annual salary for this role to the nearest dollar?

Title: Software Engineer

Description:
Company: Archer IT
Schedule: Full-time
Required Skills: ['java', 'c++', 'mongodb', 'mongodb', 'nosql', 'kafka', 'hadoop']

Salary is $",265000.00
"What is the annual salary for this role to the nearest dollar?

Title: Data Engineer

Description:
Company: ControlUp
Schedule: Full-time
Required Skills: ['python', 'scala', 'sql', 'aws', 'azure', 'spark', 'kafka', 'airflow']

Salary is $",147500.00
"What is the annual salary for this role to the nearest dollar?

Title: Data Scientist (Remote)

Description:
Company: Eliassen Group
Schedule: Contractor
Required Skills: ['excel']

Salary is $",43000.00
"What is the annual salary for this role to the nearest dollar?

Title: Data Analyst

Description:
Company: AACSB International
Schedule: Full-time
Required Skills: ['sql', 'python', 'looker']

Salary is $",98500.00
"What is the annual salary for this role to the nearest dollar?

Title: Data Analyst

Description:
Company: New York State Department of Health
Schedule: Full-time
Required Skills: ['sas', 'sas', 'python', 'r']

Salary is $",109159.00
"What is the annual salary for this role to the nearest dollar?

Title: Data Scientist

Description:
Company: Apple
Schedule: Full-time
Required Skills: ['sql', 'python', 'scala', 'java', 'hadoop']

Salary is $",125000.00
"What is the annual salary for this role to the nearest dollar?

Title: Data Engineer

Description:
Company: Visa
Schedule: Full-time
Required Skills: ['java', 'nosql', 'sas', 'sas', 'db2', 'mysql', 'hadoop', 'spark', 'selenium', 'jenkins', 'git', 'chef']

Salary is $",147500.00
"What is the annual salary for this role to the nearest dollar?

Title: Senior Data Analyst

Description:
Company: Divvy
Schedule: Full-time
Required Skills: ['sql', 'python', 'go', 'airflow', 'looker', 'tableau']

Salary is $",125000.00
"What is the annual salary for this role to the nearest dollar?

Title: Senior Data Engineer

Description:
Company: Warner Bros. Discovery
Schedule: Full-time
Required Skills: ['python', 'sql', 'nosql', 'mongodb', 'mongodb', 'spark', 'excel']

Salary is $",142200.00
"What is the annual salary for this role to the nearest dollar?

Title: Data Analyst

Description:
Company: iAdvize
Schedule: Full-time
Required Skills: ['sql', 'python', 'bigquery', 'airflow', 'kafka', 'tableau']

Salary is $",111175.00
"What is the annual salary for this role to the nearest dollar?

Title: Software Engineer

Description:
Company: TikTok
Schedule: Full-time
Required Skills: ['c', 'c++', 'java', 'python', 'go', 'hadoop', 'spark', 'kafka']

Salary is $",215352.00
"What is the annual salary for this role to the nearest dollar?

Title: Data Analyst

Description:
Company: WebCE
Schedule: Full-time
Required Skills: ['sql', 'excel', 'power bi', 'smartsheet']

Salary is $",65000.00
"What is the annual salary for this role to the nearest dollar?

Title: Data Scientist

Description:
Company: Notion
Schedule: Full-time
Required Skills: ['sql', 'python', 'r', 'notion']

Salary is $",207500.00
"What is the annual salary for this role to the nearest dollar?

Title: Data Analyst

Description:
Company: Libertex Group
Schedule: Full-time
Required Skills: ['python', 'sql', 'aws', 'databricks', 'pandas', 'numpy', 'matplotlib', 'pyspark', 'excel']

Salary is $",53014.00
"What is the annual salary for this role to the nearest dollar?

Title: Senior Data Analyst (Remote)

Description:
Company: DAVITA
Schedule: Full-time
Required Skills: ['sql', 'python', 'r', 'sas', 'sas', 'go', 'tableau', 'power bi', 'spss', 'excel', 'powerpoint']

Salary is $",69750.00
"What is the annual salary for this role to the nearest dollar?

Title: Data Engineer

Description:
Company: CVS Health
Schedule: Full-time
Required Skills: ['python', 'java', 'r', 'sas', 'sas', 'sql', 'scala', 'azure', 'gcp', 'aws', 'hadoop', 'spark', 'pyspark', 'tableau']

Salary is $",169575.00
"What is the annual salary for this role to the nearest dollar?

Title: Data Analyst

Description:
Company: Envision Healthcare
Schedule: Full-time
Required Skills: ['sql', 'oracle']

Salary is $",55273.00
"What is the annual salary for this role to the nearest dollar?

Title: Senior Data Engineer

Description:
Company: The Hartford
Schedule: Full-time
Required Skills: ['sql', 'r', 'python', 'oracle', 'aws', 'snowflake', 'github']

Salary is $",138200.00
"What is the annual salary for this role to the nearest dollar?

Title: Data Engineer

Description:
Company: CVS Health
Schedule: Full-time
Required Skills: ['python', 'java', 'bash', 'shell', 'nosql', 'cassandra', 'mysql', 'hadoop', 'unix']

Salary is $",90000.00
"What is the annual salary for this role to the nearest dollar?

Title: Data Analyst (Remote)

Description:
Company: Optum
Schedule: Full-time
Required Skills: ['sql', 'c#', 'sql server', 'ssis', 'ssrs', 'github']

Salary is $",100400.00
"What is the annual salary for this role to the nearest dollar?

Title: Data Engineer (Remote)

Description:
Company: zenapse
Schedule: Full-time
Required Skills: ['neo4j', 'kafka']

Salary is $",187500.00
"What is the annual salary for this role to the nearest dollar?

Title: Data Scientist

Description:
Company: Point72
Schedule: Full-time
Required Skills: ['python', 'r', 'sql', 'spark']

Salary is $",137500.00
"What is the annual salary for this role to the nearest dollar?

Title: Data Scientist

Description:
Company: Noblis
Schedule: Full-time
Required Skills: ['python', 'r', 'spark', 'hadoop', 'git']

Salary is $",107665.00
"What is the annual salary for this role to the nearest dollar?

Title: Data Engineer

Description:
Company: Publicis Groupe
Schedule: Full-time
Required Skills: ['sql', 'python', 'java', 'scala', 'nosql', 'elasticsearch', 'cassandra', 'aws', 'spark', 'kafka', 'hadoop', 'airflow', 'docker', 'kubernetes']

Salary is $",131580.00
"What is the annual salary for this role to the nearest dollar?

Title: Data Scientist

Description:
Company: Peraton
Schedule: Full-time
Required Skills: ['python', 'c']

Salary is $",115000.00
"What is the annual salary for this role to the nearest dollar?

Title: Data Engineer

Description:
Company: ICF
Schedule: Full-time
Required Skills: ['java', 'kotlin', 'redis', 'azure', 'databricks', 'spark', 'airflow']

Salary is $",111608.00
"What is the annual salary for this role to the nearest dollar?

Title: Senior Data Analyst

Description:
Company: Jobot
Schedule: Full-time
Required Skills: ['sql', 'power bi', 'tableau']

Salary is $",110000.00
"What is the annual salary for this role to the nearest dollar?

Title: Data Analyst

Description:
Company: Leidos
Schedule: Full-time
Required Skills: ['sql', 'python']

Salary is $",50325.00
"What is the annual salary for this role to the nearest dollar?

Title: Data Analyst

Description:
Company: Local Boy Outfitters
Schedule: Full-time
Required Skills: ['excel']

Salary is $",42500.00
"What is the annual salary for this role to the nearest dollar?

Title: Senior Data Scientist

Description:
Company: Twilio
Schedule: Full-time
Required Skills: ['sql', 'python', 'r', 'aws', 'airflow', 'looker', 'tableau', 'twilio']

Salary is $",150000.00
"What is the annual salary for this role to the nearest dollar?

Title: Data Scientist

Description:
Company: CS GROUP
Schedule: Full-time
Required Skills: ['java', 'python', 'r', 'spark']

Salary is $",63322.00
"What is the annual salary for this role to the nearest dollar?

Title: Senior Data Engineer

Description:
Company: Jobot
Schedule: Full-time
Required Skills: ['shell', 'python', 'sql', 'cassandra', 'aws', 'redshift', 'hadoop', 'spark', 'flow']

Salary is $",175000.00
"What is the annual salary for this role to the nearest dollar?

Title: Data Analyst

Description:
Company: Insight Global
Schedule: Full-time
Required Skills: Not specified

Salary is $",100000.00
"What is the annual salary for this role to the nearest dollar?

Title: Data Engineer

Description:
Company: Info Way Solutions LLC
Schedule: Full-time
Required Skills: ['gcp', 'azure', 'spark']

Salary is $",80000.00
"What is the annual salary for this role to the nearest dollar?

Title: Data Scientist

Description:
Company: Bosch Group
Schedule: Full-time
Required Skills: ['python', 'sql', 'mysql', 'sql server', 'azure', 'sap']

Salary is $",99150.00
"What is the annual salary for this role to the nearest dollar?

Title: Senior Data Scientist

Description:
Company: FedEx Ground
Schedule: Full-time
Required Skills: ['sql', 'r', 'python', 'ruby', 'ruby', 'oracle', 'tableau']

Salary is $",129688.00
"What is the annual salary for this role to the nearest dollar?

Title: Data Engineer

Description:
Company: Insight Global
Schedule: Full-time
Required Skills: ['sql', 'python', 'sql server', 'databricks', 'azure', 'hadoop', 'spark', 'pyspark']

Salary is $",113836.00
"What is the annual salary for this role to the nearest dollar?

Title: Data Analyst

Description:
Company: Mid Atlantic Professionals Inc.
Schedule: Full-time
Required Skills: ['sql', 'python', 'tableau', 'sharepoint', 'excel', 'power bi', 'visio', 'flow']

Salary is $",95000.00
"What is the annual salary for this role to the nearest dollar?

Title: Senior Data Engineer (Remote)

Description:
Company: Kaygen, Inc.
Schedule: Full-time
Required Skills: ['mongodb', 'mongodb', 'python', 'perl', 'sql', 'dynamodb', 'sql server', 'postgresql', 'mysql', 'aws', 'redshift', 'databricks', 'oracle', 'spark', 'kafka', 'pyspark', 'airflow', 'unix', 'git', 'bitbucket', 'jenkins']

Salary is $",105000.00
"What is the annual salary for this role to the nearest dollar?

Title: Data Scientist

Description:
Company: US Department of the Air Force
Schedule: Full-time
Required Skills: Not specified

Salary is $",99358.00
"What is the annual salary for this role to the nearest dollar?

Title: Data Analyst

Description:
Company: Publicis Groupe
Schedule: Full-time
Required Skills: ['sql', 'python', 'spark', 'pandas', 'tableau', 'excel', 'powerpoint']

Salary is $",111175.00
"What is the annual salary for this role to the nearest dollar?

Title: Senior Data Scientist

Description:
Company: Xcel Energy
Schedule: Full-time
Required Skills: ['sql', 'python', 'express']

Salary is $",129833.00
"What is the annual salary for this role to the nearest dollar?

Title: Data Analyst

Description:
Company: Bosch Group
Schedule: Full-time
Required Skills: ['spark', 'sap']

Salary is $",105000.00
"What is the annual salary for this role to the nearest dollar?

Title: Data Engineer

Description:
Company: Allegro
Schedule: Full-time
Required Skills: ['python', 'sql', 'java', 'azure', 'snowflake', 'bigquery', 'spark']

Salary is $",98283.00
"What is the annual salary for this role to the nearest dollar?

Title: Data Engineer

Description:
Company: Kumo
Schedule: Full-time
Required Skills: ['python', 'scala', 'sql', 'aws', 'databricks', 'airflow', 'spark', 'kubernetes']

Salary is $",147500.00
"What is the annual salary for this role to the nearest dollar?

Title: Data Analyst

Description:
Company: Trinity Healthcare Resources
Schedule: Full-time
Required Skills: ['sql', 'r', 'python', 'shell', 'postgresql', 'git']

Salary is $",100000.00
"What is the annual salary for this role to the nearest dollar?

Title: Data Engineer (Remote)

Description:
Company: Tandem Diabetes Care Inc.
Schedule: Full-time
Required Skills: ['python', 'sql', 'databricks', 'spark']

Salary is $",127500.00
"What is the annual salary for this role to the nearest dollar?

Title: Data Analyst

Description:
Company: Stripe
Schedule: Full-time
Required Skills: ['sql', 'python', 'hadoop', 'spark']

Salary is $",111175.00
"What is the annual salary for this role to the nearest dollar?

Title: Senior Data Engineer

Description:
Company: iAdvize
Schedule: Full-time
Required Skills: ['python', 'aws', 'gcp', 'azure', 'airflow', 'kafka', 'docker']

Salary is $",147500.00
"What is the annual salary for this role to the nearest dollar?

Title: Data Scientist

Description:
Company: MANGOPAY
Schedule: Full-time
Required Skills: ['sql', 'snowflake', 'databricks', 'looker']

Salary is $",89100.00
"What is the annual salary for this role to the nearest dollar?

Title: Data Analyst

Description:
Company: Sana Commerce
Schedule: Full-time
Required Skills: ['sql', 'python', 'aws', 'power bi', 'tableau', 'excel', 'powerpoint']

Salary is $",72000.00
"What is the annual salary for this role to the nearest dollar?

Title: Data Scientist

Description:
Company: Syngenta Group
Schedule: Full-time
Required Skills: Not specified

Salary is $",93600.00
"What is the annual salary for this role to the nearest dollar?

Title: Data Analyst

Description:
Company: Paytm
Schedule: Full-time
Required Skills: Not specified

Salary is $",79200.00
"What is the annual salary for this role to the nearest dollar?

Title: Data Analyst

Description:
Company: NCIRE
Schedule: Full-time
Required Skills: ['r']

Salary is $",90613.00
"What is the annual salary for this role to the nearest dollar?

Title: Data Scientist (Remote)

Description:
Company: Centific
Schedule: Full-time
Required Skills: ['c#', 'python', 'sql', 'jupyter']

Salary is $",100000.00
"What is the annual salary for this role to the nearest dollar?

Title: Data Engineer

Description:
Company: MATRIX Resources
Schedule: Full-time
Required Skills: ['sql']

Salary is $",107500.00
"What is the annual salary for this role to the nearest dollar?

Title: Machine Learning Engineer

Description:
Company: Quantium
Schedule: Full-time
Required Skills: ['keras', 'pytorch', 'linux']

Salary is $",79200.00
"What is the annual salary for this role to the nearest dollar?

Title: Senior Data Scientist (Remote)

Description:
Company: AlixPartners
Schedule: Full-time
Required Skills: ['python', 'r', 'sql', 'no-sql', 'html', 'javascript', 'c#', 'redshift', 'oracle', 'azure', 'aws', 'gcp', 'pyspark', 'hadoop', 'excel', 'tableau', 'power bi', 'alteryx', 'ssis', 'flow']

Salary is $",160000.00
"What is the annual salary for this role to the nearest dollar?

Title: Data Scientist

Description:
Company: TikTok
Schedule: Full-time
Required Skills: ['sql', 'python', 'r']

Salary is $",224500.00
"What is the annual salary for this role to the nearest dollar?

Title: Data Engineer

Description:
Company: Get It Recruit - Educational Services
Schedule: Full-time
Required Skills: ['python', 'java', 'r', 'spark', 'tensorflow', 'scikit-learn', 'phoenix', 'excel', 'power bi']

Salary is $",100000.00
"What is the annual salary for this role to the nearest dollar?

Title: Data Analyst

Description:
Company: American Express
Schedule: Full-time
Required Skills: ['express', 'excel', 'tableau']

Salary is $",117500.00
"What is the annual salary for this role to the nearest dollar?

Title: Data Analyst

Description:
Company: Goodwill TalentBridge
Schedule: Full-time
Required Skills: ['crystal', 'sql', 'html', 'sql server', 'sap', 'excel', 'power bi']

Salary is $",69500.00
"What is the annual salary for this role to the nearest dollar?

Title: Data Scientist

Description:
Company: Inc.
Schedule: Full-time
Required Skills: ['go', 'python', 'java', 'scala', 'rust', 'sql', 'pytorch', 'tensorflow', 'opencv']

Salary is $",97800.00
"What is the annual salary for this role to the nearest dollar?

Title: Senior Data Analyst (Remote)

Description:
Company: Angi
Schedule: Full-time
Required Skills: ['sql']

Salary is $",110000.00
"What is the annual salary for this role to the nearest dollar?

Title: Senior Data Scientist

Description:
Company: Dynatrace
Schedule: Full-time
Required Skills: ['sql', 'java', 'snowflake', 'aws', 'azure']

Salary is $",89100.00
"What is the annual salary for this role to the nearest dollar?

Title: Data Engineer

Description:
Company: TikTok
Schedule: Full-time
Required Skills: ['sql', 'python', 'java', 'c++']

Salary is $",162355.00
"What is the annual salary for this role to the nearest dollar?

Title: Data Analyst

Description:
Company: TikTok
Schedule: Full-time
Required Skills: ['python', 'go', 'javascript', 'gdpr']

Salary is $",90000.00
"What is the annual salary for this role to the nearest dollar?

Title: Senior Data Analyst

Description:
Company: Cox Business Services, LLC
Schedule: Full-time
Required Skills: ['sql', 'snowflake', 'aws', 'oracle', 'hadoop', 'microstrategy', 'excel']

Salary is $",90000.00
"What is the annual salary for this role to the nearest dollar?

Title: Data Analyst

Description:
Company: Zoom
Schedule: Full-time
Required Skills: ['sql', 'mysql', 'tableau', 'zoom']

Salary is $",125000.00
"What is the annual salary for this role to the nearest dollar?

Title: Data Scientist

Description:
Company: Chief
Schedule: Full-time
Required Skills: ['python', 'sql', 'aws', 'redshift']

Salary is $",175000.00
"What is the annual salary for this role to the nearest dollar?

Title: Data Analyst

Description:
Company: Lhoist North America
Schedule: Full-time
Required Skills: Not specified

Salary is $",90000.00
"What is the annual salary for this role to the nearest dollar?

Title: Data Scientist

Description:
Company: Linquest Corporation
Schedule: Full-time
Required Skills: ['r', 'python', 'vba', 'excel', 'tableau']

Salary is $",375000.00
"What is the annual salary for this role to the nearest dollar?

Title: Senior Data Engineer

Description:
Company: Jobot
Schedule: Full-time
Required Skills: ['sql', 'nosql', 'python', 'azure', 'databricks', 'snowflake', 'redshift', 'ssis', 'git', 'jira']

Salary is $",125000.00
"What is the annual salary for this role to the nearest dollar?

Title: Data Scientist

Description:
Company: Meta
Schedule: Full-time
Required Skills: ['sql', 'python', 'r']

Salary is $",164000.00
"What is the annual salary for this role to the nearest dollar?

Title: Data Engineer

Description:
Company: Amazon
Schedule: Full-time
Required Skills: ['sql', 'python', 'java', 'scala', 'aws', 'redshift', 'spark', 'hadoop']

Salary is $",156000.00
"What is the annual salary for this role to the nearest dollar?

Title: Data Scientist

Description:
Company: Farm Credit Administration
Schedule: Full-time
Required Skills: Not specified

Salary is $",120390.00
"What is the annual salary for this role to the nearest dollar?

Title: Senior Data Engineer

Description:
Company: American Express
Schedule: Full-time
Required Skills: ['java', 'scala', 'nosql', 'couchbase', 'cassandra', 'redis', 'spark', 'kafka', 'express', 'phoenix', 'linux', 'kubernetes', 'docker']

Salary is $",150000.00
"What is the annual salary for this role to the nearest dollar?

Title: Data Scientist

Description:
Company: Pinterest
Schedule: Full-time
Required Skills: Not specified

Salary is $",218500.00
"What is the annual salary for this role to the nearest dollar?

Title: Senior Data Analyst

Description:
Company: Altice USA
Schedule: Full-time
Required Skills: ['sql', 'python', 'r', 'bigquery', 'plotly', 'matplotlib', 'seaborn', 'tableau', 'excel']

Salary is $",118169.00
"What is the annual salary for this role to the nearest dollar?

Title: Data Engineer

Description:
Company: Jobot
Schedule: Full-time
Required Skills: ['sql', 'mysql', 'aws', 'azure', 'hadoop', 'spark', 'ssis']

Salary is $",142500.00
"What is the annual salary for this role to the nearest dollar?

Title: Software Engineer

Description:
Company: Yext
Schedule: Full-time
Required Skills: ['sql', 'go']

Salary is $",79200.00
"What is the annual salary for this role to the nearest dollar?

Title: Senior Data Engineer

Description:
Company: TheoremOne
Schedule: Full-time
Required Skills: ['sql', 'golang', 'snowflake', 'redshift', 'bigquery', 'aws', 'spark', 'hadoop', 'airflow', 'kafka']

Salary is $",185000.00
"What is the annual salary for this role to the nearest dollar?

Title: Data Scientist

Description:
Company: ISSAC Corp
Schedule: Full-time
Required Skills: ['sql', 'python', 'r', 'sas', 'sas', 'perl', 'java', 'sql server']

Salary is $",102500.00
"What is the annual salary for this role to the nearest dollar?

Title: Data Scientist

Description:
Company: Northrop Grumman
Schedule: Full-time
Required Skills: ['r']

Salary is $",124250.00
"What is the annual salary for this role to the nearest dollar?

Title: Data Analyst

Description:
Company: Notion
Schedule: Full-time
Required Skills: ['sql', 'python', 'r', 'excel', 'tableau', 'looker', 'notion']

Salary is $",150000.00
"What is the annual salary for this role to the nearest dollar?

Title: Data Scientist (Remote)

Description:
Company: Teladoc Health
Schedule: Full-time
Required Skills: ['r', 'sql', 'python']

Salary is $",137500.00
"What is the annual salary for this role to the nearest dollar?

Title: Data Analyst

Description:
Company: Kratos Defense and Security Solutions
Schedule: Full-time
Required Skills: ['sql']

Salary is $",100000.00
"What is the annual salary for this role to the nearest dollar?

Title: Data Analyst

Description:
Company: Booz Allen Hamilton
Schedule: Full-time
Required Skills: ['shell', 'sql', 'linux']

Salary is $",127500.00
"What is the annual salary for this role to the nearest dollar?

Title: Data Engineer

Description:
Company: Regions Bank
Schedule: Full-time
Required Skills: ['tableau', 'looker', 'power bi']

Salary is $",82316.00
"What is the annual salary for this role to the nearest dollar?

Title: Data Engineer (Remote)

Description:
Company: Get It Recruit - Information Technology
Schedule: Full-time and Contractor
Required Skills: ['python', 'sql', 'sql server', 'aws']

Salary is $",125500.00
"What is the annual salary for this role to the nearest dollar?

Title: Data Scientist (Remote)

Description:
Company: Digital Science
Schedule: Full-time
Required Skills: ['python', 'postgresql', 'bigquery', 'aws', 'plotly', 'pandas', 'pytorch', 'nltk', 'matplotlib', 'linux', 'docker']

Salary is $",130000.00
"What is the annual salary for this role to the nearest dollar?

Title: Business Analyst (Remote)

Description:
Company: Gladly
Schedule: Full-time
Required Skills: ['excel']

Salary is $",170500.00
"What is the annual salary for this role to the nearest dollar?

Title: Data Scientist

Description:
Company: Scytec Consulting Inc.
Schedule: Full-time
Required Skills: ['sql', 'nosql', 'mongodb', 'mongodb', 'c#', 'sql server', 'azure', 'aws', 'git']

Salary is $",110000.00
"What is the annual salary for this role to the nearest dollar?

Title: Data Scientist

Description:
Company: U.S. Army Training and Doctrine Command
Schedule: Full-time and Part-time
Required Skills: ['bash', 'python', 'r', 'sql', 'julia', 'postgresql', 'oracle', 'excel', 'qlik', 'power bi', 'tableau']

Salary is $",114670.00
"What is the annual salary for this role to the nearest dollar?

Title: Data Engineer (Remote)

Description:
Company: Mineral.ai
Schedule: Full-time
Required Skills: ['python', 'sql', 'databricks', 'spark']

Salary is $",149000.00
"What is the annual salary for this role to the nearest dollar?

Title: Data Engineer

Description:
Company: Northrop Grumman
Schedule: Full-time
Required Skills: ['sql', 'python', 'r', 'java', 'sql server', 'azure', 'aws', 'alteryx', 'ssis', 'tableau']

Salary is $",115000.00
"What is the annual salary for this role to the nearest dollar?

Title: Data Engineer

Description:
Company: UnitedHealth Group
Schedule: Full-time
Required Skills: ['sql']

Salary is $",90000.00
"What is the annual salary for this role to the nearest dollar?

Title: Machine Learning Engineer

Description:
Company: Sinch
Schedule: Full-time
Required Skills: ['javascript', 'html', 'css', 'word', 'excel', 'powerpoint']

Salary is $",50400.00
"What is the annual salary for this role to the nearest dollar?

Title: Data Scientist

Description:
Company: Airtable
Schedule: Full-time
Required Skills: ['sql', 'r', 'python', 'airtable']

Salary is $",233500.00
"What is the annual salary for this role to the nearest dollar?

Title: Data Analyst

Description:
Company: E.L. Haynes Public Charter School
Schedule: Full-time
Required Skills: ['sql', 'python', 'power bi', 'excel']

Salary is $",66662.00
"What is the annual salary for this role to the nearest dollar?

Title: Senior Data Scientist

Description:
Company: Xcellent Technology Solutions
Schedule: Full-time
Required Skills: ['sql', 'visual basic', 'r', 'python', 'sas', 'sas', 'matlab', 'postgresql', 'oracle', 'spss', 'tableau']

Salary is $",125000.00
"What is the annual salary for this role to the nearest dollar?

Title: Data Scientist (Remote)

Description:
Company: GR4
Schedule: Full-time
Required Skills: ['python', 'nltk', 'excel']

Salary is $",185000.00
"What is the annual salary for this role to the nearest dollar?

Title: Data Engineer (Remote)

Description:
Company: Apex Systems
Schedule: Full-time
Required Skills: ['sql', 'python']

Salary is $",102500.00
"What is the annual salary for this role to the nearest dollar?

Title: Data Scientist

Description:
Company: Parafin Inc
Schedule: Full-time
Required Skills: ['python', 'r', 'sql']

Salary is $",150000.00
"What is the annual salary for this role to the nearest dollar?

Title: Data Analyst

Description:
Company: United Energy Solar
Schedule: Full-time
Required Skills: ['sheets', 'excel']

Salary is $",35000.00
"What is the annual salary for this role to the nearest dollar?

Title: Data Engineer

Description:
Company: Sia Partners
Schedule: Full-time
Required Skills: ['sql', 'python', 'aws', 'azure', 'snowflake', 'redshift', 'bigquery', 'airflow', 'flow']

Salary is $",108000.00
"What is the annual salary for this role to the nearest dollar?

Title: Data Analyst

Description:
Company: Santander Holdings USA Inc
Schedule: Full-time
Required Skills: ['javascript', 'typescript', 'php', 'css', 'react', 'graphql', 'angular', 'vue', 'node', 'jquery', 'splunk', 'atlassian', 'github', 'workfront']

Salary is $",65000.00
"What is the annual salary for this role to the nearest dollar?

Title: Data Engineer

Description:
Company: ARHS
Schedule: Full-time
Required Skills: ['sql', 'azure', 'databricks']

Salary is $",147500.00
"What is the annual salary for this role to the nearest dollar?

Title: Data Scientist

Description:
Company: Coupang
Schedule: Full-time
Required Skills: ['python', 'sql', 'r', 'aws', 'redshift', 'hadoop', 'spark', 'tableau']

Salary is $",157500.00
"What is the annual salary for this role to the nearest dollar?

Title: Senior Data Engineer

Description:
Company: Harnham
Schedule: Full-time
Required Skills: ['sql', 'python', 'scala', 'java', 'nosql', 'aws', 'pyspark', 'kafka', 'airflow']

Salary is $",160000.00
"What is the annual salary for this role to the nearest dollar?

Title: Data Scientist

Description:
Company: Local Logic
Schedule: Full-time
Required Skills: ['python', 'r']

Salary is $",90000.00
"What is the annual salary for this role to the nearest dollar?

Title: Data Scientist

Description:
Company: National Geospatial-Intelligence Agency
Schedule: Full-time
Required Skills: ['python', 'sql', 'r', 'c', 'flow']

Salary is $",160957.00
"What is the annual salary for this role to the nearest dollar?

Title: Data Scientist (Remote)

Description:
Company: United Services Automobile Association
Schedule: Full-time
Required Skills: ['python', 'sql', 'sas', 'sas', 'phoenix']

Salary is $",167755.00
"What is the annual salary for this role to the nearest dollar?

Title: Data Engineer

Description:
Company: Insight Global
Schedule: Full-time
Required Skills: ['python', 'sql', 'azure', 'aws', 'databricks', 'pyspark']

Salary is $",85000.00
"What is the annual salary for this role to the nearest dollar?

Title: Senior Data Analyst

Description:
Company: Riverside Technology, inc.
Schedule: Full-time
Required Skills: ['python', 'keras', 'tensorflow', 'pytorch', 'linux']

Salary is $",98500.00
"What is the annual salary for this role to the nearest dollar?

Title: Senior Data Engineer

Description:
Company: CyberCoders
Schedule: Full-time
Required Skills: ['sql', 'python', 'aws', 'word']

Salary is $",120000.00
"What is the annual salary for this role to the nearest dollar?

Title: Data Analyst (Remote)

Description:
Company: IDR, Inc.
Schedule: Full-time
Required Skills: ['python', 'sql', 'r']

Salary is $",95000.00
"What is the annual salary for this role to the nearest dollar?

Title: Business Analyst

Description:
Company: Amazon.com
Schedule: Full-time
Required Skills: ['sql', 'r', 'sas', 'sas', 'oracle', 'spss']

Salary is $",99150.00
"What is the annual salary for this role to the nearest dollar?

Title: Machine Learning Engineer

Description:
Company: Amplitude
Schedule: Full-time
Required Skills: ['go', 'python', 'typescript', 'atlassian']

Salary is $",89100.00
"What is the annual salary for this role to the nearest dollar?

Title: Data Analyst

Description:
Company: Robert Half
Schedule: Full-time
Required Skills: Not specified

Salary is $",155000.00
"What is the annual salary for this role to the nearest dollar?

Title: Senior Data Scientist (Remote)

Description:
Company: Get It Recruit - Information Technology
Schedule: Full-time
Required Skills: ['python', 'java', 'scala', 'sql', 'bigquery', 'airflow', 'spark', 'tensorflow', 'pytorch', 'scikit-learn']

Salary is $",165000.00
"What is the annual salary for this role to the nearest dollar?

Title: Senior Data Analyst

Description:
Company: RPL International
Schedule: Full-time
Required Skills: ['sql', 'tableau', 'excel']

Salary is $",90000.00
"What is the annual salary for this role to the nearest dollar?

Title: Software Engineer

Description:
Company: Bosch Group
Schedule: Full-time
Required Skills: ['pytorch']

Salary is $",89100.00
"What is the annual salary for this role to the nearest dollar?

Title: Data Analyst

Description:
Company: Ensurem LLC
Schedule: Full-time
Required Skills: ['excel']

Salary is $",57550.00
"What is the annual salary for this role to the nearest dollar?

Title: Data Analyst

Description:
Company: West Point Association of Graduates
Schedule: Full-time
Required Skills: ['sql', 'javascript', 'php', 'r', 'visual basic', 'c#', 'sql server', 'tableau', 'ssrs', 'ssis']

Salary is $",82500.00
"What is the annual salary for this role to the nearest dollar?

Title: Data Analyst

Description:
Company: Srijan Technologies
Schedule: Full-time
Required Skills: ['python', 'nosql', 'sql', 'scala', 'shell', 'databricks', 'snowflake', 'aws', 'oracle', 'spark', 'kafka', 'pyspark', 'pandas', 'airflow', 'linux', 'unix', 'power bi', 'flow', 'jenkins', 'gitlab']

Salary is $",165000.00
"What is the annual salary for this role to the nearest dollar?

Title: Data Engineer (Remote)

Description:
Company: ECOM
Schedule: Full-time
Required Skills: ['sas', 'sas', 'power bi']

Salary is $",119500.00
"What is the annual salary for this role to the nearest dollar?

Title: Business Analyst

Description:
Company: City National Bank
Schedule: Full-time
Required Skills: ['sas', 'sas', 'sql', 'word', 'excel', 'powerpoint']

Salary is $",124497.00
"What is the annual salary for this role to the nearest dollar?

Title: Data Analyst

Description:
Company: Irvine Technology Corporation
Schedule: Full-time
Required Skills: ['excel', 'powerpoint', 'word', 'smartsheet']

Salary is $",56000.00
"What is the annual salary for this role to the nearest dollar?

Title: Business Analyst

Description:
Company: Aquent
Schedule: Full-time
Required Skills: ['sql', 'sas', 'sas', 'tableau', 'excel']

Salary is $",85000.00
"What is the annual salary for this role to the nearest dollar?

Title: Business Analyst

Description:
Company: CFS - Technology
Schedule: Full-time
Required Skills: ['sql', 'sql server', 'ssrs', 'power bi', 'excel']

Salary is $",75000.00
"What is the annual salary for this role to the nearest dollar?

Title: Data Analyst

Description:
Company: Mane USA
Schedule: Full-time
Required Skills: ['powerpoint', 'sap', 'excel']

Salary is $",60000.00
"What is the annual salary for this role to the nearest dollar?

Title: Data Analyst

Description:
Company: Verisk Analytics
Schedule: Full-time
Required Skills: ['sql', 'python', 'vba', 'sas', 'sas', 'r']

Salary is $",90000.00
"What is the annual salary for this role to the nearest dollar?

Title: Data Analyst

Description:
Company: Insight Global
Schedule: Full-time
Required Skills: ['sql', 'python', 'java', 'excel']

Salary is $",97500.00
"What is the annual salary for this role to the nearest dollar?

Title: Software Engineer

Description:
Company: Bosch Group
Schedule: Full-time
Required Skills: ['spark', 'sap']

Salary is $",89100.00
"What is the annual salary for this role to the nearest dollar?

Title: Data Engineer

Description:
Company: GoTo Group
Schedule: Full-time
Required Skills: ['nosql', 'python', 'java', 'c++', 'scala', 'sql', 'postgresql', 'mysql', 'cassandra', 'gcp', 'spark', 'hadoop', 'kafka', 'airflow', 'unix']

Salary is $",134241.00
"What is the annual salary for this role to the nearest dollar?

Title: Senior Data Scientist

Description:
Company: Carousel Consultancy Ltd
Schedule: Full-time
Required Skills: ['python', 'r', 'pytorch']

Salary is $",97000.00
"What is the annual salary for this role to the nearest dollar?

Title: Senior Data Scientist

Description:
Company: MediaAlpha
Schedule: Full-time
Required Skills: ['sql', 'python', 'r', 'airflow', 'excel']

Salary is $",137500.00
"What is the annual salary for this role to the nearest dollar?

Title: Data Scientist (Remote)

Description:
Company: Get It Recruit - Healthcare
Schedule: Full-time
Required Skills: ['python', 'r', 'scala', 'tensorflow', 'pytorch']

Salary is $",149292.00
"What is the annual salary for this role to the nearest dollar?

Title: Data Scientist (Remote)

Description:
Company: Intelletec Energy
Schedule: Full-time
Required Skills: ['python', 'sql', 'matplotlib', 'tableau']

Salary is $",150000.00
"What is the annual salary for this role to the nearest dollar?

Title: Software Engineer

Description:
Company: SynergisticIT
Schedule: Full-time
Required Skills: Not specified

Salary is $",85000.00
"What is the annual salary for this role to the nearest dollar?

Title: Data Scientist

Description:
Company: USAA
Schedule: Full-time
Required Skills: ['python', 'sql', 'java', 'snowflake', 'spark', 'phoenix']

Salary is $",115000.00
"What is the annual salary for this role to the nearest dollar?

Title: Data Scientist

Description:
Company: Experian
Schedule: Full-time
Required Skills: ['python', 'c#', 'java', 'sql', 'db2', 'mysql', 'aws', 'tableau', 'alteryx', 'word', 'excel']

Salary is $",99150.00
"What is the annual salary for this role to the nearest dollar?

Title: Data Engineer

Description:
Company: Ascendion
Schedule: Full-time
Required Skills: ['sql', 'bash', 'c', 'c#', 'java', 'aws', 'tableau', 'git', 'gitlab', 'terraform']

Salary is $",115000.00
"What is the annual salary for this role to the nearest dollar?

Title: Data Scientist

Description:
Company: Motion Recruitment
Schedule: Full-time
Required Skills: ['python', 'r', 'sql', 'postgresql', 'aws']

Salary is $",132500.00
"What is the annual salary for this role to the nearest dollar?

Title: Data Scientist

Description:
Company: Analog Devices, Inc
Schedule: Full-time
Required Skills: ['python', 'c++', 'sql', 'go', 'numpy', 'pandas', 'scikit-learn', 'pytorch', 'tensorflow', 'linux']

Salary is $",375000.00
"What is the annual salary for this role to the nearest dollar?

Title: Data Scientist (Remote)

Description:
Company: Get It Recruit - Transportation
Schedule: Full-time
Required Skills: ['python', 'sql', 'scikit-learn', 'tensorflow', 'pytorch', 'pandas']

Salary is $",124000.00
"What is the annual salary for this role to the nearest dollar?

Title: Cloud Engineer

Description:
Company: Averna
Schedule: Full-time
Required Skills: ['assembly', 'python', 'opencv']

Salary is $",79200.00
"What is the annual salary for this role to the nearest dollar?

Title: Data Engineer

Description:
Company: Vattenfall
Schedule: Full-time
Required Skills: ['sql', 'python', 'azure']

Salary is $",98302.00
"What is the annual salary for this role to the nearest dollar?

Title: Data Engineer

Description:
Company: Motion Recruitment
Schedule: Full-time
Required Skills: ['python', 'golang', 'aws']

Salary is $",145000.00
"What is the annual salary for this role to the nearest dollar?

Title: Data Scientist

Description:
Company: Noblis, INC
Schedule: Full-time
Required Skills: ['python', 'r', 'sql', 'postgresql', 'spark', 'hadoop', 'git']

Salary is $",61650.00
"What is the annual salary for this role to the nearest dollar?

Title: Data Engineer

Description:
Company: Swivel Group
Schedule: Full-time
Required Skills: ['java', 'python', 'sql', 'azure', 'databricks', 'pyspark', 'spark']

Salary is $",96773.00
"What is the annual salary for this role to the nearest dollar?

Title: Data Analyst

Description:
Company: CIMMYT
Schedule: Contractor
Required Skills: ['sheets']

Salary is $",80850.00
"What is the annual salary for this role to the nearest dollar?

Title: Data Analyst

Description:
Company: MassMutual
Schedule: Full-time
Required Skills: ['sap', 'microstrategy']

Salary is $",75000.00
"What is the annual salary for this role to the nearest dollar?

Title: Data Analyst

Description:
Company: Wix
Schedule: Full-time
Required Skills: ['sql', 'python', 'tableau', 'power bi']

Salary is $",111175.00
"What is the annual salary for this role to the nearest dollar?

Title: Data Analyst

Description:
Company: ENGINEERING SERVICES NETWORK, Inc.
Schedule: Full-time
Required Skills: ['excel']

Salary is $",70250.00
"What is the annual salary for this role to the nearest dollar?

Title: Data Scientist

Description:
Company: UCLA Health
Schedule: Full-time
Required Skills: ['sql', 'sql server', 'oracle', 'databricks', 'azure', 'tableau', 'power bi', 'excel', 'sap']

Salary is $",153450.00
"What is the annual salary for this role to the nearest dollar?

Title: Data Scientist

Description:
Company: Bayer
Schedule: Full-time
Required Skills: ['assembly', 'r', 'python']

Salary is $",140000.00
"What is the annual salary for this role to the nearest dollar?

Title: Senior Data Engineer

Description:
Company: Harnham
Schedule: Full-time
Required Skills: ['python', 'sql', 'aws', 'gcp', 'azure', 'airflow']

Salary is $",185000.00
"What is the annual salary for this role to the nearest dollar?

Title: Data Engineer (Remote)

Description:
Company: Nightingale Caring Solutions
Schedule: Full-time
Required Skills: ['python', 'sql', 'aws', 'react', 'flask', 'laravel']

Salary is $",91000.00
"What is the annual salary for this role to the nearest dollar?

Title: Data Scientist

Description:
Company: Okcoin
Schedule: Full-time
Required Skills: ['sql', 'python']

Salary is $",189500.00
"What is the annual salary for this role to the nearest dollar?

Title: Data Engineer (Remote)

Description:
Company: Johns Hopkins University
Schedule: Full-time
Required Skills: ['python', 'r', 'snowflake', 'hadoop', 'sap', 'splunk', 'tableau', 'git']

Salary is $",115150.00
"What is the annual salary for this role to the nearest dollar?

Title: Data Analyst

Description:
Company: ULINE
Schedule: Full-time
Required Skills: Not specified

Salary is $",105000.00
"What is the annual salary for this role to the nearest dollar?

Title: Data Analyst

Description:
Company: DEPT®
Schedule: Full-time
Required Skills: ['html', 'css', 'javascript']

Salary is $",74368.00
